[0m17:11:25.483796 [debug] [MainThread]: Sending event: {'category': 'dbt', 'action': 'invocation', 'label': 'start', 'context': [<snowplow_tracker.self_describing_json.SelfDescribingJson object at 0x7343b6ea9ad0>, <snowplow_tracker.self_describing_json.SelfDescribingJson object at 0x7343b6d64690>, <snowplow_tracker.self_describing_json.SelfDescribingJson object at 0x7343b6bab5d0>]}


============================== 17:11:25.488127 | a9a8e1f0-01e5-4142-890a-05afc8319966 ==============================
[0m17:11:25.488127 [info ] [MainThread]: Running with dbt=1.7.4
[0m17:11:25.488597 [debug] [MainThread]: running dbt with arguments {'printer_width': '80', 'indirect_selection': 'eager', 'write_json': 'True', 'log_cache_events': 'False', 'partial_parse': 'True', 'cache_selected_only': 'False', 'profiles_dir': '/opt/airflow/dbt', 'debug': 'False', 'fail_fast': 'False', 'log_path': '/opt/airflow/dbt/northwind_dw/logs', 'warn_error': 'None', 'version_check': 'True', 'use_colors': 'True', 'use_experimental_parser': 'False', 'no_print': 'None', 'quiet': 'False', 'log_format': 'default', 'static_parser': 'True', 'invocation_command': 'dbt run --select gold_customer_analytics --profiles-dir /opt/airflow/dbt', 'warn_error_options': 'WarnErrorOptions(include=[], exclude=[])', 'target_path': 'None', 'introspect': 'True', 'send_anonymous_usage_stats': 'True'}
[0m17:11:26.151736 [debug] [MainThread]: Sending event: {'category': 'dbt', 'action': 'project_id', 'label': 'a9a8e1f0-01e5-4142-890a-05afc8319966', 'context': [<snowplow_tracker.self_describing_json.SelfDescribingJson object at 0x734376f78bd0>]}
[0m17:11:26.211668 [debug] [MainThread]: Sending event: {'category': 'dbt', 'action': 'adapter_info', 'label': 'a9a8e1f0-01e5-4142-890a-05afc8319966', 'context': [<snowplow_tracker.self_describing_json.SelfDescribingJson object at 0x73437738a310>]}
[0m17:11:26.212368 [info ] [MainThread]: Registered adapter: bigquery=1.7.2
[0m17:11:26.219790 [debug] [MainThread]: checksum: 248e8aba381ba2d577dce7ab50d2010c2aac45d2b27e6e6214cdd96d2d41fabc, vars: {}, profile: , target: , version: 1.7.4
[0m17:11:26.243880 [debug] [MainThread]: Partial parsing enabled: 0 files deleted, 0 files added, 0 files changed.
[0m17:11:26.244319 [debug] [MainThread]: Partial parsing enabled, no changes found, skipping parsing
[0m17:11:26.249278 [debug] [MainThread]: Sending event: {'category': 'dbt', 'action': 'load_project', 'label': 'a9a8e1f0-01e5-4142-890a-05afc8319966', 'context': [<snowplow_tracker.self_describing_json.SelfDescribingJson object at 0x7343770e76d0>]}
[0m17:11:26.263570 [debug] [MainThread]: Sending event: {'category': 'dbt', 'action': 'resource_counts', 'label': 'a9a8e1f0-01e5-4142-890a-05afc8319966', 'context': [<snowplow_tracker.self_describing_json.SelfDescribingJson object at 0x734376bafb10>]}
[0m17:11:26.264081 [info ] [MainThread]: Found 20 models, 22 tests, 8 sources, 0 exposures, 0 metrics, 562 macros, 0 groups, 0 semantic models
[0m17:11:26.264459 [debug] [MainThread]: Sending event: {'category': 'dbt', 'action': 'runnable_timing', 'label': 'a9a8e1f0-01e5-4142-890a-05afc8319966', 'context': [<snowplow_tracker.self_describing_json.SelfDescribingJson object at 0x734376dcb790>]}
[0m17:11:26.265750 [info ] [MainThread]: 
[0m17:11:26.266386 [debug] [MainThread]: Acquiring new bigquery connection 'master'
[0m17:11:26.267458 [debug] [ThreadPool]: Acquiring new bigquery connection 'list_portifolio-482811'
[0m17:11:26.267862 [debug] [ThreadPool]: Opening a new connection, currently in state init
[0m17:11:27.350745 [debug] [ThreadPool]: Re-using an available connection from the pool (formerly list_portifolio-482811, now list_portifolio-482811_northwind_bronze)
[0m17:11:27.351615 [debug] [ThreadPool]: Acquiring new bigquery connection 'list_portifolio-482811_northwind_gold'
[0m17:11:27.352691 [debug] [ThreadPool]: Acquiring new bigquery connection 'list_portifolio-482811_gold'
[0m17:11:27.353500 [debug] [ThreadPool]: Acquiring new bigquery connection 'list_portifolio-482811_northwind_silver'
[0m17:11:27.353968 [debug] [ThreadPool]: Opening a new connection, currently in state closed
[0m17:11:27.354297 [debug] [ThreadPool]: Opening a new connection, currently in state init
[0m17:11:27.354611 [debug] [ThreadPool]: Opening a new connection, currently in state init
[0m17:11:27.354900 [debug] [ThreadPool]: Opening a new connection, currently in state init
[0m17:11:28.375862 [debug] [MainThread]: Sending event: {'category': 'dbt', 'action': 'runnable_timing', 'label': 'a9a8e1f0-01e5-4142-890a-05afc8319966', 'context': [<snowplow_tracker.self_describing_json.SelfDescribingJson object at 0x7343b6bce750>]}
[0m17:11:28.376645 [info ] [MainThread]: Concurrency: 4 threads (target='dev')
[0m17:11:28.377008 [info ] [MainThread]: 
[0m17:11:28.384432 [debug] [Thread-1 (]: Began running node model.northwind_dw.gold_customer_analytics
[0m17:11:28.384902 [info ] [Thread-1 (]: 1 of 1 START sql table model gold.gold_customer_analytics ...................... [RUN]
[0m17:11:28.385433 [debug] [Thread-1 (]: Re-using an available connection from the pool (formerly list_portifolio-482811_northwind_bronze, now model.northwind_dw.gold_customer_analytics)
[0m17:11:28.385754 [debug] [Thread-1 (]: Began compiling node model.northwind_dw.gold_customer_analytics
[0m17:11:28.390767 [debug] [Thread-1 (]: Writing injected SQL for node "model.northwind_dw.gold_customer_analytics"
[0m17:11:28.391398 [debug] [Thread-1 (]: Timing info for model.northwind_dw.gold_customer_analytics (compile): 17:11:28.385923 => 17:11:28.391153
[0m17:11:28.391691 [debug] [Thread-1 (]: Began executing node model.northwind_dw.gold_customer_analytics
[0m17:11:28.420715 [debug] [Thread-1 (]: Writing runtime sql for node "model.northwind_dw.gold_customer_analytics"
[0m17:11:28.421314 [debug] [Thread-1 (]: Opening a new connection, currently in state closed
[0m17:11:28.450348 [debug] [Thread-1 (]: On model.northwind_dw.gold_customer_analytics: /* {"app": "dbt", "dbt_version": "1.7.4", "profile_name": "northwind_dw", "target_name": "dev", "node_id": "model.northwind_dw.gold_customer_analytics"} */

  
    

    create or replace table `portifolio-482811`.`gold`.`gold_customer_analytics`
      
    
    

    OPTIONS()
    as (
      -- Gold layer: Customer analytics and segmentation


WITH customer_metrics AS (
    SELECT
        c.customer_id,
        c.company_name,
        c.contact_name,
        c.city,
        c.country,
        COUNT(DISTINCT o.order_id) AS total_orders,
        SUM(o.order_total) AS total_spent,
        AVG(o.order_total) AS avg_order_value,
        SUM(o.total_quantity) AS total_items_purchased,
        SUM(o.total_discount_amount) AS total_discounts_received,
        MIN(o.order_date) AS first_order_date,
        MAX(o.order_date) AS last_order_date,
        DATE_DIFF(CURRENT_DATE(), MAX(o.order_date), DAY) AS days_since_last_order
    FROM `portifolio-482811`.`northwind_silver`.`silver_dim_customers` c
    LEFT JOIN `portifolio-482811`.`northwind_silver`.`silver_fact_orders` o ON c.customer_id = o.customer_id
    GROUP BY 
        c.customer_id,
        c.company_name,
        c.contact_name,
        c.city,
        c.country
)

SELECT
    customer_id,
    company_name,
    contact_name,
    city,
    country,
    total_orders,
    ROUND(total_spent, 2) AS total_spent,
    ROUND(avg_order_value, 2) AS avg_order_value,
    total_items_purchased,
    ROUND(total_discounts_received, 2) AS total_discounts_received,
    first_order_date,
    last_order_date,
    days_since_last_order,
    -- Customer segmentation
    CASE 
        WHEN total_orders >= 10 THEN 'VIP'
        WHEN total_orders >= 5 THEN 'Frequent'
        WHEN total_orders >= 2 THEN 'Regular'
        ELSE 'New'
    END AS customer_segment,
    CASE 
        WHEN days_since_last_order <= 30 THEN 'Active'
        WHEN days_since_last_order <= 90 THEN 'At Risk'
        ELSE 'Inactive'
    END AS activity_status,
    CURRENT_TIMESTAMP() AS updated_at
FROM customer_metrics
ORDER BY total_spent DESC
    );
  
[0m17:11:29.488317 [debug] [Thread-1 (]: BigQuery adapter: https://console.cloud.google.com/bigquery?project=portifolio-482811&j=bq:US:999a359f-6a8e-4577-8652-5423305eb503&page=queryresults
[0m17:11:30.024317 [debug] [Thread-1 (]: BigQuery adapter: Retry attempt 1 of 1 after error: BadRequest('Name order_total not found inside o at [24:15]')
[0m17:11:31.271853 [debug] [Thread-1 (]: BigQuery adapter: https://console.cloud.google.com/bigquery?project=portifolio-482811&j=bq:US:6876b6e4-6822-4fb3-a4c4-4461cf729349&page=queryresults
[0m17:11:31.747687 [error] [Thread-1 (]: BigQuery adapter: https://console.cloud.google.com/bigquery?project=portifolio-482811&j=bq:US:6876b6e4-6822-4fb3-a4c4-4461cf729349&page=queryresults
[0m17:11:31.750108 [debug] [Thread-1 (]: Timing info for model.northwind_dw.gold_customer_analytics (execute): 17:11:28.391877 => 17:11:31.749592
[0m17:11:31.759184 [debug] [Thread-1 (]: Database Error in model gold_customer_analytics (models/gold/gold_customer_analytics.sql)
  Name order_total not found inside o at [24:15]
  compiled Code at target/run/northwind_dw/models/gold/gold_customer_analytics.sql
[0m17:11:31.760120 [debug] [Thread-1 (]: Sending event: {'category': 'dbt', 'action': 'run_model', 'label': 'a9a8e1f0-01e5-4142-890a-05afc8319966', 'context': [<snowplow_tracker.self_describing_json.SelfDescribingJson object at 0x734376a983d0>]}
[0m17:11:31.760767 [error] [Thread-1 (]: 1 of 1 ERROR creating sql table model gold.gold_customer_analytics ............. [[31mERROR[0m in 3.37s]
[0m17:11:31.761254 [debug] [Thread-1 (]: Finished running node model.northwind_dw.gold_customer_analytics
[0m17:11:31.763640 [debug] [MainThread]: Connection 'master' was properly closed.
[0m17:11:31.763942 [debug] [MainThread]: Connection 'model.northwind_dw.gold_customer_analytics' was properly closed.
[0m17:11:31.764158 [debug] [MainThread]: Connection 'list_portifolio-482811_northwind_gold' was properly closed.
[0m17:11:31.764353 [debug] [MainThread]: Connection 'list_portifolio-482811_gold' was properly closed.
[0m17:11:31.764541 [debug] [MainThread]: Connection 'list_portifolio-482811_northwind_silver' was properly closed.
[0m17:11:31.764775 [info ] [MainThread]: 
[0m17:11:31.765112 [info ] [MainThread]: Finished running 1 table model in 0 hours 0 minutes and 5.50 seconds (5.50s).
[0m17:11:31.765517 [debug] [MainThread]: Command end result
[0m17:11:31.774576 [info ] [MainThread]: 
[0m17:11:31.774910 [info ] [MainThread]: [31mCompleted with 1 error and 0 warnings:[0m
[0m17:11:31.775161 [info ] [MainThread]: 
[0m17:11:31.775803 [error] [MainThread]:   Database Error in model gold_customer_analytics (models/gold/gold_customer_analytics.sql)
  Name order_total not found inside o at [24:15]
  compiled Code at target/run/northwind_dw/models/gold/gold_customer_analytics.sql
[0m17:11:31.776361 [info ] [MainThread]: 
[0m17:11:31.776855 [info ] [MainThread]: Done. PASS=0 WARN=0 ERROR=1 SKIP=0 TOTAL=1
[0m17:11:31.777828 [debug] [MainThread]: Resource report: {"command_name": "run", "command_wall_clock_time": 6.3209257, "process_user_time": 3.24729, "process_kernel_time": 1.530421, "process_mem_max_rss": "235916", "process_out_blocks": "2832", "command_success": false, "process_in_blocks": "0"}
[0m17:11:31.778687 [debug] [MainThread]: Command `dbt run` failed at 17:11:31.778476 after 6.32 seconds
[0m17:11:31.779168 [debug] [MainThread]: Sending event: {'category': 'dbt', 'action': 'invocation', 'label': 'end', 'context': [<snowplow_tracker.self_describing_json.SelfDescribingJson object at 0x7343b6eab4d0>, <snowplow_tracker.self_describing_json.SelfDescribingJson object at 0x7343b6d66250>, <snowplow_tracker.self_describing_json.SelfDescribingJson object at 0x7343b6d66450>]}
[0m17:11:31.779458 [debug] [MainThread]: Flushing usage events
[0m17:13:27.381472 [debug] [MainThread]: Sending event: {'category': 'dbt', 'action': 'invocation', 'label': 'start', 'context': [<snowplow_tracker.self_describing_json.SelfDescribingJson object at 0x7b86fd89ac90>, <snowplow_tracker.self_describing_json.SelfDescribingJson object at 0x7b86fd893090>, <snowplow_tracker.self_describing_json.SelfDescribingJson object at 0x7b86fd890250>]}


============================== 17:13:27.385643 | 03d47351-58e0-4bf8-88ed-fc7580df30a1 ==============================
[0m17:13:27.385643 [info ] [MainThread]: Running with dbt=1.7.4
[0m17:13:27.386078 [debug] [MainThread]: running dbt with arguments {'printer_width': '80', 'indirect_selection': 'eager', 'write_json': 'True', 'log_cache_events': 'False', 'partial_parse': 'True', 'cache_selected_only': 'False', 'warn_error': 'None', 'version_check': 'True', 'debug': 'False', 'log_path': '/opt/airflow/dbt/northwind_dw/logs', 'fail_fast': 'False', 'profiles_dir': '/opt/airflow/dbt', 'use_colors': 'True', 'use_experimental_parser': 'False', 'no_print': 'None', 'quiet': 'False', 'warn_error_options': 'WarnErrorOptions(include=[], exclude=[])', 'invocation_command': 'dbt run --select gold_customer_analytics gold_sales_by_country gold_sales_by_category --profiles-dir /opt/airflow/dbt --full-refresh', 'log_format': 'default', 'introspect': 'True', 'target_path': 'None', 'static_parser': 'True', 'send_anonymous_usage_stats': 'True'}
[0m17:13:28.087222 [debug] [MainThread]: Sending event: {'category': 'dbt', 'action': 'project_id', 'label': '03d47351-58e0-4bf8-88ed-fc7580df30a1', 'context': [<snowplow_tracker.self_describing_json.SelfDescribingJson object at 0x7b86be09a4d0>]}
[0m17:13:28.148849 [debug] [MainThread]: Sending event: {'category': 'dbt', 'action': 'adapter_info', 'label': '03d47351-58e0-4bf8-88ed-fc7580df30a1', 'context': [<snowplow_tracker.self_describing_json.SelfDescribingJson object at 0x7b86fd8dbd50>]}
[0m17:13:28.149522 [info ] [MainThread]: Registered adapter: bigquery=1.7.2
[0m17:13:28.157876 [debug] [MainThread]: checksum: 248e8aba381ba2d577dce7ab50d2010c2aac45d2b27e6e6214cdd96d2d41fabc, vars: {}, profile: , target: , version: 1.7.4
[0m17:13:28.187420 [debug] [MainThread]: Partial parsing enabled: 0 files deleted, 0 files added, 3 files changed.
[0m17:13:28.188250 [debug] [MainThread]: Partial parsing: updated file: northwind_dw://models/gold/gold_customer_analytics.sql
[0m17:13:28.188804 [debug] [MainThread]: Partial parsing: updated file: northwind_dw://models/gold/gold_sales_by_country.sql
[0m17:13:28.189315 [debug] [MainThread]: Partial parsing: updated file: northwind_dw://models/gold/gold_sales_by_category.sql
[0m17:13:28.358298 [debug] [MainThread]: Sending event: {'category': 'dbt', 'action': 'load_project', 'label': '03d47351-58e0-4bf8-88ed-fc7580df30a1', 'context': [<snowplow_tracker.self_describing_json.SelfDescribingJson object at 0x7b86bdcf8e90>]}
[0m17:13:28.372751 [debug] [MainThread]: Sending event: {'category': 'dbt', 'action': 'resource_counts', 'label': '03d47351-58e0-4bf8-88ed-fc7580df30a1', 'context': [<snowplow_tracker.self_describing_json.SelfDescribingJson object at 0x7b86bc0730d0>]}
[0m17:13:28.373908 [info ] [MainThread]: Found 20 models, 22 tests, 8 sources, 0 exposures, 0 metrics, 562 macros, 0 groups, 0 semantic models
[0m17:13:28.374499 [debug] [MainThread]: Sending event: {'category': 'dbt', 'action': 'runnable_timing', 'label': '03d47351-58e0-4bf8-88ed-fc7580df30a1', 'context': [<snowplow_tracker.self_describing_json.SelfDescribingJson object at 0x7b86bda4d1d0>]}
[0m17:13:28.379326 [info ] [MainThread]: 
[0m17:13:28.380429 [debug] [MainThread]: Acquiring new bigquery connection 'master'
[0m17:13:28.381635 [debug] [ThreadPool]: Acquiring new bigquery connection 'list_portifolio-482811'
[0m17:13:28.382091 [debug] [ThreadPool]: Opening a new connection, currently in state init
[0m17:13:29.244954 [debug] [ThreadPool]: Re-using an available connection from the pool (formerly list_portifolio-482811, now list_portifolio-482811_gold)
[0m17:13:29.245374 [debug] [ThreadPool]: Opening a new connection, currently in state closed
[0m17:13:29.246349 [debug] [ThreadPool]: Acquiring new bigquery connection 'list_portifolio-482811_northwind_gold'
[0m17:13:29.247884 [debug] [ThreadPool]: Opening a new connection, currently in state init
[0m17:13:29.250378 [debug] [ThreadPool]: Acquiring new bigquery connection 'list_portifolio-482811_northwind_bronze'
[0m17:13:29.252416 [debug] [ThreadPool]: Acquiring new bigquery connection 'list_portifolio-482811_northwind_silver'
[0m17:13:29.253290 [debug] [ThreadPool]: Opening a new connection, currently in state init
[0m17:13:29.253719 [debug] [ThreadPool]: Opening a new connection, currently in state init
[0m17:13:30.296304 [debug] [MainThread]: Sending event: {'category': 'dbt', 'action': 'runnable_timing', 'label': '03d47351-58e0-4bf8-88ed-fc7580df30a1', 'context': [<snowplow_tracker.self_describing_json.SelfDescribingJson object at 0x7b86f91ebb50>]}
[0m17:13:30.297014 [info ] [MainThread]: Concurrency: 4 threads (target='dev')
[0m17:13:30.297339 [info ] [MainThread]: 
[0m17:13:30.303053 [debug] [Thread-1 (]: Began running node model.northwind_dw.gold_customer_analytics
[0m17:13:30.303457 [debug] [Thread-2 (]: Began running node model.northwind_dw.gold_sales_by_category
[0m17:13:30.303952 [debug] [Thread-3 (]: Began running node model.northwind_dw.gold_sales_by_country
[0m17:13:30.304344 [info ] [Thread-1 (]: 1 of 3 START sql table model gold.gold_customer_analytics ...................... [RUN]
[0m17:13:30.304762 [info ] [Thread-2 (]: 2 of 3 START sql table model gold.gold_sales_by_category ....................... [RUN]
[0m17:13:30.305526 [info ] [Thread-3 (]: 3 of 3 START sql table model gold.gold_sales_by_country ........................ [RUN]
[0m17:13:30.306513 [debug] [Thread-1 (]: Re-using an available connection from the pool (formerly list_portifolio-482811_northwind_bronze, now model.northwind_dw.gold_customer_analytics)
[0m17:13:30.308159 [debug] [Thread-2 (]: Re-using an available connection from the pool (formerly list_portifolio-482811_northwind_silver, now model.northwind_dw.gold_sales_by_category)
[0m17:13:30.308804 [debug] [Thread-3 (]: Re-using an available connection from the pool (formerly list_portifolio-482811_gold, now model.northwind_dw.gold_sales_by_country)
[0m17:13:30.309226 [debug] [Thread-1 (]: Began compiling node model.northwind_dw.gold_customer_analytics
[0m17:13:30.309561 [debug] [Thread-2 (]: Began compiling node model.northwind_dw.gold_sales_by_category
[0m17:13:30.309876 [debug] [Thread-3 (]: Began compiling node model.northwind_dw.gold_sales_by_country
[0m17:13:30.314581 [debug] [Thread-1 (]: Writing injected SQL for node "model.northwind_dw.gold_customer_analytics"
[0m17:13:30.317083 [debug] [Thread-2 (]: Writing injected SQL for node "model.northwind_dw.gold_sales_by_category"
[0m17:13:30.319295 [debug] [Thread-3 (]: Writing injected SQL for node "model.northwind_dw.gold_sales_by_country"
[0m17:13:30.320575 [debug] [Thread-1 (]: Timing info for model.northwind_dw.gold_customer_analytics (compile): 17:13:30.310089 => 17:13:30.320164
[0m17:13:30.321442 [debug] [Thread-1 (]: Began executing node model.northwind_dw.gold_customer_analytics
[0m17:13:30.322175 [debug] [Thread-3 (]: Timing info for model.northwind_dw.gold_sales_by_country (compile): 17:13:30.317411 => 17:13:30.321842
[0m17:13:30.338867 [debug] [Thread-2 (]: Timing info for model.northwind_dw.gold_sales_by_category (compile): 17:13:30.314909 => 17:13:30.338483
[0m17:13:30.344944 [debug] [Thread-3 (]: Began executing node model.northwind_dw.gold_sales_by_country
[0m17:13:30.349081 [debug] [Thread-1 (]: Writing runtime sql for node "model.northwind_dw.gold_customer_analytics"
[0m17:13:30.349586 [debug] [Thread-2 (]: Began executing node model.northwind_dw.gold_sales_by_category
[0m17:13:30.351864 [debug] [Thread-3 (]: Writing runtime sql for node "model.northwind_dw.gold_sales_by_country"
[0m17:13:30.354698 [debug] [Thread-2 (]: Writing runtime sql for node "model.northwind_dw.gold_sales_by_category"
[0m17:13:30.355617 [debug] [Thread-1 (]: Opening a new connection, currently in state closed
[0m17:13:30.357125 [debug] [Thread-2 (]: Opening a new connection, currently in state closed
[0m17:13:30.358290 [debug] [Thread-3 (]: Opening a new connection, currently in state closed
[0m17:13:30.389922 [debug] [Thread-2 (]: On model.northwind_dw.gold_sales_by_category: /* {"app": "dbt", "dbt_version": "1.7.4", "profile_name": "northwind_dw", "target_name": "dev", "node_id": "model.northwind_dw.gold_sales_by_category"} */

  
    

    create or replace table `portifolio-482811`.`gold`.`gold_sales_by_category`
      
    
    

    OPTIONS()
    as (
      -- Gold layer: Sales metrics by product category


WITH sales_by_category AS (
    SELECT
        p.category_id,
        p.category_name,
        p.category_name,
        COUNT(DISTINCT od.order_id) AS total_orders,
        COUNT(DISTINCT od.product_id) AS total_products,
        SUM(od.quantity) AS total_units_sold,
        SUM(od.unit_price * od.quantity * (1 - od.discount)) AS total_revenue,
        AVG(od.unit_price * od.quantity * (1 - od.discount)) AS avg_order_line_value,
        SUM(od.unit_price * od.quantity * od.discount) AS total_discounts
    FROM `portifolio-482811`.`northwind_bronze`.`bronze_order_details` od
    INNER JOIN `portifolio-482811`.`northwind_silver`.`silver_dim_products` p ON od.product_id = p.product_id
    GROUP BY p.category_id, p.category_name, p.category_name
)

SELECT
    category_id,
    category_name,
    category_description,
    total_orders,
    total_products,
    total_units_sold,
    ROUND(total_revenue, 2) AS total_revenue,
    ROUND(avg_order_line_value, 2) AS avg_order_line_value,
    ROUND(total_discounts, 2) AS total_discounts,
    ROUND(total_revenue / total_orders, 2) AS revenue_per_order,
    CURRENT_TIMESTAMP() AS updated_at
FROM sales_by_category
ORDER BY total_revenue DESC
    );
  
[0m17:13:30.390667 [debug] [Thread-1 (]: On model.northwind_dw.gold_customer_analytics: /* {"app": "dbt", "dbt_version": "1.7.4", "profile_name": "northwind_dw", "target_name": "dev", "node_id": "model.northwind_dw.gold_customer_analytics"} */

  
    

    create or replace table `portifolio-482811`.`gold`.`gold_customer_analytics`
      
    
    

    OPTIONS()
    as (
      -- Gold layer: Customer analytics and segmentation


WITH customer_metrics AS (
    SELECT
        c.customer_id,
        c.company_name,
        c.contact_name,
        c.city,
        c.country,
        COUNT(DISTINCT o.order_id) AS total_orders,
        SUM(o.line_total) AS total_spent,
        AVG(o.line_total) AS avg_order_value,
        SUM(o.total_quantity) AS total_items_purchased,
        SUM(o.total_discount_amount) AS total_discounts_received,
        MIN(o.order_date) AS first_order_date,
        MAX(o.order_date) AS last_order_date,
        DATE_DIFF(CURRENT_DATE(), MAX(o.order_date), DAY) AS days_since_last_order
    FROM `portifolio-482811`.`northwind_silver`.`silver_dim_customers` c
    LEFT JOIN `portifolio-482811`.`northwind_silver`.`silver_fact_orders` o ON c.customer_id = o.customer_id
    GROUP BY 
        c.customer_id,
        c.company_name,
        c.contact_name,
        c.city,
        c.country
)

SELECT
    customer_id,
    company_name,
    contact_name,
    city,
    country,
    total_orders,
    ROUND(total_spent, 2) AS total_spent,
    ROUND(avg_order_value, 2) AS avg_order_value,
    total_items_purchased,
    ROUND(total_discounts_received, 2) AS total_discounts_received,
    first_order_date,
    last_order_date,
    days_since_last_order,
    -- Customer segmentation
    CASE 
        WHEN total_orders >= 10 THEN 'VIP'
        WHEN total_orders >= 5 THEN 'Frequent'
        WHEN total_orders >= 2 THEN 'Regular'
        ELSE 'New'
    END AS customer_segment,
    CASE 
        WHEN days_since_last_order <= 30 THEN 'Active'
        WHEN days_since_last_order <= 90 THEN 'At Risk'
        ELSE 'Inactive'
    END AS activity_status,
    CURRENT_TIMESTAMP() AS updated_at
FROM customer_metrics
ORDER BY total_spent DESC
    );
  
[0m17:13:30.391809 [debug] [Thread-3 (]: On model.northwind_dw.gold_sales_by_country: /* {"app": "dbt", "dbt_version": "1.7.4", "profile_name": "northwind_dw", "target_name": "dev", "node_id": "model.northwind_dw.gold_sales_by_country"} */

  
    

    create or replace table `portifolio-482811`.`gold`.`gold_sales_by_country`
      
    
    

    OPTIONS()
    as (
      -- Gold layer: Sales metrics by country


WITH sales_by_country AS (
    SELECT
        c.country,
        COUNT(DISTINCT o.order_id) AS total_orders,
        COUNT(DISTINCT c.customer_id) AS total_customers,
        SUM(o.line_total) AS total_revenue,
        AVG(o.line_total) AS avg_order_value,
        SUM(o.total_quantity) AS total_units_sold,
        SUM(o.total_discount_amount) AS total_discounts,
        MIN(o.order_date) AS first_order_date,
        MAX(o.order_date) AS last_order_date
    FROM `portifolio-482811`.`northwind_silver`.`silver_fact_orders` o
    INNER JOIN `portifolio-482811`.`northwind_silver`.`silver_dim_customers` c ON o.customer_id = c.customer_id
    WHERE o.order_date IS NOT NULL
    GROUP BY c.country
)

SELECT
    country,
    total_orders,
    total_customers,
    ROUND(total_revenue, 2) AS total_revenue,
    ROUND(avg_order_value, 2) AS avg_order_value,
    total_units_sold,
    ROUND(total_discounts, 2) AS total_discounts,
    ROUND(total_revenue / total_customers, 2) AS revenue_per_customer,
    first_order_date,
    last_order_date,
    CURRENT_TIMESTAMP() AS updated_at
FROM sales_by_country
ORDER BY total_revenue DESC
    );
  
[0m17:13:31.519546 [debug] [Thread-2 (]: BigQuery adapter: https://console.cloud.google.com/bigquery?project=portifolio-482811&j=bq:US:2e294577-b3af-419c-8361-4f2a67969cc7&page=queryresults
[0m17:13:31.552512 [debug] [Thread-3 (]: BigQuery adapter: https://console.cloud.google.com/bigquery?project=portifolio-482811&j=bq:US:9bed5c4f-335b-4893-9f71-e95bb0eb6afb&page=queryresults
[0m17:13:31.999280 [debug] [Thread-2 (]: BigQuery adapter: Retry attempt 1 of 1 after error: BadRequest('Column name category_name is ambiguous at [34:5]')
[0m17:13:32.022545 [debug] [Thread-3 (]: BigQuery adapter: Retry attempt 1 of 1 after error: BadRequest('Name total_quantity not found inside o at [23:15]')
[0m17:13:32.098677 [debug] [Thread-1 (]: BigQuery adapter: https://console.cloud.google.com/bigquery?project=portifolio-482811&j=bq:US:84badac8-ec3b-44b0-ad9f-60de85ad0319&page=queryresults
[0m17:13:32.576719 [debug] [Thread-1 (]: BigQuery adapter: Retry attempt 1 of 1 after error: BadRequest('Name total_quantity not found inside o at [26:15]')
[0m17:13:32.796119 [debug] [Thread-2 (]: BigQuery adapter: https://console.cloud.google.com/bigquery?project=portifolio-482811&j=bq:US:5f4a1a0e-5a03-45fa-bb79-218b174aa509&page=queryresults
[0m17:13:33.378901 [error] [Thread-2 (]: BigQuery adapter: https://console.cloud.google.com/bigquery?project=portifolio-482811&j=bq:US:5f4a1a0e-5a03-45fa-bb79-218b174aa509&page=queryresults
[0m17:13:33.380171 [debug] [Thread-2 (]: Timing info for model.northwind_dw.gold_sales_by_category (execute): 17:13:30.352536 => 17:13:33.379829
[0m17:13:33.386972 [debug] [Thread-2 (]: Database Error in model gold_sales_by_category (models/gold/gold_sales_by_category.sql)
  Column name category_name is ambiguous at [34:5]
  compiled Code at target/run/northwind_dw/models/gold/gold_sales_by_category.sql
[0m17:13:33.387567 [debug] [Thread-2 (]: Sending event: {'category': 'dbt', 'action': 'run_model', 'label': '03d47351-58e0-4bf8-88ed-fc7580df30a1', 'context': [<snowplow_tracker.self_describing_json.SelfDescribingJson object at 0x7b86bc133c50>]}
[0m17:13:33.388145 [error] [Thread-2 (]: 2 of 3 ERROR creating sql table model gold.gold_sales_by_category .............. [[31mERROR[0m in 3.08s]
[0m17:13:33.388600 [debug] [Thread-2 (]: Finished running node model.northwind_dw.gold_sales_by_category
[0m17:13:33.474234 [debug] [Thread-3 (]: BigQuery adapter: https://console.cloud.google.com/bigquery?project=portifolio-482811&j=bq:US:cb255d63-20c3-44f5-a453-a7c534f258a6&page=queryresults
[0m17:13:33.857709 [debug] [Thread-1 (]: BigQuery adapter: https://console.cloud.google.com/bigquery?project=portifolio-482811&j=bq:US:d8e0b26c-9e43-4b25-a46c-f2036d136d27&page=queryresults
[0m17:13:33.999164 [error] [Thread-3 (]: BigQuery adapter: https://console.cloud.google.com/bigquery?project=portifolio-482811&j=bq:US:cb255d63-20c3-44f5-a453-a7c534f258a6&page=queryresults
[0m17:13:34.000192 [debug] [Thread-3 (]: Timing info for model.northwind_dw.gold_sales_by_country (execute): 17:13:30.349867 => 17:13:33.999879
[0m17:13:34.002677 [debug] [Thread-3 (]: Database Error in model gold_sales_by_country (models/gold/gold_sales_by_country.sql)
  Name total_quantity not found inside o at [23:15]
  compiled Code at target/run/northwind_dw/models/gold/gold_sales_by_country.sql
[0m17:13:34.003107 [debug] [Thread-3 (]: Sending event: {'category': 'dbt', 'action': 'run_model', 'label': '03d47351-58e0-4bf8-88ed-fc7580df30a1', 'context': [<snowplow_tracker.self_describing_json.SelfDescribingJson object at 0x7b86b7112190>]}
[0m17:13:34.003569 [error] [Thread-3 (]: 3 of 3 ERROR creating sql table model gold.gold_sales_by_country ............... [[31mERROR[0m in 3.69s]
[0m17:13:34.004008 [debug] [Thread-3 (]: Finished running node model.northwind_dw.gold_sales_by_country
[0m17:13:34.355566 [error] [Thread-1 (]: BigQuery adapter: https://console.cloud.google.com/bigquery?project=portifolio-482811&j=bq:US:d8e0b26c-9e43-4b25-a46c-f2036d136d27&page=queryresults
[0m17:13:34.357029 [debug] [Thread-1 (]: Timing info for model.northwind_dw.gold_customer_analytics (execute): 17:13:30.322559 => 17:13:34.356562
[0m17:13:34.361562 [debug] [Thread-1 (]: Database Error in model gold_customer_analytics (models/gold/gold_customer_analytics.sql)
  Name total_quantity not found inside o at [26:15]
  compiled Code at target/run/northwind_dw/models/gold/gold_customer_analytics.sql
[0m17:13:34.362322 [debug] [Thread-1 (]: Sending event: {'category': 'dbt', 'action': 'run_model', 'label': '03d47351-58e0-4bf8-88ed-fc7580df30a1', 'context': [<snowplow_tracker.self_describing_json.SelfDescribingJson object at 0x7b86bdcbc150>]}
[0m17:13:34.363086 [error] [Thread-1 (]: 1 of 3 ERROR creating sql table model gold.gold_customer_analytics ............. [[31mERROR[0m in 4.06s]
[0m17:13:34.363817 [debug] [Thread-1 (]: Finished running node model.northwind_dw.gold_customer_analytics
[0m17:13:34.366496 [debug] [MainThread]: Connection 'master' was properly closed.
[0m17:13:34.366805 [debug] [MainThread]: Connection 'model.northwind_dw.gold_sales_by_country' was properly closed.
[0m17:13:34.367127 [debug] [MainThread]: Connection 'list_portifolio-482811_northwind_gold' was properly closed.
[0m17:13:34.367335 [debug] [MainThread]: Connection 'model.northwind_dw.gold_customer_analytics' was properly closed.
[0m17:13:34.367548 [debug] [MainThread]: Connection 'model.northwind_dw.gold_sales_by_category' was properly closed.
[0m17:13:34.367796 [info ] [MainThread]: 
[0m17:13:34.368066 [info ] [MainThread]: Finished running 3 table models in 0 hours 0 minutes and 5.99 seconds (5.99s).
[0m17:13:34.368634 [debug] [MainThread]: Command end result
[0m17:13:34.449020 [info ] [MainThread]: 
[0m17:13:34.449447 [info ] [MainThread]: [31mCompleted with 3 errors and 0 warnings:[0m
[0m17:13:34.449737 [info ] [MainThread]: 
[0m17:13:34.450013 [error] [MainThread]:   Database Error in model gold_sales_by_category (models/gold/gold_sales_by_category.sql)
  Column name category_name is ambiguous at [34:5]
  compiled Code at target/run/northwind_dw/models/gold/gold_sales_by_category.sql
[0m17:13:34.450268 [info ] [MainThread]: 
[0m17:13:34.450510 [error] [MainThread]:   Database Error in model gold_sales_by_country (models/gold/gold_sales_by_country.sql)
  Name total_quantity not found inside o at [23:15]
  compiled Code at target/run/northwind_dw/models/gold/gold_sales_by_country.sql
[0m17:13:34.451294 [info ] [MainThread]: 
[0m17:13:34.451771 [error] [MainThread]:   Database Error in model gold_customer_analytics (models/gold/gold_customer_analytics.sql)
  Name total_quantity not found inside o at [26:15]
  compiled Code at target/run/northwind_dw/models/gold/gold_customer_analytics.sql
[0m17:13:34.452266 [info ] [MainThread]: 
[0m17:13:34.452882 [info ] [MainThread]: Done. PASS=0 WARN=0 ERROR=3 SKIP=0 TOTAL=3
[0m17:13:34.453654 [debug] [MainThread]: Resource report: {"command_name": "run", "command_wall_clock_time": 7.097759, "process_user_time": 3.910829, "process_kernel_time": 1.616013, "process_mem_max_rss": "243672", "process_out_blocks": "4224", "command_success": false, "process_in_blocks": "0"}
[0m17:13:34.454048 [debug] [MainThread]: Command `dbt run` failed at 17:13:34.453954 after 7.10 seconds
[0m17:13:34.454328 [debug] [MainThread]: Sending event: {'category': 'dbt', 'action': 'invocation', 'label': 'end', 'context': [<snowplow_tracker.self_describing_json.SelfDescribingJson object at 0x7b86bdb907d0>, <snowplow_tracker.self_describing_json.SelfDescribingJson object at 0x7b86bdb93510>, <snowplow_tracker.self_describing_json.SelfDescribingJson object at 0x7b86bdb93dd0>]}
[0m17:13:34.454619 [debug] [MainThread]: Flushing usage events
[0m17:18:45.326191 [debug] [MainThread]: Sending event: {'category': 'dbt', 'action': 'invocation', 'label': 'start', 'context': [<snowplow_tracker.self_describing_json.SelfDescribingJson object at 0x74c949369e10>, <snowplow_tracker.self_describing_json.SelfDescribingJson object at 0x74c949368890>, <snowplow_tracker.self_describing_json.SelfDescribingJson object at 0x74c949368350>]}


============================== 17:18:45.330502 | e97ead2b-34c8-4ba7-9928-b0993041c888 ==============================
[0m17:18:45.330502 [info ] [MainThread]: Running with dbt=1.7.4
[0m17:18:45.330963 [debug] [MainThread]: running dbt with arguments {'printer_width': '80', 'indirect_selection': 'eager', 'log_cache_events': 'False', 'write_json': 'True', 'partial_parse': 'True', 'cache_selected_only': 'False', 'warn_error': 'None', 'debug': 'False', 'version_check': 'True', 'log_path': '/opt/airflow/dbt/northwind_dw/logs', 'fail_fast': 'False', 'profiles_dir': '/opt/airflow/dbt', 'use_colors': 'True', 'use_experimental_parser': 'False', 'no_print': 'None', 'quiet': 'False', 'warn_error_options': 'WarnErrorOptions(include=[], exclude=[])', 'invocation_command': 'dbt run --select gold_customer_analytics gold_sales_by_country gold_sales_by_category --profiles-dir /opt/airflow/dbt --full-refresh', 'log_format': 'default', 'static_parser': 'True', 'target_path': 'None', 'introspect': 'True', 'send_anonymous_usage_stats': 'True'}
[0m17:18:46.073430 [debug] [MainThread]: Sending event: {'category': 'dbt', 'action': 'project_id', 'label': 'e97ead2b-34c8-4ba7-9928-b0993041c888', 'context': [<snowplow_tracker.self_describing_json.SelfDescribingJson object at 0x74c909851e90>]}
[0m17:18:46.140005 [debug] [MainThread]: Sending event: {'category': 'dbt', 'action': 'adapter_info', 'label': 'e97ead2b-34c8-4ba7-9928-b0993041c888', 'context': [<snowplow_tracker.self_describing_json.SelfDescribingJson object at 0x74c909cee8d0>]}
[0m17:18:46.140807 [info ] [MainThread]: Registered adapter: bigquery=1.7.2
[0m17:18:46.149192 [debug] [MainThread]: checksum: 248e8aba381ba2d577dce7ab50d2010c2aac45d2b27e6e6214cdd96d2d41fabc, vars: {}, profile: , target: , version: 1.7.4
[0m17:18:46.176430 [debug] [MainThread]: Partial parsing enabled: 0 files deleted, 0 files added, 3 files changed.
[0m17:18:46.177033 [debug] [MainThread]: Partial parsing: updated file: northwind_dw://models/gold/gold_sales_by_category.sql
[0m17:18:46.177375 [debug] [MainThread]: Partial parsing: updated file: northwind_dw://models/gold/gold_customer_analytics.sql
[0m17:18:46.177669 [debug] [MainThread]: Partial parsing: updated file: northwind_dw://models/gold/gold_sales_by_country.sql
[0m17:18:46.312701 [debug] [MainThread]: Sending event: {'category': 'dbt', 'action': 'load_project', 'label': 'e97ead2b-34c8-4ba7-9928-b0993041c888', 'context': [<snowplow_tracker.self_describing_json.SelfDescribingJson object at 0x74c9094cc690>]}
[0m17:18:46.326614 [debug] [MainThread]: Sending event: {'category': 'dbt', 'action': 'resource_counts', 'label': 'e97ead2b-34c8-4ba7-9928-b0993041c888', 'context': [<snowplow_tracker.self_describing_json.SelfDescribingJson object at 0x74c909512210>]}
[0m17:18:46.327047 [info ] [MainThread]: Found 20 models, 22 tests, 8 sources, 0 exposures, 0 metrics, 562 macros, 0 groups, 0 semantic models
[0m17:18:46.327392 [debug] [MainThread]: Sending event: {'category': 'dbt', 'action': 'runnable_timing', 'label': 'e97ead2b-34c8-4ba7-9928-b0993041c888', 'context': [<snowplow_tracker.self_describing_json.SelfDescribingJson object at 0x74c9098d09d0>]}
[0m17:18:46.329008 [info ] [MainThread]: 
[0m17:18:46.329667 [debug] [MainThread]: Acquiring new bigquery connection 'master'
[0m17:18:46.330810 [debug] [ThreadPool]: Acquiring new bigquery connection 'list_portifolio-482811'
[0m17:18:46.331337 [debug] [ThreadPool]: Opening a new connection, currently in state init
[0m17:18:47.540475 [debug] [ThreadPool]: Re-using an available connection from the pool (formerly list_portifolio-482811, now create_portifolio-482811_gold)
[0m17:18:47.541174 [debug] [ThreadPool]: Creating schema "database: "portifolio-482811"
schema: "gold"
"
[0m17:18:47.547984 [debug] [ThreadPool]: Opening a new connection, currently in state closed
[0m17:18:47.576709 [debug] [ThreadPool]: On create_portifolio-482811_gold: /* {"app": "dbt", "dbt_version": "1.7.4", "profile_name": "northwind_dw", "target_name": "dev", "connection_name": "create_portifolio-482811_gold"} */
create schema if not exists `portifolio-482811`.`gold`
  
[0m17:18:48.445884 [debug] [ThreadPool]: BigQuery adapter: https://console.cloud.google.com/bigquery?project=portifolio-482811&j=bq:US:7bd5e481-03af-4e8f-8a0b-96ac9bd1780b&page=queryresults
[0m17:18:49.221134 [debug] [ThreadPool]: Re-using an available connection from the pool (formerly create_portifolio-482811_gold, now list_portifolio-482811_gold)
[0m17:18:49.222045 [debug] [ThreadPool]: Acquiring new bigquery connection 'list_portifolio-482811_northwind_gold'
[0m17:18:49.223056 [debug] [ThreadPool]: Acquiring new bigquery connection 'list_portifolio-482811_northwind_silver'
[0m17:18:49.223418 [debug] [ThreadPool]: Opening a new connection, currently in state closed
[0m17:18:49.224365 [debug] [ThreadPool]: Acquiring new bigquery connection 'list_portifolio-482811_northwind_bronze'
[0m17:18:49.224711 [debug] [ThreadPool]: Opening a new connection, currently in state init
[0m17:18:49.225143 [debug] [ThreadPool]: Opening a new connection, currently in state init
[0m17:18:49.225729 [debug] [ThreadPool]: Opening a new connection, currently in state init
[0m17:18:50.214729 [debug] [MainThread]: Sending event: {'category': 'dbt', 'action': 'runnable_timing', 'label': 'e97ead2b-34c8-4ba7-9928-b0993041c888', 'context': [<snowplow_tracker.self_describing_json.SelfDescribingJson object at 0x74c909493250>]}
[0m17:18:50.216609 [info ] [MainThread]: Concurrency: 4 threads (target='dev')
[0m17:18:50.217455 [info ] [MainThread]: 
[0m17:18:50.226977 [debug] [Thread-1 (]: Began running node model.northwind_dw.gold_customer_analytics
[0m17:18:50.227405 [debug] [Thread-2 (]: Began running node model.northwind_dw.gold_sales_by_category
[0m17:18:50.227855 [debug] [Thread-3 (]: Began running node model.northwind_dw.gold_sales_by_country
[0m17:18:50.228268 [info ] [Thread-1 (]: 1 of 3 START sql table model gold.gold_customer_analytics ...................... [RUN]
[0m17:18:50.228787 [info ] [Thread-2 (]: 2 of 3 START sql table model gold.gold_sales_by_category ....................... [RUN]
[0m17:18:50.229904 [info ] [Thread-3 (]: 3 of 3 START sql table model gold.gold_sales_by_country ........................ [RUN]
[0m17:18:50.231416 [debug] [Thread-1 (]: Re-using an available connection from the pool (formerly list_portifolio-482811_northwind_gold, now model.northwind_dw.gold_customer_analytics)
[0m17:18:50.232338 [debug] [Thread-2 (]: Re-using an available connection from the pool (formerly list_portifolio-482811_northwind_silver, now model.northwind_dw.gold_sales_by_category)
[0m17:18:50.233054 [debug] [Thread-3 (]: Re-using an available connection from the pool (formerly list_portifolio-482811_gold, now model.northwind_dw.gold_sales_by_country)
[0m17:18:50.233508 [debug] [Thread-1 (]: Began compiling node model.northwind_dw.gold_customer_analytics
[0m17:18:50.233857 [debug] [Thread-2 (]: Began compiling node model.northwind_dw.gold_sales_by_category
[0m17:18:50.234168 [debug] [Thread-3 (]: Began compiling node model.northwind_dw.gold_sales_by_country
[0m17:18:50.239524 [debug] [Thread-1 (]: Writing injected SQL for node "model.northwind_dw.gold_customer_analytics"
[0m17:18:50.242362 [debug] [Thread-2 (]: Writing injected SQL for node "model.northwind_dw.gold_sales_by_category"
[0m17:18:50.245044 [debug] [Thread-3 (]: Writing injected SQL for node "model.northwind_dw.gold_sales_by_country"
[0m17:18:50.246163 [debug] [Thread-1 (]: Timing info for model.northwind_dw.gold_customer_analytics (compile): 17:18:50.234386 => 17:18:50.245868
[0m17:18:50.246755 [debug] [Thread-2 (]: Timing info for model.northwind_dw.gold_sales_by_category (compile): 17:18:50.239975 => 17:18:50.246502
[0m17:18:50.247218 [debug] [Thread-1 (]: Began executing node model.northwind_dw.gold_customer_analytics
[0m17:18:50.247674 [debug] [Thread-2 (]: Began executing node model.northwind_dw.gold_sales_by_category
[0m17:18:50.258876 [debug] [Thread-3 (]: Timing info for model.northwind_dw.gold_sales_by_country (compile): 17:18:50.242768 => 17:18:50.258633
[0m17:18:50.270450 [debug] [Thread-1 (]: Writing runtime sql for node "model.northwind_dw.gold_customer_analytics"
[0m17:18:50.272618 [debug] [Thread-2 (]: Writing runtime sql for node "model.northwind_dw.gold_sales_by_category"
[0m17:18:50.273036 [debug] [Thread-3 (]: Began executing node model.northwind_dw.gold_sales_by_country
[0m17:18:50.275327 [debug] [Thread-3 (]: Writing runtime sql for node "model.northwind_dw.gold_sales_by_country"
[0m17:18:50.275946 [debug] [Thread-1 (]: Opening a new connection, currently in state closed
[0m17:18:50.276392 [debug] [Thread-2 (]: Opening a new connection, currently in state closed
[0m17:18:50.277075 [debug] [Thread-3 (]: Opening a new connection, currently in state closed
[0m17:18:50.305783 [debug] [Thread-3 (]: On model.northwind_dw.gold_sales_by_country: /* {"app": "dbt", "dbt_version": "1.7.4", "profile_name": "northwind_dw", "target_name": "dev", "node_id": "model.northwind_dw.gold_sales_by_country"} */

  
    

    create or replace table `portifolio-482811`.`gold`.`gold_sales_by_country`
      
    
    

    OPTIONS()
    as (
      -- Gold layer: Sales metrics by country


WITH sales_by_country AS (
    SELECT
        c.country,
        COUNT(DISTINCT o.order_id) AS total_orders,
        COUNT(DISTINCT c.customer_id) AS total_customers,
        SUM(o.line_total) AS total_revenue,
        AVG(o.line_total) AS avg_order_value,
        SUM(o.quantity) AS total_units_sold,
        SUM(o.line_total * o.discount / (1 - o.discount)) AS total_discounts,
        MIN(o.order_date) AS first_order_date,
        MAX(o.order_date) AS last_order_date
    FROM `portifolio-482811`.`northwind_silver`.`silver_fact_orders` o
    INNER JOIN `portifolio-482811`.`northwind_silver`.`silver_dim_customers` c ON o.customer_id = c.customer_id
    WHERE o.order_date IS NOT NULL
    GROUP BY c.country
)

SELECT
    country,
    total_orders,
    total_customers,
    ROUND(total_revenue, 2) AS total_revenue,
    ROUND(avg_order_value, 2) AS avg_order_value,
    total_units_sold,
    ROUND(total_discounts, 2) AS total_discounts,
    ROUND(total_revenue / total_customers, 2) AS revenue_per_customer,
    first_order_date,
    last_order_date,
    CURRENT_TIMESTAMP() AS updated_at
FROM sales_by_country
ORDER BY total_revenue DESC
    );
  
[0m17:18:50.306679 [debug] [Thread-1 (]: On model.northwind_dw.gold_customer_analytics: /* {"app": "dbt", "dbt_version": "1.7.4", "profile_name": "northwind_dw", "target_name": "dev", "node_id": "model.northwind_dw.gold_customer_analytics"} */

  
    

    create or replace table `portifolio-482811`.`gold`.`gold_customer_analytics`
      
    
    

    OPTIONS()
    as (
      -- Gold layer: Customer analytics and segmentation


WITH customer_metrics AS (
    SELECT
        c.customer_id,
        c.company_name,
        c.contact_name,
        c.city,
        c.country,
        COUNT(DISTINCT o.order_id) AS total_orders,
        SUM(o.line_total) AS total_spent,
        AVG(o.line_total) AS avg_order_value,
        SUM(o.quantity) AS total_items_purchased,
        SUM(o.line_total * o.discount / (1 - o.discount)) AS total_discounts_received,
        MIN(o.order_date) AS first_order_date,
        MAX(o.order_date) AS last_order_date,
        DATE_DIFF(CURRENT_DATE(), MAX(o.order_date), DAY) AS days_since_last_order
    FROM `portifolio-482811`.`northwind_silver`.`silver_dim_customers` c
    LEFT JOIN `portifolio-482811`.`northwind_silver`.`silver_fact_orders` o ON c.customer_id = o.customer_id
    GROUP BY 
        c.customer_id,
        c.company_name,
        c.contact_name,
        c.city,
        c.country
)

SELECT
    customer_id,
    company_name,
    contact_name,
    city,
    country,
    total_orders,
    ROUND(total_spent, 2) AS total_spent,
    ROUND(avg_order_value, 2) AS avg_order_value,
    total_items_purchased,
    ROUND(total_discounts_received, 2) AS total_discounts_received,
    first_order_date,
    last_order_date,
    days_since_last_order,
    -- Customer segmentation
    CASE 
        WHEN total_orders >= 10 THEN 'VIP'
        WHEN total_orders >= 5 THEN 'Frequent'
        WHEN total_orders >= 2 THEN 'Regular'
        ELSE 'New'
    END AS customer_segment,
    CASE 
        WHEN days_since_last_order <= 30 THEN 'Active'
        WHEN days_since_last_order <= 90 THEN 'At Risk'
        ELSE 'Inactive'
    END AS activity_status,
    CURRENT_TIMESTAMP() AS updated_at
FROM customer_metrics
ORDER BY total_spent DESC
    );
  
[0m17:18:50.307212 [debug] [Thread-2 (]: On model.northwind_dw.gold_sales_by_category: /* {"app": "dbt", "dbt_version": "1.7.4", "profile_name": "northwind_dw", "target_name": "dev", "node_id": "model.northwind_dw.gold_sales_by_category"} */

  
    

    create or replace table `portifolio-482811`.`gold`.`gold_sales_by_category`
      
    
    

    OPTIONS()
    as (
      -- Gold layer: Sales metrics by product category


WITH sales_by_category AS (
    SELECT
        p.category_id,
        p.category_name,
        COUNT(DISTINCT od.order_id) AS total_orders,
        COUNT(DISTINCT od.product_id) AS total_products,
        SUM(od.quantity) AS total_units_sold,
        SUM(od.unit_price * od.quantity * (1 - od.discount)) AS total_revenue,
        AVG(od.unit_price * od.quantity * (1 - od.discount)) AS avg_order_line_value,
        SUM(od.unit_price * od.quantity * od.discount) AS total_discounts
    FROM `portifolio-482811`.`northwind_bronze`.`bronze_order_details` od
    INNER JOIN `portifolio-482811`.`northwind_silver`.`silver_dim_products` p ON od.product_id = p.product_id
    GROUP BY p.category_id, p.category_name
)

SELECT
    category_id,
    category_name,
    category_name AS category_description,
    total_orders,
    total_products,
    total_units_sold,
    ROUND(total_revenue, 2) AS total_revenue,
    ROUND(avg_order_line_value, 2) AS avg_order_line_value,
    ROUND(total_discounts, 2) AS total_discounts,
    ROUND(total_revenue / total_orders, 2) AS revenue_per_order,
    CURRENT_TIMESTAMP() AS updated_at
FROM sales_by_category
ORDER BY total_revenue DESC
    );
  
[0m17:18:51.435246 [debug] [Thread-3 (]: BigQuery adapter: https://console.cloud.google.com/bigquery?project=portifolio-482811&j=bq:US:7aec3598-a2de-4c3a-8e63-2d1d7644fa7e&page=queryresults
[0m17:18:51.481537 [debug] [Thread-2 (]: BigQuery adapter: https://console.cloud.google.com/bigquery?project=portifolio-482811&j=bq:US:fce815db-e2c0-45c9-b501-de2225c92ea6&page=queryresults
[0m17:18:51.569344 [debug] [Thread-1 (]: BigQuery adapter: https://console.cloud.google.com/bigquery?project=portifolio-482811&j=bq:US:5ca93c1a-5edc-4820-8af4-6f1c3a80f27d&page=queryresults
[0m17:18:53.623081 [debug] [Thread-3 (]: Timing info for model.northwind_dw.gold_sales_by_country (execute): 17:18:50.273631 => 17:18:53.622896
[0m17:18:53.623748 [debug] [Thread-3 (]: Sending event: {'category': 'dbt', 'action': 'run_model', 'label': 'e97ead2b-34c8-4ba7-9928-b0993041c888', 'context': [<snowplow_tracker.self_describing_json.SelfDescribingJson object at 0x74c90945f390>]}
[0m17:18:53.624264 [info ] [Thread-3 (]: 3 of 3 OK created sql table model gold.gold_sales_by_country ................... [[32mCREATE TABLE (4.0 rows, 765.0 Bytes processed)[0m in 3.39s]
[0m17:18:53.624747 [debug] [Thread-3 (]: Finished running node model.northwind_dw.gold_sales_by_country
[0m17:18:53.683179 [debug] [Thread-2 (]: Timing info for model.northwind_dw.gold_sales_by_category (execute): 17:18:50.270782 => 17:18:53.682785
[0m17:18:53.684454 [debug] [Thread-2 (]: Sending event: {'category': 'dbt', 'action': 'run_model', 'label': 'e97ead2b-34c8-4ba7-9928-b0993041c888', 'context': [<snowplow_tracker.self_describing_json.SelfDescribingJson object at 0x74c8e2979a50>]}
[0m17:18:53.685287 [info ] [Thread-2 (]: 2 of 3 OK created sql table model gold.gold_sales_by_category .................. [[32mCREATE TABLE (4.0 rows, 714.0 Bytes processed)[0m in 3.45s]
[0m17:18:53.685977 [debug] [Thread-2 (]: Finished running node model.northwind_dw.gold_sales_by_category
[0m17:18:53.713954 [debug] [Thread-1 (]: Timing info for model.northwind_dw.gold_customer_analytics (execute): 17:18:50.247940 => 17:18:53.713612
[0m17:18:53.714813 [debug] [Thread-1 (]: Sending event: {'category': 'dbt', 'action': 'run_model', 'label': 'e97ead2b-34c8-4ba7-9928-b0993041c888', 'context': [<snowplow_tracker.self_describing_json.SelfDescribingJson object at 0x74c909713d10>]}
[0m17:18:53.715471 [info ] [Thread-1 (]: 1 of 3 OK created sql table model gold.gold_customer_analytics ................. [[32mCREATE TABLE (5.0 rows, 1016.0 Bytes processed)[0m in 3.48s]
[0m17:18:53.716102 [debug] [Thread-1 (]: Finished running node model.northwind_dw.gold_customer_analytics
[0m17:18:53.718657 [debug] [MainThread]: Connection 'master' was properly closed.
[0m17:18:53.719024 [debug] [MainThread]: Connection 'model.northwind_dw.gold_sales_by_country' was properly closed.
[0m17:18:53.719337 [debug] [MainThread]: Connection 'model.northwind_dw.gold_customer_analytics' was properly closed.
[0m17:18:53.719612 [debug] [MainThread]: Connection 'model.northwind_dw.gold_sales_by_category' was properly closed.
[0m17:18:53.719906 [debug] [MainThread]: Connection 'list_portifolio-482811_northwind_bronze' was properly closed.
[0m17:18:53.720270 [info ] [MainThread]: 
[0m17:18:53.720641 [info ] [MainThread]: Finished running 3 table models in 0 hours 0 minutes and 7.39 seconds (7.39s).
[0m17:18:53.721382 [debug] [MainThread]: Command end result
[0m17:18:53.799348 [info ] [MainThread]: 
[0m17:18:53.799757 [info ] [MainThread]: [32mCompleted successfully[0m
[0m17:18:53.800096 [info ] [MainThread]: 
[0m17:18:53.800434 [info ] [MainThread]: Done. PASS=3 WARN=0 ERROR=0 SKIP=0 TOTAL=3
[0m17:18:53.801129 [debug] [MainThread]: Resource report: {"command_name": "run", "command_success": true, "command_wall_clock_time": 8.501901, "process_user_time": 3.760726, "process_kernel_time": 1.689433, "process_mem_max_rss": "244456", "process_out_blocks": "4216", "process_in_blocks": "0"}
[0m17:18:53.801539 [debug] [MainThread]: Command `dbt run` succeeded at 17:18:53.801430 after 8.50 seconds
[0m17:18:53.801833 [debug] [MainThread]: Sending event: {'category': 'dbt', 'action': 'invocation', 'label': 'end', 'context': [<snowplow_tracker.self_describing_json.SelfDescribingJson object at 0x74c949e93b90>, <snowplow_tracker.self_describing_json.SelfDescribingJson object at 0x74c94e2398d0>, <snowplow_tracker.self_describing_json.SelfDescribingJson object at 0x74c94e109d50>]}
[0m17:18:53.802121 [debug] [MainThread]: Flushing usage events
[0m17:20:55.236492 [debug] [MainThread]: Sending event: {'category': 'dbt', 'action': 'invocation', 'label': 'start', 'context': [<snowplow_tracker.self_describing_json.SelfDescribingJson object at 0x74613d21e910>, <snowplow_tracker.self_describing_json.SelfDescribingJson object at 0x74613cea7350>, <snowplow_tracker.self_describing_json.SelfDescribingJson object at 0x74613ca7f310>]}


============================== 17:20:55.240684 | 5e2bf723-c90f-44ae-87c8-988943f57c5b ==============================
[0m17:20:55.240684 [info ] [MainThread]: Running with dbt=1.7.4
[0m17:20:55.241116 [debug] [MainThread]: running dbt with arguments {'printer_width': '80', 'indirect_selection': 'eager', 'write_json': 'True', 'log_cache_events': 'False', 'partial_parse': 'True', 'cache_selected_only': 'False', 'profiles_dir': '/opt/airflow/dbt', 'version_check': 'True', 'fail_fast': 'False', 'log_path': '/opt/airflow/dbt/northwind_dw/logs', 'warn_error': 'None', 'debug': 'False', 'use_colors': 'True', 'use_experimental_parser': 'False', 'no_print': 'None', 'quiet': 'False', 'log_format': 'default', 'introspect': 'True', 'invocation_command': 'dbt run --profiles-dir /opt/airflow/dbt --full-refresh', 'static_parser': 'True', 'target_path': 'None', 'warn_error_options': 'WarnErrorOptions(include=[], exclude=[])', 'send_anonymous_usage_stats': 'True'}
[0m17:20:55.897949 [debug] [MainThread]: Sending event: {'category': 'dbt', 'action': 'project_id', 'label': '5e2bf723-c90f-44ae-87c8-988943f57c5b', 'context': [<snowplow_tracker.self_describing_json.SelfDescribingJson object at 0x74610120cc50>]}
[0m17:20:55.957486 [debug] [MainThread]: Sending event: {'category': 'dbt', 'action': 'adapter_info', 'label': '5e2bf723-c90f-44ae-87c8-988943f57c5b', 'context': [<snowplow_tracker.self_describing_json.SelfDescribingJson object at 0x74610120cc50>]}
[0m17:20:55.958192 [info ] [MainThread]: Registered adapter: bigquery=1.7.2
[0m17:20:55.967356 [debug] [MainThread]: checksum: 248e8aba381ba2d577dce7ab50d2010c2aac45d2b27e6e6214cdd96d2d41fabc, vars: {}, profile: , target: , version: 1.7.4
[0m17:20:55.992523 [debug] [MainThread]: Partial parsing enabled: 8 files deleted, 0 files added, 0 files changed.
[0m17:20:55.993070 [debug] [MainThread]: Partial parsing: deleted file: northwind_dw://models/gold/gold_employee_performance.sql
[0m17:20:55.993406 [debug] [MainThread]: Partial parsing: deleted file: northwind_dw://models/gold/gold_product_performance.sql
[0m17:20:55.993656 [debug] [MainThread]: Partial parsing: deleted file: northwind_dw://models/gold/gold_sales_by_category.sql
[0m17:20:55.993872 [debug] [MainThread]: Partial parsing: deleted file: northwind_dw://models/gold/gold_customer_analytics.sql
[0m17:20:55.994078 [debug] [MainThread]: Partial parsing: deleted file: northwind_dw://models/gold/gold_sales_by_country.sql
[0m17:20:55.994268 [debug] [MainThread]: Partial parsing: deleted file: northwind_dw://models/gold/gold_revenue_by_category.sql
[0m17:20:55.994480 [debug] [MainThread]: Partial parsing: deleted file: northwind_dw://models/gold/gold_customer_revenue.sql
[0m17:20:55.994673 [debug] [MainThread]: Partial parsing: deleted file: northwind_dw://models/gold/gold_revenue_by_supplier.sql
[0m17:20:56.030371 [warn ] [MainThread]: [[33mWARNING[0m]: Did not find matching node for patch with name 'gold_employee_performance' in the 'models' section of file 'models/gold/schema.yml'
[0m17:20:56.031262 [warn ] [MainThread]: [[33mWARNING[0m]: Did not find matching node for patch with name 'gold_product_performance' in the 'models' section of file 'models/gold/schema.yml'
[0m17:20:56.032012 [warn ] [MainThread]: [[33mWARNING[0m]: Did not find matching node for patch with name 'gold_sales_by_category' in the 'models' section of file 'models/gold/schema.yml'
[0m17:20:56.032638 [warn ] [MainThread]: [[33mWARNING[0m]: Did not find matching node for patch with name 'gold_customer_analytics' in the 'models' section of file 'models/gold/schema.yml'
[0m17:20:56.033266 [warn ] [MainThread]: [[33mWARNING[0m]: Did not find matching node for patch with name 'gold_sales_by_country' in the 'models' section of file 'models/gold/schema.yml'
[0m17:20:56.038741 [warn ] [MainThread]: [[33mWARNING[0m]: Configuration paths exist in your dbt_project.yml file which do not apply to any resources.
There are 1 unused configuration paths:
- models.northwind_dw.gold
[0m17:20:56.042724 [debug] [MainThread]: Sending event: {'category': 'dbt', 'action': 'load_project', 'label': '5e2bf723-c90f-44ae-87c8-988943f57c5b', 'context': [<snowplow_tracker.self_describing_json.SelfDescribingJson object at 0x746101269f10>]}
[0m17:20:56.058491 [debug] [MainThread]: Sending event: {'category': 'dbt', 'action': 'resource_counts', 'label': '5e2bf723-c90f-44ae-87c8-988943f57c5b', 'context': [<snowplow_tracker.self_describing_json.SelfDescribingJson object at 0x746100e1fcd0>]}
[0m17:20:56.058951 [info ] [MainThread]: Found 12 models, 22 tests, 8 sources, 0 exposures, 0 metrics, 562 macros, 0 groups, 0 semantic models
[0m17:20:56.059279 [debug] [MainThread]: Sending event: {'category': 'dbt', 'action': 'runnable_timing', 'label': '5e2bf723-c90f-44ae-87c8-988943f57c5b', 'context': [<snowplow_tracker.self_describing_json.SelfDescribingJson object at 0x7461010f39d0>]}
[0m17:20:56.061083 [info ] [MainThread]: 
[0m17:20:56.061770 [debug] [MainThread]: Acquiring new bigquery connection 'master'
[0m17:20:56.063186 [debug] [ThreadPool]: Acquiring new bigquery connection 'list_portifolio-482811'
[0m17:20:56.063978 [debug] [ThreadPool]: Acquiring new bigquery connection 'list_portifolio-482811'
[0m17:20:56.064348 [debug] [ThreadPool]: Opening a new connection, currently in state init
[0m17:20:56.064686 [debug] [ThreadPool]: Opening a new connection, currently in state init
[0m17:20:57.038888 [debug] [ThreadPool]: Re-using an available connection from the pool (formerly list_portifolio-482811, now list_portifolio-482811_northwind_bronze)
[0m17:20:57.040087 [debug] [ThreadPool]: Opening a new connection, currently in state closed
[0m17:20:57.042534 [debug] [ThreadPool]: Re-using an available connection from the pool (formerly list_portifolio-482811, now list_portifolio-482811_northwind_silver)
[0m17:20:57.045547 [debug] [ThreadPool]: Opening a new connection, currently in state closed
[0m17:20:58.030335 [debug] [MainThread]: Sending event: {'category': 'dbt', 'action': 'runnable_timing', 'label': '5e2bf723-c90f-44ae-87c8-988943f57c5b', 'context': [<snowplow_tracker.self_describing_json.SelfDescribingJson object at 0x746100c7f950>]}
[0m17:20:58.032006 [info ] [MainThread]: Concurrency: 4 threads (target='dev')
[0m17:20:58.033553 [info ] [MainThread]: 
[0m17:20:58.062484 [debug] [Thread-1 (]: Began running node model.northwind_dw.bronze_categories
[0m17:20:58.064207 [debug] [Thread-2 (]: Began running node model.northwind_dw.bronze_customers
[0m17:20:58.066255 [debug] [Thread-3 (]: Began running node model.northwind_dw.bronze_employees
[0m17:20:58.069525 [debug] [Thread-4 (]: Began running node model.northwind_dw.bronze_order_details
[0m17:20:58.068306 [info ] [Thread-1 (]: 1 of 12 START sql view model northwind_bronze.bronze_categories ................ [RUN]
[0m17:20:58.072496 [info ] [Thread-2 (]: 2 of 12 START sql view model northwind_bronze.bronze_customers ................. [RUN]
[0m17:20:58.074359 [info ] [Thread-3 (]: 3 of 12 START sql view model northwind_bronze.bronze_employees ................. [RUN]
[0m17:20:58.076054 [info ] [Thread-4 (]: 4 of 12 START sql view model northwind_bronze.bronze_order_details ............. [RUN]
[0m17:20:58.077979 [debug] [Thread-1 (]: Re-using an available connection from the pool (formerly list_portifolio-482811_northwind_silver, now model.northwind_dw.bronze_categories)
[0m17:20:58.079898 [debug] [Thread-2 (]: Re-using an available connection from the pool (formerly list_portifolio-482811_northwind_bronze, now model.northwind_dw.bronze_customers)
[0m17:20:58.081841 [debug] [Thread-3 (]: Acquiring new bigquery connection 'model.northwind_dw.bronze_employees'
[0m17:20:58.083630 [debug] [Thread-4 (]: Acquiring new bigquery connection 'model.northwind_dw.bronze_order_details'
[0m17:20:58.084846 [debug] [Thread-1 (]: Began compiling node model.northwind_dw.bronze_categories
[0m17:20:58.085825 [debug] [Thread-2 (]: Began compiling node model.northwind_dw.bronze_customers
[0m17:20:58.090437 [debug] [Thread-4 (]: Began compiling node model.northwind_dw.bronze_order_details
[0m17:20:58.105265 [debug] [Thread-1 (]: Writing injected SQL for node "model.northwind_dw.bronze_categories"
[0m17:20:58.112551 [debug] [Thread-2 (]: Writing injected SQL for node "model.northwind_dw.bronze_customers"
[0m17:20:58.086939 [debug] [Thread-3 (]: Began compiling node model.northwind_dw.bronze_employees
[0m17:20:58.119303 [debug] [Thread-4 (]: Writing injected SQL for node "model.northwind_dw.bronze_order_details"
[0m17:20:58.120299 [debug] [Thread-1 (]: Timing info for model.northwind_dw.bronze_categories (compile): 17:20:58.092639 => 17:20:58.120073
[0m17:20:58.123067 [debug] [Thread-3 (]: Writing injected SQL for node "model.northwind_dw.bronze_employees"
[0m17:20:58.124176 [debug] [Thread-2 (]: Timing info for model.northwind_dw.bronze_customers (compile): 17:20:58.109536 => 17:20:58.123776
[0m17:20:58.124803 [debug] [Thread-1 (]: Began executing node model.northwind_dw.bronze_categories
[0m17:20:58.125323 [debug] [Thread-4 (]: Timing info for model.northwind_dw.bronze_order_details (compile): 17:20:58.116700 => 17:20:58.125138
[0m17:20:58.125706 [debug] [Thread-2 (]: Began executing node model.northwind_dw.bronze_customers
[0m17:20:58.126054 [debug] [Thread-3 (]: Timing info for model.northwind_dw.bronze_employees (compile): 17:20:58.120565 => 17:20:58.125871
[0m17:20:58.147968 [debug] [Thread-4 (]: Began executing node model.northwind_dw.bronze_order_details
[0m17:20:58.149202 [debug] [Thread-1 (]: Opening a new connection, currently in state closed
[0m17:20:58.151594 [debug] [Thread-2 (]: Opening a new connection, currently in state closed
[0m17:20:58.152020 [debug] [Thread-3 (]: Began executing node model.northwind_dw.bronze_employees
[0m17:20:58.154985 [debug] [Thread-4 (]: Opening a new connection, currently in state init
[0m17:20:58.158700 [debug] [Thread-3 (]: Opening a new connection, currently in state init
[0m17:20:59.164610 [debug] [Thread-1 (]: Writing runtime sql for node "model.northwind_dw.bronze_categories"
[0m17:20:59.165386 [debug] [Thread-1 (]: On model.northwind_dw.bronze_categories: /* {"app": "dbt", "dbt_version": "1.7.4", "profile_name": "northwind_dw", "target_name": "dev", "node_id": "model.northwind_dw.bronze_categories"} */


  create or replace view `portifolio-482811`.`northwind_bronze`.`bronze_categories`
  OPTIONS()
  as -- Bronze layer: Raw data from PostgreSQL ingestion



SELECT *
FROM `portifolio-482811.northwind_bronze.bronze_categories`;


[0m17:20:59.185538 [debug] [Thread-2 (]: Writing runtime sql for node "model.northwind_dw.bronze_customers"
[0m17:20:59.186539 [debug] [Thread-2 (]: On model.northwind_dw.bronze_customers: /* {"app": "dbt", "dbt_version": "1.7.4", "profile_name": "northwind_dw", "target_name": "dev", "node_id": "model.northwind_dw.bronze_customers"} */


  create or replace view `portifolio-482811`.`northwind_bronze`.`bronze_customers`
  OPTIONS()
  as -- Bronze layer: Raw data from PostgreSQL ingestion



SELECT *
FROM `portifolio-482811.northwind_bronze.bronze_customers`;


[0m17:20:59.195999 [debug] [Thread-3 (]: Writing runtime sql for node "model.northwind_dw.bronze_employees"
[0m17:20:59.197566 [debug] [Thread-4 (]: Writing runtime sql for node "model.northwind_dw.bronze_order_details"
[0m17:20:59.198452 [debug] [Thread-4 (]: On model.northwind_dw.bronze_order_details: /* {"app": "dbt", "dbt_version": "1.7.4", "profile_name": "northwind_dw", "target_name": "dev", "node_id": "model.northwind_dw.bronze_order_details"} */


  create or replace view `portifolio-482811`.`northwind_bronze`.`bronze_order_details`
  OPTIONS()
  as -- Bronze layer: Raw data from PostgreSQL ingestion



SELECT *
FROM `portifolio-482811.northwind_bronze.bronze_order_details`;


[0m17:20:59.198999 [debug] [Thread-3 (]: On model.northwind_dw.bronze_employees: /* {"app": "dbt", "dbt_version": "1.7.4", "profile_name": "northwind_dw", "target_name": "dev", "node_id": "model.northwind_dw.bronze_employees"} */


  create or replace view `portifolio-482811`.`northwind_bronze`.`bronze_employees`
  OPTIONS()
  as -- Bronze layer: Raw data from PostgreSQL ingestion



SELECT *
FROM `portifolio-482811.northwind_bronze.bronze_employees`;


[0m17:20:59.591473 [debug] [Thread-3 (]: BigQuery adapter: https://console.cloud.google.com/bigquery?project=portifolio-482811&j=bq:US:b316d18d-2d04-43e0-beee-9723ec2c45ea&page=queryresults
[0m17:20:59.593656 [debug] [Thread-3 (]: BigQuery adapter: Unhandled error while running:
/* {"app": "dbt", "dbt_version": "1.7.4", "profile_name": "northwind_dw", "target_name": "dev", "node_id": "model.northwind_dw.bronze_employees"} */


  create or replace view `portifolio-482811`.`northwind_bronze`.`bronze_employees`
  OPTIONS()
  as -- Bronze layer: Raw data from PostgreSQL ingestion



SELECT *
FROM `portifolio-482811.northwind_bronze.bronze_employees`;


[0m17:20:59.594774 [debug] [Thread-3 (]: BigQuery adapter: 404 Not found: Table portifolio-482811:northwind_bronze.bronze_employees was not found in location US

Location: US
Job ID: b316d18d-2d04-43e0-beee-9723ec2c45ea

[0m17:20:59.595570 [debug] [Thread-3 (]: Timing info for model.northwind_dw.bronze_employees (execute): 17:20:58.156120 => 17:20:59.595321
[0m17:20:59.603625 [debug] [Thread-3 (]: Runtime Error in model bronze_employees (models/bronze/bronze_employees.sql)
  404 Not found: Table portifolio-482811:northwind_bronze.bronze_employees was not found in location US
  
  Location: US
  Job ID: b316d18d-2d04-43e0-beee-9723ec2c45ea
  
[0m17:20:59.604537 [debug] [Thread-3 (]: Sending event: {'category': 'dbt', 'action': 'run_model', 'label': '5e2bf723-c90f-44ae-87c8-988943f57c5b', 'context': [<snowplow_tracker.self_describing_json.SelfDescribingJson object at 0x746100a58210>]}
[0m17:20:59.605237 [error] [Thread-3 (]: 3 of 12 ERROR creating sql view model northwind_bronze.bronze_employees ........ [[31mERROR[0m in 1.52s]
[0m17:20:59.606124 [debug] [Thread-3 (]: Finished running node model.northwind_dw.bronze_employees
[0m17:20:59.606871 [debug] [Thread-3 (]: Began running node model.northwind_dw.bronze_orders
[0m17:20:59.607378 [info ] [Thread-3 (]: 5 of 12 START sql view model northwind_bronze.bronze_orders .................... [RUN]
[0m17:20:59.608923 [debug] [Thread-3 (]: Re-using an available connection from the pool (formerly model.northwind_dw.bronze_employees, now model.northwind_dw.bronze_orders)
[0m17:20:59.609310 [debug] [Thread-3 (]: Began compiling node model.northwind_dw.bronze_orders
[0m17:20:59.616355 [debug] [Thread-3 (]: Writing injected SQL for node "model.northwind_dw.bronze_orders"
[0m17:20:59.618319 [debug] [Thread-3 (]: Timing info for model.northwind_dw.bronze_orders (compile): 17:20:59.609503 => 17:20:59.617544
[0m17:20:59.619011 [debug] [Thread-3 (]: Began executing node model.northwind_dw.bronze_orders
[0m17:20:59.622640 [debug] [Thread-3 (]: Opening a new connection, currently in state closed
[0m17:20:59.624680 [debug] [Thread-4 (]: BigQuery adapter: https://console.cloud.google.com/bigquery?project=portifolio-482811&j=bq:US:98d33875-d14f-4d9f-8ea9-898c5d16153b&page=queryresults
[0m17:20:59.626292 [debug] [Thread-1 (]: BigQuery adapter: https://console.cloud.google.com/bigquery?project=portifolio-482811&j=bq:US:084bf7d5-9cf2-4330-9650-8f68a7d16422&page=queryresults
[0m17:20:59.628093 [debug] [Thread-4 (]: BigQuery adapter: Unhandled error while running:
/* {"app": "dbt", "dbt_version": "1.7.4", "profile_name": "northwind_dw", "target_name": "dev", "node_id": "model.northwind_dw.bronze_order_details"} */


  create or replace view `portifolio-482811`.`northwind_bronze`.`bronze_order_details`
  OPTIONS()
  as -- Bronze layer: Raw data from PostgreSQL ingestion



SELECT *
FROM `portifolio-482811.northwind_bronze.bronze_order_details`;


[0m17:20:59.628893 [debug] [Thread-4 (]: BigQuery adapter: 404 Not found: Table portifolio-482811:northwind_bronze.bronze_order_details was not found in location US

Location: US
Job ID: 98d33875-d14f-4d9f-8ea9-898c5d16153b

[0m17:20:59.629570 [debug] [Thread-1 (]: BigQuery adapter: Unhandled error while running:
/* {"app": "dbt", "dbt_version": "1.7.4", "profile_name": "northwind_dw", "target_name": "dev", "node_id": "model.northwind_dw.bronze_categories"} */


  create or replace view `portifolio-482811`.`northwind_bronze`.`bronze_categories`
  OPTIONS()
  as -- Bronze layer: Raw data from PostgreSQL ingestion



SELECT *
FROM `portifolio-482811.northwind_bronze.bronze_categories`;


[0m17:20:59.630402 [debug] [Thread-4 (]: Timing info for model.northwind_dw.bronze_order_details (execute): 17:20:58.152283 => 17:20:59.630141
[0m17:20:59.630820 [debug] [Thread-1 (]: BigQuery adapter: 404 Not found: Table portifolio-482811:northwind_bronze.bronze_categories was not found in location US

Location: US
Job ID: 084bf7d5-9cf2-4330-9650-8f68a7d16422

[0m17:20:59.632309 [debug] [Thread-1 (]: Timing info for model.northwind_dw.bronze_categories (execute): 17:20:58.126337 => 17:20:59.632121
[0m17:20:59.635172 [debug] [Thread-4 (]: Runtime Error in model bronze_order_details (models/bronze/bronze_order_details.sql)
  404 Not found: Table portifolio-482811:northwind_bronze.bronze_order_details was not found in location US
  
  Location: US
  Job ID: 98d33875-d14f-4d9f-8ea9-898c5d16153b
  
[0m17:20:59.636261 [debug] [Thread-1 (]: Runtime Error in model bronze_categories (models/bronze/bronze_categories.sql)
  404 Not found: Table portifolio-482811:northwind_bronze.bronze_categories was not found in location US
  
  Location: US
  Job ID: 084bf7d5-9cf2-4330-9650-8f68a7d16422
  
[0m17:20:59.636734 [debug] [Thread-4 (]: Sending event: {'category': 'dbt', 'action': 'run_model', 'label': '5e2bf723-c90f-44ae-87c8-988943f57c5b', 'context': [<snowplow_tracker.self_describing_json.SelfDescribingJson object at 0x746100a7a7d0>]}
[0m17:20:59.637097 [debug] [Thread-1 (]: Sending event: {'category': 'dbt', 'action': 'run_model', 'label': '5e2bf723-c90f-44ae-87c8-988943f57c5b', 'context': [<snowplow_tracker.self_describing_json.SelfDescribingJson object at 0x746100bedc10>]}
[0m17:20:59.637591 [error] [Thread-4 (]: 4 of 12 ERROR creating sql view model northwind_bronze.bronze_order_details .... [[31mERROR[0m in 1.55s]
[0m17:20:59.639013 [debug] [Thread-4 (]: Finished running node model.northwind_dw.bronze_order_details
[0m17:20:59.638628 [error] [Thread-1 (]: 1 of 12 ERROR creating sql view model northwind_bronze.bronze_categories ....... [[31mERROR[0m in 1.56s]
[0m17:20:59.639490 [debug] [Thread-4 (]: Began running node model.northwind_dw.bronze_products
[0m17:20:59.640056 [debug] [Thread-1 (]: Finished running node model.northwind_dw.bronze_categories
[0m17:20:59.640508 [info ] [Thread-4 (]: 6 of 12 START sql view model northwind_bronze.bronze_products .................. [RUN]
[0m17:20:59.640955 [debug] [Thread-1 (]: Began running node model.northwind_dw.bronze_shippers
[0m17:20:59.641653 [debug] [Thread-4 (]: Re-using an available connection from the pool (formerly model.northwind_dw.bronze_order_details, now model.northwind_dw.bronze_products)
[0m17:20:59.642095 [info ] [Thread-1 (]: 7 of 12 START sql view model northwind_bronze.bronze_shippers .................. [RUN]
[0m17:20:59.642479 [debug] [Thread-4 (]: Began compiling node model.northwind_dw.bronze_products
[0m17:20:59.643041 [debug] [Thread-1 (]: Re-using an available connection from the pool (formerly model.northwind_dw.bronze_categories, now model.northwind_dw.bronze_shippers)
[0m17:20:59.645315 [debug] [Thread-4 (]: Writing injected SQL for node "model.northwind_dw.bronze_products"
[0m17:20:59.645781 [debug] [Thread-1 (]: Began compiling node model.northwind_dw.bronze_shippers
[0m17:20:59.648067 [debug] [Thread-1 (]: Writing injected SQL for node "model.northwind_dw.bronze_shippers"
[0m17:20:59.648717 [debug] [Thread-4 (]: Timing info for model.northwind_dw.bronze_products (compile): 17:20:59.643309 => 17:20:59.648507
[0m17:20:59.649067 [debug] [Thread-4 (]: Began executing node model.northwind_dw.bronze_products
[0m17:20:59.649424 [debug] [Thread-1 (]: Timing info for model.northwind_dw.bronze_shippers (compile): 17:20:59.646265 => 17:20:59.649253
[0m17:20:59.651548 [debug] [Thread-4 (]: Opening a new connection, currently in state closed
[0m17:20:59.651944 [debug] [Thread-1 (]: Began executing node model.northwind_dw.bronze_shippers
[0m17:20:59.654336 [debug] [Thread-1 (]: Opening a new connection, currently in state closed
[0m17:20:59.740806 [debug] [Thread-2 (]: BigQuery adapter: https://console.cloud.google.com/bigquery?project=portifolio-482811&j=bq:US:ff77510f-e01b-47db-b740-b9488dce7d43&page=queryresults
[0m17:20:59.744238 [debug] [Thread-2 (]: BigQuery adapter: Unhandled error while running:
/* {"app": "dbt", "dbt_version": "1.7.4", "profile_name": "northwind_dw", "target_name": "dev", "node_id": "model.northwind_dw.bronze_customers"} */


  create or replace view `portifolio-482811`.`northwind_bronze`.`bronze_customers`
  OPTIONS()
  as -- Bronze layer: Raw data from PostgreSQL ingestion



SELECT *
FROM `portifolio-482811.northwind_bronze.bronze_customers`;


[0m17:20:59.745818 [debug] [Thread-2 (]: BigQuery adapter: 404 Not found: Table portifolio-482811:northwind_bronze.bronze_customers was not found in location US

Location: US
Job ID: ff77510f-e01b-47db-b740-b9488dce7d43

[0m17:20:59.747398 [debug] [Thread-2 (]: Timing info for model.northwind_dw.bronze_customers (execute): 17:20:58.149528 => 17:20:59.746754
[0m17:20:59.753186 [debug] [Thread-2 (]: Runtime Error in model bronze_customers (models/bronze/bronze_customers.sql)
  404 Not found: Table portifolio-482811:northwind_bronze.bronze_customers was not found in location US
  
  Location: US
  Job ID: ff77510f-e01b-47db-b740-b9488dce7d43
  
[0m17:20:59.754122 [debug] [Thread-2 (]: Sending event: {'category': 'dbt', 'action': 'run_model', 'label': '5e2bf723-c90f-44ae-87c8-988943f57c5b', 'context': [<snowplow_tracker.self_describing_json.SelfDescribingJson object at 0x746100bd3950>]}
[0m17:20:59.755694 [error] [Thread-2 (]: 2 of 12 ERROR creating sql view model northwind_bronze.bronze_customers ........ [[31mERROR[0m in 1.68s]
[0m17:20:59.758055 [debug] [Thread-2 (]: Finished running node model.northwind_dw.bronze_customers
[0m17:20:59.759321 [debug] [Thread-2 (]: Began running node model.northwind_dw.bronze_suppliers
[0m17:20:59.761132 [info ] [Thread-2 (]: 8 of 12 START sql view model northwind_bronze.bronze_suppliers ................. [RUN]
[0m17:20:59.762556 [debug] [Thread-2 (]: Re-using an available connection from the pool (formerly model.northwind_dw.bronze_customers, now model.northwind_dw.bronze_suppliers)
[0m17:20:59.763555 [debug] [Thread-2 (]: Began compiling node model.northwind_dw.bronze_suppliers
[0m17:20:59.768185 [debug] [Thread-2 (]: Writing injected SQL for node "model.northwind_dw.bronze_suppliers"
[0m17:20:59.770465 [debug] [Thread-2 (]: Timing info for model.northwind_dw.bronze_suppliers (compile): 17:20:59.764364 => 17:20:59.770035
[0m17:20:59.771148 [debug] [Thread-2 (]: Began executing node model.northwind_dw.bronze_suppliers
[0m17:20:59.774432 [debug] [Thread-2 (]: Opening a new connection, currently in state closed
[0m17:21:00.509982 [debug] [Thread-3 (]: Writing runtime sql for node "model.northwind_dw.bronze_orders"
[0m17:21:00.510847 [debug] [Thread-3 (]: On model.northwind_dw.bronze_orders: /* {"app": "dbt", "dbt_version": "1.7.4", "profile_name": "northwind_dw", "target_name": "dev", "node_id": "model.northwind_dw.bronze_orders"} */


  create or replace view `portifolio-482811`.`northwind_bronze`.`bronze_orders`
  OPTIONS()
  as -- Bronze layer: Raw data from PostgreSQL ingestion



SELECT *
FROM `portifolio-482811.northwind_bronze.bronze_orders`;


[0m17:21:00.516956 [debug] [Thread-1 (]: Writing runtime sql for node "model.northwind_dw.bronze_shippers"
[0m17:21:00.517562 [debug] [Thread-1 (]: On model.northwind_dw.bronze_shippers: /* {"app": "dbt", "dbt_version": "1.7.4", "profile_name": "northwind_dw", "target_name": "dev", "node_id": "model.northwind_dw.bronze_shippers"} */


  create or replace view `portifolio-482811`.`northwind_bronze`.`bronze_shippers`
  OPTIONS()
  as -- Bronze layer: Raw data from PostgreSQL ingestion



SELECT *
FROM `portifolio-482811.northwind_bronze.bronze_shippers`;


[0m17:21:00.544419 [debug] [Thread-4 (]: Writing runtime sql for node "model.northwind_dw.bronze_products"
[0m17:21:00.545389 [debug] [Thread-4 (]: On model.northwind_dw.bronze_products: /* {"app": "dbt", "dbt_version": "1.7.4", "profile_name": "northwind_dw", "target_name": "dev", "node_id": "model.northwind_dw.bronze_products"} */


  create or replace view `portifolio-482811`.`northwind_bronze`.`bronze_products`
  OPTIONS()
  as -- Bronze layer: Raw data from PostgreSQL ingestion



SELECT *
FROM `portifolio-482811.northwind_bronze.bronze_products`;


[0m17:21:00.646266 [debug] [Thread-2 (]: Writing runtime sql for node "model.northwind_dw.bronze_suppliers"
[0m17:21:00.647215 [debug] [Thread-2 (]: On model.northwind_dw.bronze_suppliers: /* {"app": "dbt", "dbt_version": "1.7.4", "profile_name": "northwind_dw", "target_name": "dev", "node_id": "model.northwind_dw.bronze_suppliers"} */


  create or replace view `portifolio-482811`.`northwind_bronze`.`bronze_suppliers`
  OPTIONS()
  as -- Bronze layer: Raw data from PostgreSQL ingestion



SELECT *
FROM `portifolio-482811.northwind_bronze.bronze_suppliers`;


[0m17:21:00.919012 [debug] [Thread-3 (]: BigQuery adapter: https://console.cloud.google.com/bigquery?project=portifolio-482811&j=bq:US:271e3060-dc94-426d-a9c2-d9e5e25e918c&page=queryresults
[0m17:21:00.920750 [debug] [Thread-3 (]: BigQuery adapter: Unhandled error while running:
/* {"app": "dbt", "dbt_version": "1.7.4", "profile_name": "northwind_dw", "target_name": "dev", "node_id": "model.northwind_dw.bronze_orders"} */


  create or replace view `portifolio-482811`.`northwind_bronze`.`bronze_orders`
  OPTIONS()
  as -- Bronze layer: Raw data from PostgreSQL ingestion



SELECT *
FROM `portifolio-482811.northwind_bronze.bronze_orders`;


[0m17:21:00.921569 [debug] [Thread-3 (]: BigQuery adapter: 404 Not found: Table portifolio-482811:northwind_bronze.bronze_orders was not found in location US

Location: US
Job ID: 271e3060-dc94-426d-a9c2-d9e5e25e918c

[0m17:21:00.925812 [debug] [Thread-3 (]: Timing info for model.northwind_dw.bronze_orders (execute): 17:20:59.619275 => 17:21:00.925232
[0m17:21:00.932045 [debug] [Thread-3 (]: Runtime Error in model bronze_orders (models/bronze/bronze_orders.sql)
  404 Not found: Table portifolio-482811:northwind_bronze.bronze_orders was not found in location US
  
  Location: US
  Job ID: 271e3060-dc94-426d-a9c2-d9e5e25e918c
  
[0m17:21:00.933144 [debug] [Thread-3 (]: Sending event: {'category': 'dbt', 'action': 'run_model', 'label': '5e2bf723-c90f-44ae-87c8-988943f57c5b', 'context': [<snowplow_tracker.self_describing_json.SelfDescribingJson object at 0x746100ad0210>]}
[0m17:21:00.934176 [error] [Thread-3 (]: 5 of 12 ERROR creating sql view model northwind_bronze.bronze_orders ........... [[31mERROR[0m in 1.32s]
[0m17:21:00.935088 [debug] [Thread-3 (]: Finished running node model.northwind_dw.bronze_orders
[0m17:21:00.935691 [debug] [Thread-3 (]: Began running node model.northwind_dw.silver_dim_employees
[0m17:21:00.936766 [info ] [Thread-3 (]: 9 of 12 SKIP relation northwind_silver.silver_dim_employees .................... [[33mSKIP[0m]
[0m17:21:00.937455 [debug] [Thread-3 (]: Finished running node model.northwind_dw.silver_dim_employees
[0m17:21:00.937956 [debug] [Thread-3 (]: Began running node model.northwind_dw.silver_dim_customers
[0m17:21:00.938636 [info ] [Thread-3 (]: 10 of 12 SKIP relation northwind_silver.silver_dim_customers ................... [[33mSKIP[0m]
[0m17:21:00.939259 [debug] [Thread-3 (]: Finished running node model.northwind_dw.silver_dim_customers
[0m17:21:00.939947 [debug] [Thread-3 (]: Began running node model.northwind_dw.silver_fact_orders
[0m17:21:00.940784 [info ] [Thread-3 (]: 11 of 12 SKIP relation northwind_silver.silver_fact_orders ..................... [[33mSKIP[0m]
[0m17:21:00.941779 [debug] [Thread-3 (]: Finished running node model.northwind_dw.silver_fact_orders
[0m17:21:00.944718 [debug] [Thread-4 (]: BigQuery adapter: https://console.cloud.google.com/bigquery?project=portifolio-482811&j=bq:US:6935c6eb-eae7-4918-970c-af29ccc3ea78&page=queryresults
[0m17:21:00.948926 [debug] [Thread-1 (]: BigQuery adapter: https://console.cloud.google.com/bigquery?project=portifolio-482811&j=bq:US:dba9a986-9f43-444c-8e79-4a85b964aef4&page=queryresults
[0m17:21:00.950141 [debug] [Thread-4 (]: BigQuery adapter: Unhandled error while running:
/* {"app": "dbt", "dbt_version": "1.7.4", "profile_name": "northwind_dw", "target_name": "dev", "node_id": "model.northwind_dw.bronze_products"} */


  create or replace view `portifolio-482811`.`northwind_bronze`.`bronze_products`
  OPTIONS()
  as -- Bronze layer: Raw data from PostgreSQL ingestion



SELECT *
FROM `portifolio-482811.northwind_bronze.bronze_products`;


[0m17:21:00.951594 [debug] [Thread-4 (]: BigQuery adapter: 404 Not found: Table portifolio-482811:northwind_bronze.bronze_products was not found in location US

Location: US
Job ID: 6935c6eb-eae7-4918-970c-af29ccc3ea78

[0m17:21:00.952548 [debug] [Thread-1 (]: BigQuery adapter: Unhandled error while running:
/* {"app": "dbt", "dbt_version": "1.7.4", "profile_name": "northwind_dw", "target_name": "dev", "node_id": "model.northwind_dw.bronze_shippers"} */


  create or replace view `portifolio-482811`.`northwind_bronze`.`bronze_shippers`
  OPTIONS()
  as -- Bronze layer: Raw data from PostgreSQL ingestion



SELECT *
FROM `portifolio-482811.northwind_bronze.bronze_shippers`;


[0m17:21:00.953550 [debug] [Thread-4 (]: Timing info for model.northwind_dw.bronze_products (execute): 17:20:59.649624 => 17:21:00.953266
[0m17:21:00.954102 [debug] [Thread-1 (]: BigQuery adapter: 404 Not found: Table portifolio-482811:northwind_bronze.bronze_shippers was not found in location US

Location: US
Job ID: dba9a986-9f43-444c-8e79-4a85b964aef4

[0m17:21:00.957696 [debug] [Thread-1 (]: Timing info for model.northwind_dw.bronze_shippers (execute): 17:20:59.652422 => 17:21:00.957432
[0m17:21:00.961024 [debug] [Thread-1 (]: Runtime Error in model bronze_shippers (models/bronze/bronze_shippers.sql)
  404 Not found: Table portifolio-482811:northwind_bronze.bronze_shippers was not found in location US
  
  Location: US
  Job ID: dba9a986-9f43-444c-8e79-4a85b964aef4
  
[0m17:21:00.962479 [debug] [Thread-4 (]: Runtime Error in model bronze_products (models/bronze/bronze_products.sql)
  404 Not found: Table portifolio-482811:northwind_bronze.bronze_products was not found in location US
  
  Location: US
  Job ID: 6935c6eb-eae7-4918-970c-af29ccc3ea78
  
[0m17:21:00.963222 [debug] [Thread-1 (]: Sending event: {'category': 'dbt', 'action': 'run_model', 'label': '5e2bf723-c90f-44ae-87c8-988943f57c5b', 'context': [<snowplow_tracker.self_describing_json.SelfDescribingJson object at 0x7460f8754d90>]}
[0m17:21:00.963874 [debug] [Thread-4 (]: Sending event: {'category': 'dbt', 'action': 'run_model', 'label': '5e2bf723-c90f-44ae-87c8-988943f57c5b', 'context': [<snowplow_tracker.self_describing_json.SelfDescribingJson object at 0x7460f874ac90>]}
[0m17:21:00.964509 [error] [Thread-1 (]: 7 of 12 ERROR creating sql view model northwind_bronze.bronze_shippers ......... [[31mERROR[0m in 1.32s]
[0m17:21:00.965580 [debug] [Thread-1 (]: Finished running node model.northwind_dw.bronze_shippers
[0m17:21:00.964975 [error] [Thread-4 (]: 6 of 12 ERROR creating sql view model northwind_bronze.bronze_products ......... [[31mERROR[0m in 1.32s]
[0m17:21:00.966316 [debug] [Thread-4 (]: Finished running node model.northwind_dw.bronze_products
[0m17:21:01.094586 [debug] [Thread-2 (]: BigQuery adapter: https://console.cloud.google.com/bigquery?project=portifolio-482811&j=bq:US:caabba30-852e-41ec-af1b-e030cab1dfd5&page=queryresults
[0m17:21:01.098867 [debug] [Thread-2 (]: BigQuery adapter: Unhandled error while running:
/* {"app": "dbt", "dbt_version": "1.7.4", "profile_name": "northwind_dw", "target_name": "dev", "node_id": "model.northwind_dw.bronze_suppliers"} */


  create or replace view `portifolio-482811`.`northwind_bronze`.`bronze_suppliers`
  OPTIONS()
  as -- Bronze layer: Raw data from PostgreSQL ingestion



SELECT *
FROM `portifolio-482811.northwind_bronze.bronze_suppliers`;


[0m17:21:01.102046 [debug] [Thread-2 (]: BigQuery adapter: 404 Not found: Table portifolio-482811:northwind_bronze.bronze_suppliers was not found in location US

Location: US
Job ID: caabba30-852e-41ec-af1b-e030cab1dfd5

[0m17:21:01.104467 [debug] [Thread-2 (]: Timing info for model.northwind_dw.bronze_suppliers (execute): 17:20:59.771531 => 17:21:01.103593
[0m17:21:01.110820 [debug] [Thread-2 (]: Runtime Error in model bronze_suppliers (models/bronze/bronze_suppliers.sql)
  404 Not found: Table portifolio-482811:northwind_bronze.bronze_suppliers was not found in location US
  
  Location: US
  Job ID: caabba30-852e-41ec-af1b-e030cab1dfd5
  
[0m17:21:01.111670 [debug] [Thread-2 (]: Sending event: {'category': 'dbt', 'action': 'run_model', 'label': '5e2bf723-c90f-44ae-87c8-988943f57c5b', 'context': [<snowplow_tracker.self_describing_json.SelfDescribingJson object at 0x7460f8749550>]}
[0m17:21:01.112775 [error] [Thread-2 (]: 8 of 12 ERROR creating sql view model northwind_bronze.bronze_suppliers ........ [[31mERROR[0m in 1.35s]
[0m17:21:01.113548 [debug] [Thread-2 (]: Finished running node model.northwind_dw.bronze_suppliers
[0m17:21:01.114817 [debug] [Thread-3 (]: Began running node model.northwind_dw.silver_dim_products
[0m17:21:01.115286 [info ] [Thread-3 (]: 12 of 12 SKIP relation northwind_silver.silver_dim_products .................... [[33mSKIP[0m]
[0m17:21:01.115767 [debug] [Thread-3 (]: Finished running node model.northwind_dw.silver_dim_products
[0m17:21:01.118734 [debug] [MainThread]: Connection 'master' was properly closed.
[0m17:21:01.119045 [debug] [MainThread]: Connection 'model.northwind_dw.bronze_suppliers' was properly closed.
[0m17:21:01.119296 [debug] [MainThread]: Connection 'model.northwind_dw.bronze_shippers' was properly closed.
[0m17:21:01.119497 [debug] [MainThread]: Connection 'model.northwind_dw.bronze_orders' was properly closed.
[0m17:21:01.119712 [debug] [MainThread]: Connection 'model.northwind_dw.bronze_products' was properly closed.
[0m17:21:01.119984 [info ] [MainThread]: 
[0m17:21:01.120254 [info ] [MainThread]: Finished running 8 view models, 4 table models in 0 hours 0 minutes and 5.06 seconds (5.06s).
[0m17:21:01.121201 [debug] [MainThread]: Command end result
[0m17:21:01.208651 [info ] [MainThread]: 
[0m17:21:01.209122 [info ] [MainThread]: [31mCompleted with 8 errors and 0 warnings:[0m
[0m17:21:01.209568 [info ] [MainThread]: 
[0m17:21:01.210020 [error] [MainThread]:   Runtime Error in model bronze_employees (models/bronze/bronze_employees.sql)
  404 Not found: Table portifolio-482811:northwind_bronze.bronze_employees was not found in location US
  
  Location: US
  Job ID: b316d18d-2d04-43e0-beee-9723ec2c45ea
  
[0m17:21:01.210333 [info ] [MainThread]: 
[0m17:21:01.210765 [error] [MainThread]:   Runtime Error in model bronze_order_details (models/bronze/bronze_order_details.sql)
  404 Not found: Table portifolio-482811:northwind_bronze.bronze_order_details was not found in location US
  
  Location: US
  Job ID: 98d33875-d14f-4d9f-8ea9-898c5d16153b
  
[0m17:21:01.211102 [info ] [MainThread]: 
[0m17:21:01.211410 [error] [MainThread]:   Runtime Error in model bronze_categories (models/bronze/bronze_categories.sql)
  404 Not found: Table portifolio-482811:northwind_bronze.bronze_categories was not found in location US
  
  Location: US
  Job ID: 084bf7d5-9cf2-4330-9650-8f68a7d16422
  
[0m17:21:01.211825 [info ] [MainThread]: 
[0m17:21:01.212164 [error] [MainThread]:   Runtime Error in model bronze_customers (models/bronze/bronze_customers.sql)
  404 Not found: Table portifolio-482811:northwind_bronze.bronze_customers was not found in location US
  
  Location: US
  Job ID: ff77510f-e01b-47db-b740-b9488dce7d43
  
[0m17:21:01.212506 [info ] [MainThread]: 
[0m17:21:01.212897 [error] [MainThread]:   Runtime Error in model bronze_orders (models/bronze/bronze_orders.sql)
  404 Not found: Table portifolio-482811:northwind_bronze.bronze_orders was not found in location US
  
  Location: US
  Job ID: 271e3060-dc94-426d-a9c2-d9e5e25e918c
  
[0m17:21:01.213264 [info ] [MainThread]: 
[0m17:21:01.213513 [error] [MainThread]:   Runtime Error in model bronze_shippers (models/bronze/bronze_shippers.sql)
  404 Not found: Table portifolio-482811:northwind_bronze.bronze_shippers was not found in location US
  
  Location: US
  Job ID: dba9a986-9f43-444c-8e79-4a85b964aef4
  
[0m17:21:01.213770 [info ] [MainThread]: 
[0m17:21:01.214440 [error] [MainThread]:   Runtime Error in model bronze_products (models/bronze/bronze_products.sql)
  404 Not found: Table portifolio-482811:northwind_bronze.bronze_products was not found in location US
  
  Location: US
  Job ID: 6935c6eb-eae7-4918-970c-af29ccc3ea78
  
[0m17:21:01.215106 [info ] [MainThread]: 
[0m17:21:01.215497 [error] [MainThread]:   Runtime Error in model bronze_suppliers (models/bronze/bronze_suppliers.sql)
  404 Not found: Table portifolio-482811:northwind_bronze.bronze_suppliers was not found in location US
  
  Location: US
  Job ID: caabba30-852e-41ec-af1b-e030cab1dfd5
  
[0m17:21:01.215957 [info ] [MainThread]: 
[0m17:21:01.216338 [info ] [MainThread]: Done. PASS=0 WARN=0 ERROR=8 SKIP=4 TOTAL=12
[0m17:21:01.217098 [debug] [MainThread]: Resource report: {"command_name": "run", "command_wall_clock_time": 6.006172, "process_user_time": 4.341806, "process_kernel_time": 1.591096, "process_mem_max_rss": "241376", "process_out_blocks": "4144", "command_success": false, "process_in_blocks": "0"}
[0m17:21:01.217560 [debug] [MainThread]: Command `dbt run` failed at 17:21:01.217406 after 6.01 seconds
[0m17:21:01.217947 [debug] [MainThread]: Sending event: {'category': 'dbt', 'action': 'invocation', 'label': 'end', 'context': [<snowplow_tracker.self_describing_json.SelfDescribingJson object at 0x74613cea7090>, <snowplow_tracker.self_describing_json.SelfDescribingJson object at 0x74613d092e50>, <snowplow_tracker.self_describing_json.SelfDescribingJson object at 0x746141930110>]}
[0m17:21:01.218295 [debug] [MainThread]: Flushing usage events
[0m17:33:13.964289 [debug] [MainThread]: Sending event: {'category': 'dbt', 'action': 'invocation', 'label': 'start', 'context': [<snowplow_tracker.self_describing_json.SelfDescribingJson object at 0x766f0d64a010>, <snowplow_tracker.self_describing_json.SelfDescribingJson object at 0x766f0e2e1110>, <snowplow_tracker.self_describing_json.SelfDescribingJson object at 0x766f0dde5c10>]}


============================== 17:33:13.968403 | 1ea460bf-50fe-4059-a2fe-36dddb994eeb ==============================
[0m17:33:13.968403 [info ] [MainThread]: Running with dbt=1.7.4
[0m17:33:13.968913 [debug] [MainThread]: running dbt with arguments {'printer_width': '80', 'indirect_selection': 'eager', 'log_cache_events': 'False', 'write_json': 'True', 'partial_parse': 'True', 'cache_selected_only': 'False', 'profiles_dir': '/opt/airflow/dbt', 'fail_fast': 'False', 'warn_error': 'None', 'log_path': '/opt/airflow/dbt/northwind_dw/logs', 'debug': 'False', 'version_check': 'True', 'use_colors': 'True', 'use_experimental_parser': 'False', 'no_print': 'None', 'quiet': 'False', 'warn_error_options': 'WarnErrorOptions(include=[], exclude=[])', 'invocation_command': 'dbt run --profiles-dir /opt/airflow/dbt', 'log_format': 'default', 'introspect': 'True', 'target_path': 'None', 'static_parser': 'True', 'send_anonymous_usage_stats': 'True'}
[0m17:33:14.686903 [debug] [MainThread]: Sending event: {'category': 'dbt', 'action': 'project_id', 'label': '1ea460bf-50fe-4059-a2fe-36dddb994eeb', 'context': [<snowplow_tracker.self_describing_json.SelfDescribingJson object at 0x766f0d6817d0>]}
[0m17:33:14.752013 [debug] [MainThread]: Sending event: {'category': 'dbt', 'action': 'adapter_info', 'label': '1ea460bf-50fe-4059-a2fe-36dddb994eeb', 'context': [<snowplow_tracker.self_describing_json.SelfDescribingJson object at 0x766f0d6817d0>]}
[0m17:33:14.752692 [info ] [MainThread]: Registered adapter: bigquery=1.7.2
[0m17:33:14.760450 [debug] [MainThread]: checksum: 248e8aba381ba2d577dce7ab50d2010c2aac45d2b27e6e6214cdd96d2d41fabc, vars: {}, profile: , target: , version: 1.7.4
[0m17:33:14.772104 [info ] [MainThread]: Unable to do partial parsing because a project config has changed
[0m17:33:14.772575 [debug] [MainThread]: Sending event: {'category': 'dbt', 'action': 'partial_parser', 'label': '1ea460bf-50fe-4059-a2fe-36dddb994eeb', 'context': [<snowplow_tracker.self_describing_json.SelfDescribingJson object at 0x766ecd849f90>]}
[0m17:33:15.666453 [warn ] [MainThread]: [[33mWARNING[0m]: Did not find matching node for patch with name 'gold_employee_performance' in the 'models' section of file 'models/gold/schema.yml'
[0m17:33:15.667529 [warn ] [MainThread]: [[33mWARNING[0m]: Did not find matching node for patch with name 'gold_product_performance' in the 'models' section of file 'models/gold/schema.yml'
[0m17:33:15.697149 [debug] [MainThread]: Sending event: {'category': 'dbt', 'action': 'load_project', 'label': '1ea460bf-50fe-4059-a2fe-36dddb994eeb', 'context': [<snowplow_tracker.self_describing_json.SelfDescribingJson object at 0x766ec6c3e2d0>]}
[0m17:33:15.711666 [debug] [MainThread]: Sending event: {'category': 'dbt', 'action': 'resource_counts', 'label': '1ea460bf-50fe-4059-a2fe-36dddb994eeb', 'context': [<snowplow_tracker.self_describing_json.SelfDescribingJson object at 0x766ec6cef390>]}
[0m17:33:15.712106 [info ] [MainThread]: Found 15 models, 22 tests, 8 sources, 0 exposures, 0 metrics, 562 macros, 0 groups, 0 semantic models
[0m17:33:15.712435 [debug] [MainThread]: Sending event: {'category': 'dbt', 'action': 'runnable_timing', 'label': '1ea460bf-50fe-4059-a2fe-36dddb994eeb', 'context': [<snowplow_tracker.self_describing_json.SelfDescribingJson object at 0x766ecd8ba610>]}
[0m17:33:15.714150 [info ] [MainThread]: 
[0m17:33:15.714776 [debug] [MainThread]: Acquiring new bigquery connection 'master'
[0m17:33:15.716240 [debug] [ThreadPool]: Acquiring new bigquery connection 'list_portifolio-482811'
[0m17:33:15.716565 [debug] [ThreadPool]: Opening a new connection, currently in state init
[0m17:33:15.717527 [debug] [ThreadPool]: Acquiring new bigquery connection 'list_portifolio-482811'
[0m17:33:15.717858 [debug] [ThreadPool]: Opening a new connection, currently in state init
[0m17:33:15.718811 [debug] [ThreadPool]: Acquiring new bigquery connection 'list_portifolio-482811'
[0m17:33:15.719357 [debug] [ThreadPool]: Opening a new connection, currently in state init
[0m17:33:16.698091 [debug] [ThreadPool]: Re-using an available connection from the pool (formerly list_portifolio-482811, now list_portifolio-482811_gold)
[0m17:33:16.698971 [debug] [ThreadPool]: Re-using an available connection from the pool (formerly list_portifolio-482811, now list_portifolio-482811_northwind_bronze)
[0m17:33:16.699782 [debug] [ThreadPool]: Opening a new connection, currently in state closed
[0m17:33:16.701500 [debug] [ThreadPool]: Re-using an available connection from the pool (formerly list_portifolio-482811, now list_portifolio-482811_northwind_silver)
[0m17:33:16.702238 [debug] [ThreadPool]: Opening a new connection, currently in state closed
[0m17:33:16.703412 [debug] [ThreadPool]: Opening a new connection, currently in state closed
[0m17:33:17.679753 [debug] [MainThread]: Sending event: {'category': 'dbt', 'action': 'runnable_timing', 'label': '1ea460bf-50fe-4059-a2fe-36dddb994eeb', 'context': [<snowplow_tracker.self_describing_json.SelfDescribingJson object at 0x766ec6ce0190>]}
[0m17:33:17.680446 [info ] [MainThread]: Concurrency: 4 threads (target='dev')
[0m17:33:17.680755 [info ] [MainThread]: 
[0m17:33:17.689020 [debug] [Thread-1 (]: Began running node model.northwind_dw.bronze_categories
[0m17:33:17.689677 [debug] [Thread-2 (]: Began running node model.northwind_dw.bronze_customers
[0m17:33:17.690495 [debug] [Thread-3 (]: Began running node model.northwind_dw.bronze_employees
[0m17:33:17.691036 [debug] [Thread-4 (]: Began running node model.northwind_dw.bronze_order_details
[0m17:33:17.691708 [info ] [Thread-1 (]: 1 of 15 START sql view model northwind_bronze.bronze_categories ................ [RUN]
[0m17:33:17.692615 [info ] [Thread-2 (]: 2 of 15 START sql view model northwind_bronze.bronze_customers ................. [RUN]
[0m17:33:17.693328 [info ] [Thread-3 (]: 3 of 15 START sql view model northwind_bronze.bronze_employees ................. [RUN]
[0m17:33:17.694133 [info ] [Thread-4 (]: 4 of 15 START sql view model northwind_bronze.bronze_order_details ............. [RUN]
[0m17:33:17.695106 [debug] [Thread-1 (]: Re-using an available connection from the pool (formerly list_portifolio-482811_northwind_bronze, now model.northwind_dw.bronze_categories)
[0m17:33:17.696932 [debug] [Thread-2 (]: Re-using an available connection from the pool (formerly list_portifolio-482811_gold, now model.northwind_dw.bronze_customers)
[0m17:33:17.698983 [debug] [Thread-3 (]: Re-using an available connection from the pool (formerly list_portifolio-482811_northwind_silver, now model.northwind_dw.bronze_employees)
[0m17:33:17.700763 [debug] [Thread-4 (]: Acquiring new bigquery connection 'model.northwind_dw.bronze_order_details'
[0m17:33:17.701962 [debug] [Thread-1 (]: Began compiling node model.northwind_dw.bronze_categories
[0m17:33:17.702545 [debug] [Thread-2 (]: Began compiling node model.northwind_dw.bronze_customers
[0m17:33:17.703023 [debug] [Thread-3 (]: Began compiling node model.northwind_dw.bronze_employees
[0m17:33:17.703493 [debug] [Thread-4 (]: Began compiling node model.northwind_dw.bronze_order_details
[0m17:33:17.709798 [debug] [Thread-1 (]: Writing injected SQL for node "model.northwind_dw.bronze_categories"
[0m17:33:17.713220 [debug] [Thread-3 (]: Writing injected SQL for node "model.northwind_dw.bronze_employees"
[0m17:33:17.718050 [debug] [Thread-4 (]: Writing injected SQL for node "model.northwind_dw.bronze_order_details"
[0m17:33:17.733900 [debug] [Thread-1 (]: Timing info for model.northwind_dw.bronze_categories (compile): 17:33:17.703947 => 17:33:17.733303
[0m17:33:17.740482 [debug] [Thread-3 (]: Timing info for model.northwind_dw.bronze_employees (compile): 17:33:17.711515 => 17:33:17.739876
[0m17:33:17.742239 [debug] [Thread-1 (]: Began executing node model.northwind_dw.bronze_categories
[0m17:33:17.744602 [debug] [Thread-2 (]: Writing injected SQL for node "model.northwind_dw.bronze_customers"
[0m17:33:17.745124 [debug] [Thread-4 (]: Timing info for model.northwind_dw.bronze_order_details (compile): 17:33:17.713902 => 17:33:17.744939
[0m17:33:17.745412 [debug] [Thread-3 (]: Began executing node model.northwind_dw.bronze_employees
[0m17:33:17.760155 [debug] [Thread-1 (]: Timing info for model.northwind_dw.bronze_categories (execute): 17:33:17.745637 => 17:33:17.759889
[0m17:33:17.760718 [debug] [Thread-4 (]: Began executing node model.northwind_dw.bronze_order_details
[0m17:33:17.761440 [debug] [Thread-2 (]: Timing info for model.northwind_dw.bronze_customers (compile): 17:33:17.710129 => 17:33:17.761128
[0m17:33:17.763716 [debug] [Thread-3 (]: Timing info for model.northwind_dw.bronze_employees (execute): 17:33:17.761771 => 17:33:17.763531
[0m17:33:17.768548 [debug] [Thread-4 (]: Timing info for model.northwind_dw.bronze_order_details (execute): 17:33:17.765542 => 17:33:17.768268
[0m17:33:17.769200 [debug] [Thread-2 (]: Began executing node model.northwind_dw.bronze_customers
[0m17:33:17.772364 [debug] [Thread-3 (]: Compilation Error in model bronze_employees (models/bronze/bronze_employees.sql)
  Trying to create view `portifolio-482811`.`northwind_bronze`.`bronze_employees`, but it currently exists as a table. Either drop `portifolio-482811`.`northwind_bronze`.`bronze_employees` manually, or run dbt with `--full-refresh` and dbt will drop it for you.
  
  > in macro bigquery__handle_existing_table (macros/materializations/view.sql)
  > called by macro handle_existing_table (macros/relations/view/replace.sql)
  > called by macro bigquery__create_or_replace_view (macros/relations/view/replace.sql)
  > called by macro materialization_view_bigquery (macros/materializations/view.sql)
  > called by model bronze_employees (models/bronze/bronze_employees.sql)
[0m17:33:17.774366 [debug] [Thread-2 (]: Timing info for model.northwind_dw.bronze_customers (execute): 17:33:17.772803 => 17:33:17.774198
[0m17:33:17.775320 [debug] [Thread-1 (]: Compilation Error in model bronze_categories (models/bronze/bronze_categories.sql)
  Trying to create view `portifolio-482811`.`northwind_bronze`.`bronze_categories`, but it currently exists as a table. Either drop `portifolio-482811`.`northwind_bronze`.`bronze_categories` manually, or run dbt with `--full-refresh` and dbt will drop it for you.
  
  > in macro bigquery__handle_existing_table (macros/materializations/view.sql)
  > called by macro handle_existing_table (macros/relations/view/replace.sql)
  > called by macro bigquery__create_or_replace_view (macros/relations/view/replace.sql)
  > called by macro materialization_view_bigquery (macros/materializations/view.sql)
  > called by model bronze_categories (models/bronze/bronze_categories.sql)
[0m17:33:17.775789 [debug] [Thread-3 (]: Sending event: {'category': 'dbt', 'action': 'run_model', 'label': '1ea460bf-50fe-4059-a2fe-36dddb994eeb', 'context': [<snowplow_tracker.self_describing_json.SelfDescribingJson object at 0x766ec6c533d0>]}
[0m17:33:17.776743 [debug] [Thread-4 (]: Compilation Error in model bronze_order_details (models/bronze/bronze_order_details.sql)
  Trying to create view `portifolio-482811`.`northwind_bronze`.`bronze_order_details`, but it currently exists as a table. Either drop `portifolio-482811`.`northwind_bronze`.`bronze_order_details` manually, or run dbt with `--full-refresh` and dbt will drop it for you.
  
  > in macro bigquery__handle_existing_table (macros/materializations/view.sql)
  > called by macro handle_existing_table (macros/relations/view/replace.sql)
  > called by macro bigquery__create_or_replace_view (macros/relations/view/replace.sql)
  > called by macro materialization_view_bigquery (macros/materializations/view.sql)
  > called by model bronze_order_details (models/bronze/bronze_order_details.sql)
[0m17:33:17.778508 [debug] [Thread-2 (]: Compilation Error in model bronze_customers (models/bronze/bronze_customers.sql)
  Trying to create view `portifolio-482811`.`northwind_bronze`.`bronze_customers`, but it currently exists as a table. Either drop `portifolio-482811`.`northwind_bronze`.`bronze_customers` manually, or run dbt with `--full-refresh` and dbt will drop it for you.
  
  > in macro bigquery__handle_existing_table (macros/materializations/view.sql)
  > called by macro handle_existing_table (macros/relations/view/replace.sql)
  > called by macro bigquery__create_or_replace_view (macros/relations/view/replace.sql)
  > called by macro materialization_view_bigquery (macros/materializations/view.sql)
  > called by model bronze_customers (models/bronze/bronze_customers.sql)
[0m17:33:17.778917 [debug] [Thread-1 (]: Sending event: {'category': 'dbt', 'action': 'run_model', 'label': '1ea460bf-50fe-4059-a2fe-36dddb994eeb', 'context': [<snowplow_tracker.self_describing_json.SelfDescribingJson object at 0x766ecd966fd0>]}
[0m17:33:17.779425 [error] [Thread-3 (]: 3 of 15 ERROR creating sql view model northwind_bronze.bronze_employees ........ [[31mERROR[0m in 0.08s]
[0m17:33:17.779848 [debug] [Thread-4 (]: Sending event: {'category': 'dbt', 'action': 'run_model', 'label': '1ea460bf-50fe-4059-a2fe-36dddb994eeb', 'context': [<snowplow_tracker.self_describing_json.SelfDescribingJson object at 0x766ec6b5dc50>]}
[0m17:33:17.780223 [debug] [Thread-2 (]: Sending event: {'category': 'dbt', 'action': 'run_model', 'label': '1ea460bf-50fe-4059-a2fe-36dddb994eeb', 'context': [<snowplow_tracker.self_describing_json.SelfDescribingJson object at 0x766ec6b8acd0>]}
[0m17:33:17.780667 [error] [Thread-1 (]: 1 of 15 ERROR creating sql view model northwind_bronze.bronze_categories ....... [[31mERROR[0m in 0.08s]
[0m17:33:17.781151 [debug] [Thread-3 (]: Finished running node model.northwind_dw.bronze_employees
[0m17:33:17.781635 [error] [Thread-4 (]: 4 of 15 ERROR creating sql view model northwind_bronze.bronze_order_details .... [[31mERROR[0m in 0.08s]
[0m17:33:17.782216 [error] [Thread-2 (]: 2 of 15 ERROR creating sql view model northwind_bronze.bronze_customers ........ [[31mERROR[0m in 0.08s]
[0m17:33:17.782727 [debug] [Thread-1 (]: Finished running node model.northwind_dw.bronze_categories
[0m17:33:17.783256 [debug] [Thread-3 (]: Began running node model.northwind_dw.bronze_orders
[0m17:33:17.784797 [debug] [Thread-4 (]: Finished running node model.northwind_dw.bronze_order_details
[0m17:33:17.785574 [debug] [Thread-2 (]: Finished running node model.northwind_dw.bronze_customers
[0m17:33:17.786343 [debug] [Thread-1 (]: Began running node model.northwind_dw.bronze_products
[0m17:33:17.787392 [info ] [Thread-3 (]: 5 of 15 START sql view model northwind_bronze.bronze_orders .................... [RUN]
[0m17:33:17.788180 [debug] [Thread-4 (]: Began running node model.northwind_dw.bronze_shippers
[0m17:33:17.788689 [debug] [Thread-2 (]: Began running node model.northwind_dw.bronze_suppliers
[0m17:33:17.789211 [info ] [Thread-1 (]: 6 of 15 START sql view model northwind_bronze.bronze_products .................. [RUN]
[0m17:33:17.789954 [debug] [Thread-3 (]: Re-using an available connection from the pool (formerly model.northwind_dw.bronze_employees, now model.northwind_dw.bronze_orders)
[0m17:33:17.790392 [info ] [Thread-4 (]: 7 of 15 START sql view model northwind_bronze.bronze_shippers .................. [RUN]
[0m17:33:17.790950 [info ] [Thread-2 (]: 8 of 15 START sql view model northwind_bronze.bronze_suppliers ................. [RUN]
[0m17:33:17.791629 [debug] [Thread-1 (]: Re-using an available connection from the pool (formerly model.northwind_dw.bronze_categories, now model.northwind_dw.bronze_products)
[0m17:33:17.791982 [debug] [Thread-3 (]: Began compiling node model.northwind_dw.bronze_orders
[0m17:33:17.792485 [debug] [Thread-4 (]: Re-using an available connection from the pool (formerly model.northwind_dw.bronze_order_details, now model.northwind_dw.bronze_shippers)
[0m17:33:17.793104 [debug] [Thread-2 (]: Re-using an available connection from the pool (formerly model.northwind_dw.bronze_customers, now model.northwind_dw.bronze_suppliers)
[0m17:33:17.793461 [debug] [Thread-1 (]: Began compiling node model.northwind_dw.bronze_products
[0m17:33:17.795613 [debug] [Thread-3 (]: Writing injected SQL for node "model.northwind_dw.bronze_orders"
[0m17:33:17.795982 [debug] [Thread-4 (]: Began compiling node model.northwind_dw.bronze_shippers
[0m17:33:17.796336 [debug] [Thread-2 (]: Began compiling node model.northwind_dw.bronze_suppliers
[0m17:33:17.798219 [debug] [Thread-1 (]: Writing injected SQL for node "model.northwind_dw.bronze_products"
[0m17:33:17.800388 [debug] [Thread-4 (]: Writing injected SQL for node "model.northwind_dw.bronze_shippers"
[0m17:33:17.800942 [debug] [Thread-3 (]: Timing info for model.northwind_dw.bronze_orders (compile): 17:33:17.793676 => 17:33:17.800746
[0m17:33:17.803105 [debug] [Thread-2 (]: Writing injected SQL for node "model.northwind_dw.bronze_suppliers"
[0m17:33:17.803951 [debug] [Thread-1 (]: Timing info for model.northwind_dw.bronze_products (compile): 17:33:17.796586 => 17:33:17.803762
[0m17:33:17.804337 [debug] [Thread-3 (]: Began executing node model.northwind_dw.bronze_orders
[0m17:33:17.804886 [debug] [Thread-2 (]: Timing info for model.northwind_dw.bronze_suppliers (compile): 17:33:17.801154 => 17:33:17.804723
[0m17:33:17.805215 [debug] [Thread-4 (]: Timing info for model.northwind_dw.bronze_shippers (compile): 17:33:17.798664 => 17:33:17.805044
[0m17:33:17.805565 [debug] [Thread-1 (]: Began executing node model.northwind_dw.bronze_products
[0m17:33:17.807652 [debug] [Thread-3 (]: Timing info for model.northwind_dw.bronze_orders (execute): 17:33:17.805805 => 17:33:17.807465
[0m17:33:17.808041 [debug] [Thread-2 (]: Began executing node model.northwind_dw.bronze_suppliers
[0m17:33:17.808366 [debug] [Thread-4 (]: Began executing node model.northwind_dw.bronze_shippers
[0m17:33:17.811288 [debug] [Thread-1 (]: Timing info for model.northwind_dw.bronze_products (execute): 17:33:17.808649 => 17:33:17.811111
[0m17:33:17.813244 [debug] [Thread-3 (]: Compilation Error in model bronze_orders (models/bronze/bronze_orders.sql)
  Trying to create view `portifolio-482811`.`northwind_bronze`.`bronze_orders`, but it currently exists as a table. Either drop `portifolio-482811`.`northwind_bronze`.`bronze_orders` manually, or run dbt with `--full-refresh` and dbt will drop it for you.
  
  > in macro bigquery__handle_existing_table (macros/materializations/view.sql)
  > called by macro handle_existing_table (macros/relations/view/replace.sql)
  > called by macro bigquery__create_or_replace_view (macros/relations/view/replace.sql)
  > called by macro materialization_view_bigquery (macros/materializations/view.sql)
  > called by model bronze_orders (models/bronze/bronze_orders.sql)
[0m17:33:17.815319 [debug] [Thread-2 (]: Timing info for model.northwind_dw.bronze_suppliers (execute): 17:33:17.813530 => 17:33:17.815111
[0m17:33:17.817101 [debug] [Thread-4 (]: Timing info for model.northwind_dw.bronze_shippers (execute): 17:33:17.815600 => 17:33:17.816936
[0m17:33:17.818927 [debug] [Thread-1 (]: Compilation Error in model bronze_products (models/bronze/bronze_products.sql)
  Trying to create view `portifolio-482811`.`northwind_bronze`.`bronze_products`, but it currently exists as a table. Either drop `portifolio-482811`.`northwind_bronze`.`bronze_products` manually, or run dbt with `--full-refresh` and dbt will drop it for you.
  
  > in macro bigquery__handle_existing_table (macros/materializations/view.sql)
  > called by macro handle_existing_table (macros/relations/view/replace.sql)
  > called by macro bigquery__create_or_replace_view (macros/relations/view/replace.sql)
  > called by macro materialization_view_bigquery (macros/materializations/view.sql)
  > called by model bronze_products (models/bronze/bronze_products.sql)
[0m17:33:17.819474 [debug] [Thread-3 (]: Sending event: {'category': 'dbt', 'action': 'run_model', 'label': '1ea460bf-50fe-4059-a2fe-36dddb994eeb', 'context': [<snowplow_tracker.self_describing_json.SelfDescribingJson object at 0x766ec6b7b490>]}
[0m17:33:17.822153 [debug] [Thread-4 (]: Compilation Error in model bronze_shippers (models/bronze/bronze_shippers.sql)
  Trying to create view `portifolio-482811`.`northwind_bronze`.`bronze_shippers`, but it currently exists as a table. Either drop `portifolio-482811`.`northwind_bronze`.`bronze_shippers` manually, or run dbt with `--full-refresh` and dbt will drop it for you.
  
  > in macro bigquery__handle_existing_table (macros/materializations/view.sql)
  > called by macro handle_existing_table (macros/relations/view/replace.sql)
  > called by macro bigquery__create_or_replace_view (macros/relations/view/replace.sql)
  > called by macro materialization_view_bigquery (macros/materializations/view.sql)
  > called by model bronze_shippers (models/bronze/bronze_shippers.sql)
[0m17:33:17.823147 [debug] [Thread-2 (]: Compilation Error in model bronze_suppliers (models/bronze/bronze_suppliers.sql)
  Trying to create view `portifolio-482811`.`northwind_bronze`.`bronze_suppliers`, but it currently exists as a table. Either drop `portifolio-482811`.`northwind_bronze`.`bronze_suppliers` manually, or run dbt with `--full-refresh` and dbt will drop it for you.
  
  > in macro bigquery__handle_existing_table (macros/materializations/view.sql)
  > called by macro handle_existing_table (macros/relations/view/replace.sql)
  > called by macro bigquery__create_or_replace_view (macros/relations/view/replace.sql)
  > called by macro materialization_view_bigquery (macros/materializations/view.sql)
  > called by model bronze_suppliers (models/bronze/bronze_suppliers.sql)
[0m17:33:17.823627 [debug] [Thread-1 (]: Sending event: {'category': 'dbt', 'action': 'run_model', 'label': '1ea460bf-50fe-4059-a2fe-36dddb994eeb', 'context': [<snowplow_tracker.self_describing_json.SelfDescribingJson object at 0x766ec6bbfed0>]}
[0m17:33:17.824103 [error] [Thread-3 (]: 5 of 15 ERROR creating sql view model northwind_bronze.bronze_orders ........... [[31mERROR[0m in 0.03s]
[0m17:33:17.824532 [debug] [Thread-4 (]: Sending event: {'category': 'dbt', 'action': 'run_model', 'label': '1ea460bf-50fe-4059-a2fe-36dddb994eeb', 'context': [<snowplow_tracker.self_describing_json.SelfDescribingJson object at 0x766ec6b50850>]}
[0m17:33:17.824895 [debug] [Thread-2 (]: Sending event: {'category': 'dbt', 'action': 'run_model', 'label': '1ea460bf-50fe-4059-a2fe-36dddb994eeb', 'context': [<snowplow_tracker.self_describing_json.SelfDescribingJson object at 0x766ec6b7afd0>]}
[0m17:33:17.825761 [debug] [Thread-3 (]: Finished running node model.northwind_dw.bronze_orders
[0m17:33:17.825331 [error] [Thread-1 (]: 6 of 15 ERROR creating sql view model northwind_bronze.bronze_products ......... [[31mERROR[0m in 0.03s]
[0m17:33:17.826244 [error] [Thread-4 (]: 7 of 15 ERROR creating sql view model northwind_bronze.bronze_shippers ......... [[31mERROR[0m in 0.03s]
[0m17:33:17.826722 [error] [Thread-2 (]: 8 of 15 ERROR creating sql view model northwind_bronze.bronze_suppliers ........ [[31mERROR[0m in 0.03s]
[0m17:33:17.827174 [debug] [Thread-3 (]: Began running node model.northwind_dw.silver_dim_employees
[0m17:33:17.827743 [debug] [Thread-1 (]: Finished running node model.northwind_dw.bronze_products
[0m17:33:17.828354 [debug] [Thread-4 (]: Finished running node model.northwind_dw.bronze_shippers
[0m17:33:17.828825 [debug] [Thread-2 (]: Finished running node model.northwind_dw.bronze_suppliers
[0m17:33:17.829150 [info ] [Thread-3 (]: 9 of 15 SKIP relation northwind_silver.silver_dim_employees .................... [[33mSKIP[0m]
[0m17:33:17.829541 [debug] [Thread-1 (]: Began running node model.northwind_dw.silver_dim_customers
[0m17:33:17.829996 [debug] [Thread-4 (]: Began running node model.northwind_dw.silver_fact_orders
[0m17:33:17.830617 [debug] [Thread-3 (]: Finished running node model.northwind_dw.silver_dim_employees
[0m17:33:17.831277 [debug] [Thread-2 (]: Began running node model.northwind_dw.silver_dim_products
[0m17:33:17.830992 [info ] [Thread-1 (]: 10 of 15 SKIP relation northwind_silver.silver_dim_customers ................... [[33mSKIP[0m]
[0m17:33:17.831735 [info ] [Thread-4 (]: 11 of 15 SKIP relation northwind_silver.silver_fact_orders ..................... [[33mSKIP[0m]
[0m17:33:17.832249 [info ] [Thread-2 (]: 12 of 15 SKIP relation northwind_silver.silver_dim_products .................... [[33mSKIP[0m]
[0m17:33:17.832765 [debug] [Thread-1 (]: Finished running node model.northwind_dw.silver_dim_customers
[0m17:33:17.833104 [debug] [Thread-4 (]: Finished running node model.northwind_dw.silver_fact_orders
[0m17:33:17.833424 [debug] [Thread-2 (]: Finished running node model.northwind_dw.silver_dim_products
[0m17:33:17.834170 [debug] [Thread-2 (]: Began running node model.northwind_dw.gold_customer_analytics
[0m17:33:17.834497 [debug] [Thread-1 (]: Began running node model.northwind_dw.gold_sales_by_country
[0m17:33:17.834795 [info ] [Thread-2 (]: 13 of 15 SKIP relation gold.gold_customer_analytics ............................ [[33mSKIP[0m]
[0m17:33:17.835715 [debug] [Thread-3 (]: Began running node model.northwind_dw.gold_sales_by_category
[0m17:33:17.836281 [info ] [Thread-1 (]: 14 of 15 SKIP relation gold.gold_sales_by_country .............................. [[33mSKIP[0m]
[0m17:33:17.836769 [debug] [Thread-2 (]: Finished running node model.northwind_dw.gold_customer_analytics
[0m17:33:17.837146 [info ] [Thread-3 (]: 15 of 15 SKIP relation gold.gold_sales_by_category ............................. [[33mSKIP[0m]
[0m17:33:17.837562 [debug] [Thread-1 (]: Finished running node model.northwind_dw.gold_sales_by_country
[0m17:33:17.838149 [debug] [Thread-3 (]: Finished running node model.northwind_dw.gold_sales_by_category
[0m17:33:17.840776 [debug] [MainThread]: Connection 'master' was properly closed.
[0m17:33:17.841254 [debug] [MainThread]: Connection 'model.northwind_dw.bronze_products' was properly closed.
[0m17:33:17.841499 [debug] [MainThread]: Connection 'model.northwind_dw.bronze_orders' was properly closed.
[0m17:33:17.841707 [debug] [MainThread]: Connection 'model.northwind_dw.bronze_suppliers' was properly closed.
[0m17:33:17.841909 [debug] [MainThread]: Connection 'model.northwind_dw.bronze_shippers' was properly closed.
[0m17:33:17.842229 [info ] [MainThread]: 
[0m17:33:17.842509 [info ] [MainThread]: Finished running 8 view models, 7 table models in 0 hours 0 minutes and 2.13 seconds (2.13s).
[0m17:33:17.843694 [debug] [MainThread]: Command end result
[0m17:33:17.852918 [info ] [MainThread]: 
[0m17:33:17.853421 [info ] [MainThread]: [31mCompleted with 8 errors and 0 warnings:[0m
[0m17:33:17.853852 [info ] [MainThread]: 
[0m17:33:17.854215 [error] [MainThread]:   Compilation Error in model bronze_employees (models/bronze/bronze_employees.sql)
  Trying to create view `portifolio-482811`.`northwind_bronze`.`bronze_employees`, but it currently exists as a table. Either drop `portifolio-482811`.`northwind_bronze`.`bronze_employees` manually, or run dbt with `--full-refresh` and dbt will drop it for you.
  
  > in macro bigquery__handle_existing_table (macros/materializations/view.sql)
  > called by macro handle_existing_table (macros/relations/view/replace.sql)
  > called by macro bigquery__create_or_replace_view (macros/relations/view/replace.sql)
  > called by macro materialization_view_bigquery (macros/materializations/view.sql)
  > called by model bronze_employees (models/bronze/bronze_employees.sql)
[0m17:33:17.854539 [info ] [MainThread]: 
[0m17:33:17.854801 [error] [MainThread]:   Compilation Error in model bronze_categories (models/bronze/bronze_categories.sql)
  Trying to create view `portifolio-482811`.`northwind_bronze`.`bronze_categories`, but it currently exists as a table. Either drop `portifolio-482811`.`northwind_bronze`.`bronze_categories` manually, or run dbt with `--full-refresh` and dbt will drop it for you.
  
  > in macro bigquery__handle_existing_table (macros/materializations/view.sql)
  > called by macro handle_existing_table (macros/relations/view/replace.sql)
  > called by macro bigquery__create_or_replace_view (macros/relations/view/replace.sql)
  > called by macro materialization_view_bigquery (macros/materializations/view.sql)
  > called by model bronze_categories (models/bronze/bronze_categories.sql)
[0m17:33:17.855047 [info ] [MainThread]: 
[0m17:33:17.855494 [error] [MainThread]:   Compilation Error in model bronze_order_details (models/bronze/bronze_order_details.sql)
  Trying to create view `portifolio-482811`.`northwind_bronze`.`bronze_order_details`, but it currently exists as a table. Either drop `portifolio-482811`.`northwind_bronze`.`bronze_order_details` manually, or run dbt with `--full-refresh` and dbt will drop it for you.
  
  > in macro bigquery__handle_existing_table (macros/materializations/view.sql)
  > called by macro handle_existing_table (macros/relations/view/replace.sql)
  > called by macro bigquery__create_or_replace_view (macros/relations/view/replace.sql)
  > called by macro materialization_view_bigquery (macros/materializations/view.sql)
  > called by model bronze_order_details (models/bronze/bronze_order_details.sql)
[0m17:33:17.855784 [info ] [MainThread]: 
[0m17:33:17.856061 [error] [MainThread]:   Compilation Error in model bronze_customers (models/bronze/bronze_customers.sql)
  Trying to create view `portifolio-482811`.`northwind_bronze`.`bronze_customers`, but it currently exists as a table. Either drop `portifolio-482811`.`northwind_bronze`.`bronze_customers` manually, or run dbt with `--full-refresh` and dbt will drop it for you.
  
  > in macro bigquery__handle_existing_table (macros/materializations/view.sql)
  > called by macro handle_existing_table (macros/relations/view/replace.sql)
  > called by macro bigquery__create_or_replace_view (macros/relations/view/replace.sql)
  > called by macro materialization_view_bigquery (macros/materializations/view.sql)
  > called by model bronze_customers (models/bronze/bronze_customers.sql)
[0m17:33:17.856401 [info ] [MainThread]: 
[0m17:33:17.856787 [error] [MainThread]:   Compilation Error in model bronze_orders (models/bronze/bronze_orders.sql)
  Trying to create view `portifolio-482811`.`northwind_bronze`.`bronze_orders`, but it currently exists as a table. Either drop `portifolio-482811`.`northwind_bronze`.`bronze_orders` manually, or run dbt with `--full-refresh` and dbt will drop it for you.
  
  > in macro bigquery__handle_existing_table (macros/materializations/view.sql)
  > called by macro handle_existing_table (macros/relations/view/replace.sql)
  > called by macro bigquery__create_or_replace_view (macros/relations/view/replace.sql)
  > called by macro materialization_view_bigquery (macros/materializations/view.sql)
  > called by model bronze_orders (models/bronze/bronze_orders.sql)
[0m17:33:17.857172 [info ] [MainThread]: 
[0m17:33:17.857616 [error] [MainThread]:   Compilation Error in model bronze_products (models/bronze/bronze_products.sql)
  Trying to create view `portifolio-482811`.`northwind_bronze`.`bronze_products`, but it currently exists as a table. Either drop `portifolio-482811`.`northwind_bronze`.`bronze_products` manually, or run dbt with `--full-refresh` and dbt will drop it for you.
  
  > in macro bigquery__handle_existing_table (macros/materializations/view.sql)
  > called by macro handle_existing_table (macros/relations/view/replace.sql)
  > called by macro bigquery__create_or_replace_view (macros/relations/view/replace.sql)
  > called by macro materialization_view_bigquery (macros/materializations/view.sql)
  > called by model bronze_products (models/bronze/bronze_products.sql)
[0m17:33:17.857944 [info ] [MainThread]: 
[0m17:33:17.858240 [error] [MainThread]:   Compilation Error in model bronze_shippers (models/bronze/bronze_shippers.sql)
  Trying to create view `portifolio-482811`.`northwind_bronze`.`bronze_shippers`, but it currently exists as a table. Either drop `portifolio-482811`.`northwind_bronze`.`bronze_shippers` manually, or run dbt with `--full-refresh` and dbt will drop it for you.
  
  > in macro bigquery__handle_existing_table (macros/materializations/view.sql)
  > called by macro handle_existing_table (macros/relations/view/replace.sql)
  > called by macro bigquery__create_or_replace_view (macros/relations/view/replace.sql)
  > called by macro materialization_view_bigquery (macros/materializations/view.sql)
  > called by model bronze_shippers (models/bronze/bronze_shippers.sql)
[0m17:33:17.858565 [info ] [MainThread]: 
[0m17:33:17.858882 [error] [MainThread]:   Compilation Error in model bronze_suppliers (models/bronze/bronze_suppliers.sql)
  Trying to create view `portifolio-482811`.`northwind_bronze`.`bronze_suppliers`, but it currently exists as a table. Either drop `portifolio-482811`.`northwind_bronze`.`bronze_suppliers` manually, or run dbt with `--full-refresh` and dbt will drop it for you.
  
  > in macro bigquery__handle_existing_table (macros/materializations/view.sql)
  > called by macro handle_existing_table (macros/relations/view/replace.sql)
  > called by macro bigquery__create_or_replace_view (macros/relations/view/replace.sql)
  > called by macro materialization_view_bigquery (macros/materializations/view.sql)
  > called by model bronze_suppliers (models/bronze/bronze_suppliers.sql)
[0m17:33:17.859186 [info ] [MainThread]: 
[0m17:33:17.859539 [info ] [MainThread]: Done. PASS=0 WARN=0 ERROR=8 SKIP=7 TOTAL=15
[0m17:33:17.860336 [debug] [MainThread]: Resource report: {"command_name": "run", "command_wall_clock_time": 3.9220679, "process_user_time": 4.321704, "process_kernel_time": 1.466223, "process_mem_max_rss": "243972", "process_out_blocks": "4144", "command_success": false, "process_in_blocks": "0"}
[0m17:33:17.860747 [debug] [MainThread]: Command `dbt run` failed at 17:33:17.860645 after 3.92 seconds
[0m17:33:17.861046 [debug] [MainThread]: Sending event: {'category': 'dbt', 'action': 'invocation', 'label': 'end', 'context': [<snowplow_tracker.self_describing_json.SelfDescribingJson object at 0x766f0ddd7810>, <snowplow_tracker.self_describing_json.SelfDescribingJson object at 0x766f0ddd6610>, <snowplow_tracker.self_describing_json.SelfDescribingJson object at 0x766f0e25f750>]}
[0m17:33:17.861345 [debug] [MainThread]: Flushing usage events
[0m17:34:02.793491 [debug] [MainThread]: Sending event: {'category': 'dbt', 'action': 'invocation', 'label': 'start', 'context': [<snowplow_tracker.self_describing_json.SelfDescribingJson object at 0x7572f6887ed0>, <snowplow_tracker.self_describing_json.SelfDescribingJson object at 0x7572f657ff90>, <snowplow_tracker.self_describing_json.SelfDescribingJson object at 0x7572f6886b50>]}


============================== 17:34:02.797472 | 10efc6cb-db89-441c-8c03-aeabe0b6dcd0 ==============================
[0m17:34:02.797472 [info ] [MainThread]: Running with dbt=1.7.4
[0m17:34:02.798079 [debug] [MainThread]: running dbt with arguments {'printer_width': '80', 'indirect_selection': 'eager', 'log_cache_events': 'False', 'write_json': 'True', 'partial_parse': 'True', 'cache_selected_only': 'False', 'warn_error': 'None', 'debug': 'False', 'fail_fast': 'False', 'log_path': '/opt/airflow/dbt/northwind_dw/logs', 'profiles_dir': '/opt/airflow/dbt', 'version_check': 'True', 'use_colors': 'True', 'use_experimental_parser': 'False', 'no_print': 'None', 'quiet': 'False', 'warn_error_options': 'WarnErrorOptions(include=[], exclude=[])', 'introspect': 'True', 'static_parser': 'True', 'invocation_command': 'dbt run --profiles-dir /opt/airflow/dbt --full-refresh', 'target_path': 'None', 'log_format': 'default', 'send_anonymous_usage_stats': 'True'}
[0m17:34:03.483070 [debug] [MainThread]: Sending event: {'category': 'dbt', 'action': 'project_id', 'label': '10efc6cb-db89-441c-8c03-aeabe0b6dcd0', 'context': [<snowplow_tracker.self_describing_json.SelfDescribingJson object at 0x7572b67bf810>]}
[0m17:34:03.542601 [debug] [MainThread]: Sending event: {'category': 'dbt', 'action': 'adapter_info', 'label': '10efc6cb-db89-441c-8c03-aeabe0b6dcd0', 'context': [<snowplow_tracker.self_describing_json.SelfDescribingJson object at 0x7572f672e390>]}
[0m17:34:03.543304 [info ] [MainThread]: Registered adapter: bigquery=1.7.2
[0m17:34:03.550990 [debug] [MainThread]: checksum: 248e8aba381ba2d577dce7ab50d2010c2aac45d2b27e6e6214cdd96d2d41fabc, vars: {}, profile: , target: , version: 1.7.4
[0m17:34:03.573895 [debug] [MainThread]: Partial parsing enabled: 0 files deleted, 0 files added, 0 files changed.
[0m17:34:03.574364 [debug] [MainThread]: Partial parsing enabled, no changes found, skipping parsing
[0m17:34:03.578969 [debug] [MainThread]: Sending event: {'category': 'dbt', 'action': 'load_project', 'label': '10efc6cb-db89-441c-8c03-aeabe0b6dcd0', 'context': [<snowplow_tracker.self_describing_json.SelfDescribingJson object at 0x7572f61472d0>]}
[0m17:34:03.592517 [debug] [MainThread]: Sending event: {'category': 'dbt', 'action': 'resource_counts', 'label': '10efc6cb-db89-441c-8c03-aeabe0b6dcd0', 'context': [<snowplow_tracker.self_describing_json.SelfDescribingJson object at 0x7572b65ebcd0>]}
[0m17:34:03.592920 [info ] [MainThread]: Found 15 models, 22 tests, 8 sources, 0 exposures, 0 metrics, 562 macros, 0 groups, 0 semantic models
[0m17:34:03.593238 [debug] [MainThread]: Sending event: {'category': 'dbt', 'action': 'runnable_timing', 'label': '10efc6cb-db89-441c-8c03-aeabe0b6dcd0', 'context': [<snowplow_tracker.self_describing_json.SelfDescribingJson object at 0x7572b6558390>]}
[0m17:34:03.595260 [info ] [MainThread]: 
[0m17:34:03.595874 [debug] [MainThread]: Acquiring new bigquery connection 'master'
[0m17:34:03.597274 [debug] [ThreadPool]: Acquiring new bigquery connection 'list_portifolio-482811'
[0m17:34:03.597820 [debug] [ThreadPool]: Opening a new connection, currently in state init
[0m17:34:03.598525 [debug] [ThreadPool]: Acquiring new bigquery connection 'list_portifolio-482811'
[0m17:34:03.599048 [debug] [ThreadPool]: Opening a new connection, currently in state init
[0m17:34:03.599853 [debug] [ThreadPool]: Acquiring new bigquery connection 'list_portifolio-482811'
[0m17:34:03.600288 [debug] [ThreadPool]: Opening a new connection, currently in state init
[0m17:34:04.638859 [debug] [ThreadPool]: Re-using an available connection from the pool (formerly list_portifolio-482811, now list_portifolio-482811_gold)
[0m17:34:04.639448 [debug] [ThreadPool]: Opening a new connection, currently in state closed
[0m17:34:04.640228 [debug] [ThreadPool]: Re-using an available connection from the pool (formerly list_portifolio-482811, now list_portifolio-482811_northwind_bronze)
[0m17:34:04.640795 [debug] [ThreadPool]: Opening a new connection, currently in state closed
[0m17:34:04.641451 [debug] [ThreadPool]: Re-using an available connection from the pool (formerly list_portifolio-482811, now list_portifolio-482811_northwind_silver)
[0m17:34:04.644098 [debug] [ThreadPool]: Opening a new connection, currently in state closed
[0m17:34:05.636899 [debug] [MainThread]: Sending event: {'category': 'dbt', 'action': 'runnable_timing', 'label': '10efc6cb-db89-441c-8c03-aeabe0b6dcd0', 'context': [<snowplow_tracker.self_describing_json.SelfDescribingJson object at 0x7572b66efb90>]}
[0m17:34:05.638682 [info ] [MainThread]: Concurrency: 4 threads (target='dev')
[0m17:34:05.639427 [info ] [MainThread]: 
[0m17:34:05.653047 [debug] [Thread-1 (]: Began running node model.northwind_dw.bronze_categories
[0m17:34:05.653943 [debug] [Thread-2 (]: Began running node model.northwind_dw.bronze_customers
[0m17:34:05.655427 [debug] [Thread-3 (]: Began running node model.northwind_dw.bronze_employees
[0m17:34:05.656539 [debug] [Thread-4 (]: Began running node model.northwind_dw.bronze_order_details
[0m17:34:05.654755 [info ] [Thread-1 (]: 1 of 15 START sql view model northwind_bronze.bronze_categories ................ [RUN]
[0m17:34:05.657430 [info ] [Thread-2 (]: 2 of 15 START sql view model northwind_bronze.bronze_customers ................. [RUN]
[0m17:34:05.658247 [info ] [Thread-3 (]: 3 of 15 START sql view model northwind_bronze.bronze_employees ................. [RUN]
[0m17:34:05.658928 [info ] [Thread-4 (]: 4 of 15 START sql view model northwind_bronze.bronze_order_details ............. [RUN]
[0m17:34:05.659959 [debug] [Thread-1 (]: Re-using an available connection from the pool (formerly list_portifolio-482811_northwind_silver, now model.northwind_dw.bronze_categories)
[0m17:34:05.661191 [debug] [Thread-2 (]: Re-using an available connection from the pool (formerly list_portifolio-482811_gold, now model.northwind_dw.bronze_customers)
[0m17:34:05.661921 [debug] [Thread-3 (]: Re-using an available connection from the pool (formerly list_portifolio-482811_northwind_bronze, now model.northwind_dw.bronze_employees)
[0m17:34:05.662750 [debug] [Thread-4 (]: Acquiring new bigquery connection 'model.northwind_dw.bronze_order_details'
[0m17:34:05.663167 [debug] [Thread-1 (]: Began compiling node model.northwind_dw.bronze_categories
[0m17:34:05.663569 [debug] [Thread-2 (]: Began compiling node model.northwind_dw.bronze_customers
[0m17:34:05.663945 [debug] [Thread-3 (]: Began compiling node model.northwind_dw.bronze_employees
[0m17:34:05.664347 [debug] [Thread-4 (]: Began compiling node model.northwind_dw.bronze_order_details
[0m17:34:05.669387 [debug] [Thread-1 (]: Writing injected SQL for node "model.northwind_dw.bronze_categories"
[0m17:34:05.671466 [debug] [Thread-2 (]: Writing injected SQL for node "model.northwind_dw.bronze_customers"
[0m17:34:05.673361 [debug] [Thread-3 (]: Writing injected SQL for node "model.northwind_dw.bronze_employees"
[0m17:34:05.678435 [debug] [Thread-1 (]: Timing info for model.northwind_dw.bronze_categories (compile): 17:34:05.664585 => 17:34:05.678132
[0m17:34:05.685589 [debug] [Thread-1 (]: Began executing node model.northwind_dw.bronze_categories
[0m17:34:05.697721 [debug] [Thread-3 (]: Timing info for model.northwind_dw.bronze_employees (compile): 17:34:05.671737 => 17:34:05.697440
[0m17:34:05.698148 [debug] [Thread-2 (]: Timing info for model.northwind_dw.bronze_customers (compile): 17:34:05.669730 => 17:34:05.697923
[0m17:34:05.702050 [debug] [Thread-1 (]: Opening a new connection, currently in state closed
[0m17:34:05.704374 [debug] [Thread-4 (]: Writing injected SQL for node "model.northwind_dw.bronze_order_details"
[0m17:34:05.704758 [debug] [Thread-3 (]: Began executing node model.northwind_dw.bronze_employees
[0m17:34:05.705190 [debug] [Thread-2 (]: Began executing node model.northwind_dw.bronze_customers
[0m17:34:05.708323 [debug] [Thread-3 (]: Opening a new connection, currently in state closed
[0m17:34:05.708763 [debug] [Thread-4 (]: Timing info for model.northwind_dw.bronze_order_details (compile): 17:34:05.673677 => 17:34:05.708584
[0m17:34:05.710790 [debug] [Thread-2 (]: Opening a new connection, currently in state closed
[0m17:34:05.711767 [debug] [Thread-4 (]: Began executing node model.northwind_dw.bronze_order_details
[0m17:34:05.715063 [debug] [Thread-4 (]: Opening a new connection, currently in state init
[0m17:34:06.768656 [debug] [Thread-4 (]: Writing runtime sql for node "model.northwind_dw.bronze_order_details"
[0m17:34:06.769881 [debug] [Thread-2 (]: Writing runtime sql for node "model.northwind_dw.bronze_customers"
[0m17:34:06.766179 [debug] [Thread-3 (]: Writing runtime sql for node "model.northwind_dw.bronze_employees"
[0m17:34:06.771084 [debug] [Thread-4 (]: On model.northwind_dw.bronze_order_details: /* {"app": "dbt", "dbt_version": "1.7.4", "profile_name": "northwind_dw", "target_name": "dev", "node_id": "model.northwind_dw.bronze_order_details"} */


  create or replace view `portifolio-482811`.`northwind_bronze`.`bronze_order_details`
  OPTIONS()
  as -- Bronze layer: Raw data from PostgreSQL ingestion



SELECT *
FROM `portifolio-482811.northwind_bronze.bronze_order_details`;


[0m17:34:06.772108 [debug] [Thread-2 (]: On model.northwind_dw.bronze_customers: /* {"app": "dbt", "dbt_version": "1.7.4", "profile_name": "northwind_dw", "target_name": "dev", "node_id": "model.northwind_dw.bronze_customers"} */


  create or replace view `portifolio-482811`.`northwind_bronze`.`bronze_customers`
  OPTIONS()
  as -- Bronze layer: Raw data from PostgreSQL ingestion



SELECT *
FROM `portifolio-482811.northwind_bronze.bronze_customers`;


[0m17:34:06.775495 [debug] [Thread-3 (]: On model.northwind_dw.bronze_employees: /* {"app": "dbt", "dbt_version": "1.7.4", "profile_name": "northwind_dw", "target_name": "dev", "node_id": "model.northwind_dw.bronze_employees"} */


  create or replace view `portifolio-482811`.`northwind_bronze`.`bronze_employees`
  OPTIONS()
  as -- Bronze layer: Raw data from PostgreSQL ingestion



SELECT *
FROM `portifolio-482811.northwind_bronze.bronze_employees`;


[0m17:34:06.813522 [debug] [Thread-1 (]: Writing runtime sql for node "model.northwind_dw.bronze_categories"
[0m17:34:06.814184 [debug] [Thread-1 (]: On model.northwind_dw.bronze_categories: /* {"app": "dbt", "dbt_version": "1.7.4", "profile_name": "northwind_dw", "target_name": "dev", "node_id": "model.northwind_dw.bronze_categories"} */


  create or replace view `portifolio-482811`.`northwind_bronze`.`bronze_categories`
  OPTIONS()
  as -- Bronze layer: Raw data from PostgreSQL ingestion



SELECT *
FROM `portifolio-482811.northwind_bronze.bronze_categories`;


[0m17:34:07.237673 [debug] [Thread-1 (]: BigQuery adapter: https://console.cloud.google.com/bigquery?project=portifolio-482811&j=bq:US:c8fe8f50-d385-41fc-a471-9806095ca23d&page=queryresults
[0m17:34:07.238161 [debug] [Thread-4 (]: BigQuery adapter: https://console.cloud.google.com/bigquery?project=portifolio-482811&j=bq:US:86fa0b75-2d4b-4c65-bb4e-7075855ff2a7&page=queryresults
[0m17:34:07.239968 [debug] [Thread-1 (]: BigQuery adapter: Unhandled error while running:
/* {"app": "dbt", "dbt_version": "1.7.4", "profile_name": "northwind_dw", "target_name": "dev", "node_id": "model.northwind_dw.bronze_categories"} */


  create or replace view `portifolio-482811`.`northwind_bronze`.`bronze_categories`
  OPTIONS()
  as -- Bronze layer: Raw data from PostgreSQL ingestion



SELECT *
FROM `portifolio-482811.northwind_bronze.bronze_categories`;


[0m17:34:07.240845 [debug] [Thread-1 (]: BigQuery adapter: 404 Not found: Table portifolio-482811:northwind_bronze.bronze_categories was not found in location US

Location: US
Job ID: c8fe8f50-d385-41fc-a471-9806095ca23d

[0m17:34:07.241636 [debug] [Thread-1 (]: Timing info for model.northwind_dw.bronze_categories (execute): 17:34:05.686581 => 17:34:07.241388
[0m17:34:07.242033 [debug] [Thread-4 (]: BigQuery adapter: Unhandled error while running:
/* {"app": "dbt", "dbt_version": "1.7.4", "profile_name": "northwind_dw", "target_name": "dev", "node_id": "model.northwind_dw.bronze_order_details"} */


  create or replace view `portifolio-482811`.`northwind_bronze`.`bronze_order_details`
  OPTIONS()
  as -- Bronze layer: Raw data from PostgreSQL ingestion



SELECT *
FROM `portifolio-482811.northwind_bronze.bronze_order_details`;


[0m17:34:07.243918 [debug] [Thread-2 (]: BigQuery adapter: https://console.cloud.google.com/bigquery?project=portifolio-482811&j=bq:US:c487f938-8692-40b1-bfa0-5f7364aa43d5&page=queryresults
[0m17:34:07.244529 [debug] [Thread-4 (]: BigQuery adapter: 404 Not found: Table portifolio-482811:northwind_bronze.bronze_order_details was not found in location US

Location: US
Job ID: 86fa0b75-2d4b-4c65-bb4e-7075855ff2a7

[0m17:34:07.246020 [debug] [Thread-4 (]: Timing info for model.northwind_dw.bronze_order_details (execute): 17:34:05.712339 => 17:34:07.245837
[0m17:34:07.248012 [debug] [Thread-2 (]: BigQuery adapter: Unhandled error while running:
/* {"app": "dbt", "dbt_version": "1.7.4", "profile_name": "northwind_dw", "target_name": "dev", "node_id": "model.northwind_dw.bronze_customers"} */


  create or replace view `portifolio-482811`.`northwind_bronze`.`bronze_customers`
  OPTIONS()
  as -- Bronze layer: Raw data from PostgreSQL ingestion



SELECT *
FROM `portifolio-482811.northwind_bronze.bronze_customers`;


[0m17:34:07.249134 [debug] [Thread-2 (]: BigQuery adapter: 404 Not found: Table portifolio-482811:northwind_bronze.bronze_customers was not found in location US

Location: US
Job ID: c487f938-8692-40b1-bfa0-5f7364aa43d5

[0m17:34:07.250094 [debug] [Thread-2 (]: Timing info for model.northwind_dw.bronze_customers (execute): 17:34:05.709016 => 17:34:07.249910
[0m17:34:07.257893 [debug] [Thread-3 (]: BigQuery adapter: https://console.cloud.google.com/bigquery?project=portifolio-482811&j=bq:US:43fcf84c-5a6d-4e55-8f2b-df8d6276ea6a&page=queryresults
[0m17:34:07.260715 [debug] [Thread-1 (]: Runtime Error in model bronze_categories (models/bronze/bronze_categories.sql)
  404 Not found: Table portifolio-482811:northwind_bronze.bronze_categories was not found in location US
  
  Location: US
  Job ID: c8fe8f50-d385-41fc-a471-9806095ca23d
  
[0m17:34:07.262311 [debug] [Thread-2 (]: Runtime Error in model bronze_customers (models/bronze/bronze_customers.sql)
  404 Not found: Table portifolio-482811:northwind_bronze.bronze_customers was not found in location US
  
  Location: US
  Job ID: c487f938-8692-40b1-bfa0-5f7364aa43d5
  
[0m17:34:07.263723 [debug] [Thread-4 (]: Runtime Error in model bronze_order_details (models/bronze/bronze_order_details.sql)
  404 Not found: Table portifolio-482811:northwind_bronze.bronze_order_details was not found in location US
  
  Location: US
  Job ID: 86fa0b75-2d4b-4c65-bb4e-7075855ff2a7
  
[0m17:34:07.264116 [debug] [Thread-3 (]: BigQuery adapter: Unhandled error while running:
/* {"app": "dbt", "dbt_version": "1.7.4", "profile_name": "northwind_dw", "target_name": "dev", "node_id": "model.northwind_dw.bronze_employees"} */


  create or replace view `portifolio-482811`.`northwind_bronze`.`bronze_employees`
  OPTIONS()
  as -- Bronze layer: Raw data from PostgreSQL ingestion



SELECT *
FROM `portifolio-482811.northwind_bronze.bronze_employees`;


[0m17:34:07.264560 [debug] [Thread-1 (]: Sending event: {'category': 'dbt', 'action': 'run_model', 'label': '10efc6cb-db89-441c-8c03-aeabe0b6dcd0', 'context': [<snowplow_tracker.self_describing_json.SelfDescribingJson object at 0x7572b6905410>]}
[0m17:34:07.264967 [debug] [Thread-2 (]: Sending event: {'category': 'dbt', 'action': 'run_model', 'label': '10efc6cb-db89-441c-8c03-aeabe0b6dcd0', 'context': [<snowplow_tracker.self_describing_json.SelfDescribingJson object at 0x7572b649edd0>]}
[0m17:34:07.265364 [debug] [Thread-4 (]: Sending event: {'category': 'dbt', 'action': 'run_model', 'label': '10efc6cb-db89-441c-8c03-aeabe0b6dcd0', 'context': [<snowplow_tracker.self_describing_json.SelfDescribingJson object at 0x7572b610bd10>]}
[0m17:34:07.265755 [debug] [Thread-3 (]: BigQuery adapter: 404 Not found: Table portifolio-482811:northwind_bronze.bronze_employees was not found in location US

Location: US
Job ID: 43fcf84c-5a6d-4e55-8f2b-df8d6276ea6a

[0m17:34:07.266320 [error] [Thread-1 (]: 1 of 15 ERROR creating sql view model northwind_bronze.bronze_categories ....... [[31mERROR[0m in 1.60s]
[0m17:34:07.266920 [error] [Thread-2 (]: 2 of 15 ERROR creating sql view model northwind_bronze.bronze_customers ........ [[31mERROR[0m in 1.60s]
[0m17:34:07.267438 [error] [Thread-4 (]: 4 of 15 ERROR creating sql view model northwind_bronze.bronze_order_details .... [[31mERROR[0m in 1.60s]
[0m17:34:07.267978 [debug] [Thread-3 (]: Timing info for model.northwind_dw.bronze_employees (execute): 17:34:05.706168 => 17:34:07.267803
[0m17:34:07.268412 [debug] [Thread-1 (]: Finished running node model.northwind_dw.bronze_categories
[0m17:34:07.268839 [debug] [Thread-2 (]: Finished running node model.northwind_dw.bronze_customers
[0m17:34:07.269265 [debug] [Thread-4 (]: Finished running node model.northwind_dw.bronze_order_details
[0m17:34:07.270588 [debug] [Thread-1 (]: Began running node model.northwind_dw.bronze_orders
[0m17:34:07.272573 [debug] [Thread-3 (]: Runtime Error in model bronze_employees (models/bronze/bronze_employees.sql)
  404 Not found: Table portifolio-482811:northwind_bronze.bronze_employees was not found in location US
  
  Location: US
  Job ID: 43fcf84c-5a6d-4e55-8f2b-df8d6276ea6a
  
[0m17:34:07.272942 [debug] [Thread-2 (]: Began running node model.northwind_dw.bronze_products
[0m17:34:07.273464 [debug] [Thread-4 (]: Began running node model.northwind_dw.bronze_shippers
[0m17:34:07.274063 [info ] [Thread-1 (]: 5 of 15 START sql view model northwind_bronze.bronze_orders .................... [RUN]
[0m17:34:07.274482 [debug] [Thread-3 (]: Sending event: {'category': 'dbt', 'action': 'run_model', 'label': '10efc6cb-db89-441c-8c03-aeabe0b6dcd0', 'context': [<snowplow_tracker.self_describing_json.SelfDescribingJson object at 0x7572b64a8c50>]}
[0m17:34:07.274881 [info ] [Thread-2 (]: 6 of 15 START sql view model northwind_bronze.bronze_products .................. [RUN]
[0m17:34:07.275365 [info ] [Thread-4 (]: 7 of 15 START sql view model northwind_bronze.bronze_shippers .................. [RUN]
[0m17:34:07.275999 [debug] [Thread-1 (]: Re-using an available connection from the pool (formerly model.northwind_dw.bronze_categories, now model.northwind_dw.bronze_orders)
[0m17:34:07.276509 [error] [Thread-3 (]: 3 of 15 ERROR creating sql view model northwind_bronze.bronze_employees ........ [[31mERROR[0m in 1.61s]
[0m17:34:07.277143 [debug] [Thread-2 (]: Re-using an available connection from the pool (formerly model.northwind_dw.bronze_customers, now model.northwind_dw.bronze_products)
[0m17:34:07.277815 [debug] [Thread-4 (]: Re-using an available connection from the pool (formerly model.northwind_dw.bronze_order_details, now model.northwind_dw.bronze_shippers)
[0m17:34:07.278191 [debug] [Thread-1 (]: Began compiling node model.northwind_dw.bronze_orders
[0m17:34:07.278612 [debug] [Thread-3 (]: Finished running node model.northwind_dw.bronze_employees
[0m17:34:07.278973 [debug] [Thread-2 (]: Began compiling node model.northwind_dw.bronze_products
[0m17:34:07.279294 [debug] [Thread-4 (]: Began compiling node model.northwind_dw.bronze_shippers
[0m17:34:07.281466 [debug] [Thread-1 (]: Writing injected SQL for node "model.northwind_dw.bronze_orders"
[0m17:34:07.281896 [debug] [Thread-3 (]: Began running node model.northwind_dw.bronze_suppliers
[0m17:34:07.284081 [debug] [Thread-2 (]: Writing injected SQL for node "model.northwind_dw.bronze_products"
[0m17:34:07.286247 [debug] [Thread-4 (]: Writing injected SQL for node "model.northwind_dw.bronze_shippers"
[0m17:34:07.287362 [debug] [Thread-1 (]: Timing info for model.northwind_dw.bronze_orders (compile): 17:34:07.279512 => 17:34:07.287153
[0m17:34:07.286970 [info ] [Thread-3 (]: 8 of 15 START sql view model northwind_bronze.bronze_suppliers ................. [RUN]
[0m17:34:07.288198 [debug] [Thread-2 (]: Timing info for model.northwind_dw.bronze_products (compile): 17:34:07.282253 => 17:34:07.288006
[0m17:34:07.288516 [debug] [Thread-1 (]: Began executing node model.northwind_dw.bronze_orders
[0m17:34:07.288870 [debug] [Thread-4 (]: Timing info for model.northwind_dw.bronze_shippers (compile): 17:34:07.284537 => 17:34:07.288702
[0m17:34:07.289404 [debug] [Thread-3 (]: Re-using an available connection from the pool (formerly model.northwind_dw.bronze_employees, now model.northwind_dw.bronze_suppliers)
[0m17:34:07.289878 [debug] [Thread-2 (]: Began executing node model.northwind_dw.bronze_products
[0m17:34:07.291651 [debug] [Thread-4 (]: Began executing node model.northwind_dw.bronze_shippers
[0m17:34:07.293253 [debug] [Thread-3 (]: Began compiling node model.northwind_dw.bronze_suppliers
[0m17:34:07.296529 [debug] [Thread-2 (]: Opening a new connection, currently in state closed
[0m17:34:07.299961 [debug] [Thread-4 (]: Opening a new connection, currently in state closed
[0m17:34:07.303555 [debug] [Thread-3 (]: Writing injected SQL for node "model.northwind_dw.bronze_suppliers"
[0m17:34:07.306931 [debug] [Thread-1 (]: Opening a new connection, currently in state closed
[0m17:34:07.308391 [debug] [Thread-3 (]: Timing info for model.northwind_dw.bronze_suppliers (compile): 17:34:07.301691 => 17:34:07.308186
[0m17:34:07.308825 [debug] [Thread-3 (]: Began executing node model.northwind_dw.bronze_suppliers
[0m17:34:07.311332 [debug] [Thread-3 (]: Opening a new connection, currently in state closed
[0m17:34:08.379292 [debug] [Thread-1 (]: Writing runtime sql for node "model.northwind_dw.bronze_orders"
[0m17:34:08.380461 [debug] [Thread-4 (]: Writing runtime sql for node "model.northwind_dw.bronze_shippers"
[0m17:34:08.381379 [debug] [Thread-3 (]: Writing runtime sql for node "model.northwind_dw.bronze_suppliers"
[0m17:34:08.382408 [debug] [Thread-2 (]: Writing runtime sql for node "model.northwind_dw.bronze_products"
[0m17:34:08.383128 [debug] [Thread-4 (]: On model.northwind_dw.bronze_shippers: /* {"app": "dbt", "dbt_version": "1.7.4", "profile_name": "northwind_dw", "target_name": "dev", "node_id": "model.northwind_dw.bronze_shippers"} */


  create or replace view `portifolio-482811`.`northwind_bronze`.`bronze_shippers`
  OPTIONS()
  as -- Bronze layer: Raw data from PostgreSQL ingestion



SELECT *
FROM `portifolio-482811.northwind_bronze.bronze_shippers`;


[0m17:34:08.383745 [debug] [Thread-1 (]: On model.northwind_dw.bronze_orders: /* {"app": "dbt", "dbt_version": "1.7.4", "profile_name": "northwind_dw", "target_name": "dev", "node_id": "model.northwind_dw.bronze_orders"} */


  create or replace view `portifolio-482811`.`northwind_bronze`.`bronze_orders`
  OPTIONS()
  as -- Bronze layer: Raw data from PostgreSQL ingestion



SELECT *
FROM `portifolio-482811.northwind_bronze.bronze_orders`;


[0m17:34:08.384712 [debug] [Thread-2 (]: On model.northwind_dw.bronze_products: /* {"app": "dbt", "dbt_version": "1.7.4", "profile_name": "northwind_dw", "target_name": "dev", "node_id": "model.northwind_dw.bronze_products"} */


  create or replace view `portifolio-482811`.`northwind_bronze`.`bronze_products`
  OPTIONS()
  as -- Bronze layer: Raw data from PostgreSQL ingestion



SELECT *
FROM `portifolio-482811.northwind_bronze.bronze_products`;


[0m17:34:08.385913 [debug] [Thread-3 (]: On model.northwind_dw.bronze_suppliers: /* {"app": "dbt", "dbt_version": "1.7.4", "profile_name": "northwind_dw", "target_name": "dev", "node_id": "model.northwind_dw.bronze_suppliers"} */


  create or replace view `portifolio-482811`.`northwind_bronze`.`bronze_suppliers`
  OPTIONS()
  as -- Bronze layer: Raw data from PostgreSQL ingestion



SELECT *
FROM `portifolio-482811.northwind_bronze.bronze_suppliers`;


[0m17:34:08.760971 [debug] [Thread-1 (]: BigQuery adapter: https://console.cloud.google.com/bigquery?project=portifolio-482811&j=bq:US:7b2ef1bf-2d40-46fc-945f-d163d7b9448f&page=queryresults
[0m17:34:08.763675 [debug] [Thread-1 (]: BigQuery adapter: Unhandled error while running:
/* {"app": "dbt", "dbt_version": "1.7.4", "profile_name": "northwind_dw", "target_name": "dev", "node_id": "model.northwind_dw.bronze_orders"} */


  create or replace view `portifolio-482811`.`northwind_bronze`.`bronze_orders`
  OPTIONS()
  as -- Bronze layer: Raw data from PostgreSQL ingestion



SELECT *
FROM `portifolio-482811.northwind_bronze.bronze_orders`;


[0m17:34:08.764833 [debug] [Thread-1 (]: BigQuery adapter: 404 Not found: Table portifolio-482811:northwind_bronze.bronze_orders was not found in location US

Location: US
Job ID: 7b2ef1bf-2d40-46fc-945f-d163d7b9448f

[0m17:34:08.766132 [debug] [Thread-1 (]: Timing info for model.northwind_dw.bronze_orders (execute): 17:34:07.290159 => 17:34:08.765584
[0m17:34:08.771715 [debug] [Thread-1 (]: Runtime Error in model bronze_orders (models/bronze/bronze_orders.sql)
  404 Not found: Table portifolio-482811:northwind_bronze.bronze_orders was not found in location US
  
  Location: US
  Job ID: 7b2ef1bf-2d40-46fc-945f-d163d7b9448f
  
[0m17:34:08.772248 [debug] [Thread-1 (]: Sending event: {'category': 'dbt', 'action': 'run_model', 'label': '10efc6cb-db89-441c-8c03-aeabe0b6dcd0', 'context': [<snowplow_tracker.self_describing_json.SelfDescribingJson object at 0x7572b64dde10>]}
[0m17:34:08.773057 [error] [Thread-1 (]: 5 of 15 ERROR creating sql view model northwind_bronze.bronze_orders ........... [[31mERROR[0m in 1.50s]
[0m17:34:08.773930 [debug] [Thread-1 (]: Finished running node model.northwind_dw.bronze_orders
[0m17:34:08.774756 [debug] [Thread-1 (]: Began running node model.northwind_dw.silver_dim_customers
[0m17:34:08.775296 [info ] [Thread-1 (]: 9 of 15 SKIP relation northwind_silver.silver_dim_customers .................... [[33mSKIP[0m]
[0m17:34:08.775628 [debug] [Thread-1 (]: Finished running node model.northwind_dw.silver_dim_customers
[0m17:34:08.775957 [debug] [Thread-1 (]: Began running node model.northwind_dw.silver_dim_employees
[0m17:34:08.776369 [info ] [Thread-1 (]: 10 of 15 SKIP relation northwind_silver.silver_dim_employees ................... [[33mSKIP[0m]
[0m17:34:08.776753 [debug] [Thread-1 (]: Finished running node model.northwind_dw.silver_dim_employees
[0m17:34:08.777086 [debug] [Thread-1 (]: Began running node model.northwind_dw.silver_fact_orders
[0m17:34:08.777553 [info ] [Thread-1 (]: 11 of 15 SKIP relation northwind_silver.silver_fact_orders ..................... [[33mSKIP[0m]
[0m17:34:08.778016 [debug] [Thread-1 (]: Finished running node model.northwind_dw.silver_fact_orders
[0m17:34:08.778590 [debug] [Thread-1 (]: Began running node model.northwind_dw.gold_customer_analytics
[0m17:34:08.778916 [info ] [Thread-1 (]: 12 of 15 SKIP relation gold.gold_customer_analytics ............................ [[33mSKIP[0m]
[0m17:34:08.779247 [debug] [Thread-1 (]: Finished running node model.northwind_dw.gold_customer_analytics
[0m17:34:08.779529 [debug] [Thread-1 (]: Began running node model.northwind_dw.gold_sales_by_country
[0m17:34:08.779895 [info ] [Thread-1 (]: 13 of 15 SKIP relation gold.gold_sales_by_country .............................. [[33mSKIP[0m]
[0m17:34:08.780235 [debug] [Thread-1 (]: Finished running node model.northwind_dw.gold_sales_by_country
[0m17:34:08.802648 [debug] [Thread-4 (]: BigQuery adapter: https://console.cloud.google.com/bigquery?project=portifolio-482811&j=bq:US:20fbeec4-756d-4e77-88e5-28026f50c8d2&page=queryresults
[0m17:34:08.803179 [debug] [Thread-3 (]: BigQuery adapter: https://console.cloud.google.com/bigquery?project=portifolio-482811&j=bq:US:13b324ac-134d-45b9-af71-0f043b89a439&page=queryresults
[0m17:34:08.804917 [debug] [Thread-4 (]: BigQuery adapter: Unhandled error while running:
/* {"app": "dbt", "dbt_version": "1.7.4", "profile_name": "northwind_dw", "target_name": "dev", "node_id": "model.northwind_dw.bronze_shippers"} */


  create or replace view `portifolio-482811`.`northwind_bronze`.`bronze_shippers`
  OPTIONS()
  as -- Bronze layer: Raw data from PostgreSQL ingestion



SELECT *
FROM `portifolio-482811.northwind_bronze.bronze_shippers`;


[0m17:34:08.806156 [debug] [Thread-4 (]: BigQuery adapter: 404 Not found: Table portifolio-482811:northwind_bronze.bronze_shippers was not found in location US

Location: US
Job ID: 20fbeec4-756d-4e77-88e5-28026f50c8d2

[0m17:34:08.806949 [debug] [Thread-3 (]: BigQuery adapter: Unhandled error while running:
/* {"app": "dbt", "dbt_version": "1.7.4", "profile_name": "northwind_dw", "target_name": "dev", "node_id": "model.northwind_dw.bronze_suppliers"} */


  create or replace view `portifolio-482811`.`northwind_bronze`.`bronze_suppliers`
  OPTIONS()
  as -- Bronze layer: Raw data from PostgreSQL ingestion



SELECT *
FROM `portifolio-482811.northwind_bronze.bronze_suppliers`;


[0m17:34:08.807623 [debug] [Thread-4 (]: Timing info for model.northwind_dw.bronze_shippers (execute): 17:34:07.297725 => 17:34:08.807447
[0m17:34:08.808932 [debug] [Thread-3 (]: BigQuery adapter: 404 Not found: Table portifolio-482811:northwind_bronze.bronze_suppliers was not found in location US

Location: US
Job ID: 13b324ac-134d-45b9-af71-0f043b89a439

[0m17:34:08.810190 [debug] [Thread-2 (]: BigQuery adapter: https://console.cloud.google.com/bigquery?project=portifolio-482811&j=bq:US:85b23cac-7f8a-4188-8ed2-7b83cba1029c&page=queryresults
[0m17:34:08.813365 [debug] [Thread-4 (]: Runtime Error in model bronze_shippers (models/bronze/bronze_shippers.sql)
  404 Not found: Table portifolio-482811:northwind_bronze.bronze_shippers was not found in location US
  
  Location: US
  Job ID: 20fbeec4-756d-4e77-88e5-28026f50c8d2
  
[0m17:34:08.813976 [debug] [Thread-3 (]: Timing info for model.northwind_dw.bronze_suppliers (execute): 17:34:07.309124 => 17:34:08.813812
[0m17:34:08.814923 [debug] [Thread-4 (]: Sending event: {'category': 'dbt', 'action': 'run_model', 'label': '10efc6cb-db89-441c-8c03-aeabe0b6dcd0', 'context': [<snowplow_tracker.self_describing_json.SelfDescribingJson object at 0x7572b64de2d0>]}
[0m17:34:08.815569 [debug] [Thread-2 (]: BigQuery adapter: Unhandled error while running:
/* {"app": "dbt", "dbt_version": "1.7.4", "profile_name": "northwind_dw", "target_name": "dev", "node_id": "model.northwind_dw.bronze_products"} */


  create or replace view `portifolio-482811`.`northwind_bronze`.`bronze_products`
  OPTIONS()
  as -- Bronze layer: Raw data from PostgreSQL ingestion



SELECT *
FROM `portifolio-482811.northwind_bronze.bronze_products`;


[0m17:34:08.817252 [error] [Thread-4 (]: 7 of 15 ERROR creating sql view model northwind_bronze.bronze_shippers ......... [[31mERROR[0m in 1.54s]
[0m17:34:08.818408 [debug] [Thread-3 (]: Runtime Error in model bronze_suppliers (models/bronze/bronze_suppliers.sql)
  404 Not found: Table portifolio-482811:northwind_bronze.bronze_suppliers was not found in location US
  
  Location: US
  Job ID: 13b324ac-134d-45b9-af71-0f043b89a439
  
[0m17:34:08.818810 [debug] [Thread-2 (]: BigQuery adapter: 404 Not found: Table portifolio-482811:northwind_bronze.bronze_products was not found in location US

Location: US
Job ID: 85b23cac-7f8a-4188-8ed2-7b83cba1029c

[0m17:34:08.819227 [debug] [Thread-4 (]: Finished running node model.northwind_dw.bronze_shippers
[0m17:34:08.819565 [debug] [Thread-3 (]: Sending event: {'category': 'dbt', 'action': 'run_model', 'label': '10efc6cb-db89-441c-8c03-aeabe0b6dcd0', 'context': [<snowplow_tracker.self_describing_json.SelfDescribingJson object at 0x7572a5648310>]}
[0m17:34:08.820030 [debug] [Thread-2 (]: Timing info for model.northwind_dw.bronze_products (execute): 17:34:07.294539 => 17:34:08.819858
[0m17:34:08.820713 [error] [Thread-3 (]: 8 of 15 ERROR creating sql view model northwind_bronze.bronze_suppliers ........ [[31mERROR[0m in 1.53s]
[0m17:34:08.822149 [debug] [Thread-3 (]: Finished running node model.northwind_dw.bronze_suppliers
[0m17:34:08.824385 [debug] [Thread-2 (]: Runtime Error in model bronze_products (models/bronze/bronze_products.sql)
  404 Not found: Table portifolio-482811:northwind_bronze.bronze_products was not found in location US
  
  Location: US
  Job ID: 85b23cac-7f8a-4188-8ed2-7b83cba1029c
  
[0m17:34:08.824731 [debug] [Thread-2 (]: Sending event: {'category': 'dbt', 'action': 'run_model', 'label': '10efc6cb-db89-441c-8c03-aeabe0b6dcd0', 'context': [<snowplow_tracker.self_describing_json.SelfDescribingJson object at 0x7572b618cf10>]}
[0m17:34:08.825141 [error] [Thread-2 (]: 6 of 15 ERROR creating sql view model northwind_bronze.bronze_products ......... [[31mERROR[0m in 1.55s]
[0m17:34:08.825540 [debug] [Thread-2 (]: Finished running node model.northwind_dw.bronze_products
[0m17:34:08.826363 [debug] [Thread-1 (]: Began running node model.northwind_dw.silver_dim_products
[0m17:34:08.826731 [info ] [Thread-1 (]: 14 of 15 SKIP relation northwind_silver.silver_dim_products .................... [[33mSKIP[0m]
[0m17:34:08.827070 [debug] [Thread-1 (]: Finished running node model.northwind_dw.silver_dim_products
[0m17:34:08.827735 [debug] [Thread-3 (]: Began running node model.northwind_dw.gold_sales_by_category
[0m17:34:08.828075 [info ] [Thread-3 (]: 15 of 15 SKIP relation gold.gold_sales_by_category ............................. [[33mSKIP[0m]
[0m17:34:08.828393 [debug] [Thread-3 (]: Finished running node model.northwind_dw.gold_sales_by_category
[0m17:34:08.830109 [debug] [MainThread]: Connection 'master' was properly closed.
[0m17:34:08.830403 [debug] [MainThread]: Connection 'model.northwind_dw.bronze_products' was properly closed.
[0m17:34:08.830634 [debug] [MainThread]: Connection 'model.northwind_dw.bronze_orders' was properly closed.
[0m17:34:08.830836 [debug] [MainThread]: Connection 'model.northwind_dw.bronze_suppliers' was properly closed.
[0m17:34:08.831026 [debug] [MainThread]: Connection 'model.northwind_dw.bronze_shippers' was properly closed.
[0m17:34:08.831290 [info ] [MainThread]: 
[0m17:34:08.831553 [info ] [MainThread]: Finished running 8 view models, 7 table models in 0 hours 0 minutes and 5.24 seconds (5.24s).
[0m17:34:08.832508 [debug] [MainThread]: Command end result
[0m17:34:08.845318 [info ] [MainThread]: 
[0m17:34:08.846438 [info ] [MainThread]: [31mCompleted with 8 errors and 0 warnings:[0m
[0m17:34:08.846949 [info ] [MainThread]: 
[0m17:34:08.847391 [error] [MainThread]:   Runtime Error in model bronze_categories (models/bronze/bronze_categories.sql)
  404 Not found: Table portifolio-482811:northwind_bronze.bronze_categories was not found in location US
  
  Location: US
  Job ID: c8fe8f50-d385-41fc-a471-9806095ca23d
  
[0m17:34:08.847858 [info ] [MainThread]: 
[0m17:34:08.848273 [error] [MainThread]:   Runtime Error in model bronze_customers (models/bronze/bronze_customers.sql)
  404 Not found: Table portifolio-482811:northwind_bronze.bronze_customers was not found in location US
  
  Location: US
  Job ID: c487f938-8692-40b1-bfa0-5f7364aa43d5
  
[0m17:34:08.848678 [info ] [MainThread]: 
[0m17:34:08.849078 [error] [MainThread]:   Runtime Error in model bronze_order_details (models/bronze/bronze_order_details.sql)
  404 Not found: Table portifolio-482811:northwind_bronze.bronze_order_details was not found in location US
  
  Location: US
  Job ID: 86fa0b75-2d4b-4c65-bb4e-7075855ff2a7
  
[0m17:34:08.849466 [info ] [MainThread]: 
[0m17:34:08.849908 [error] [MainThread]:   Runtime Error in model bronze_employees (models/bronze/bronze_employees.sql)
  404 Not found: Table portifolio-482811:northwind_bronze.bronze_employees was not found in location US
  
  Location: US
  Job ID: 43fcf84c-5a6d-4e55-8f2b-df8d6276ea6a
  
[0m17:34:08.850310 [info ] [MainThread]: 
[0m17:34:08.850717 [error] [MainThread]:   Runtime Error in model bronze_orders (models/bronze/bronze_orders.sql)
  404 Not found: Table portifolio-482811:northwind_bronze.bronze_orders was not found in location US
  
  Location: US
  Job ID: 7b2ef1bf-2d40-46fc-945f-d163d7b9448f
  
[0m17:34:08.851105 [info ] [MainThread]: 
[0m17:34:08.851471 [error] [MainThread]:   Runtime Error in model bronze_shippers (models/bronze/bronze_shippers.sql)
  404 Not found: Table portifolio-482811:northwind_bronze.bronze_shippers was not found in location US
  
  Location: US
  Job ID: 20fbeec4-756d-4e77-88e5-28026f50c8d2
  
[0m17:34:08.851842 [info ] [MainThread]: 
[0m17:34:08.852218 [error] [MainThread]:   Runtime Error in model bronze_suppliers (models/bronze/bronze_suppliers.sql)
  404 Not found: Table portifolio-482811:northwind_bronze.bronze_suppliers was not found in location US
  
  Location: US
  Job ID: 13b324ac-134d-45b9-af71-0f043b89a439
  
[0m17:34:08.852588 [info ] [MainThread]: 
[0m17:34:08.852956 [error] [MainThread]:   Runtime Error in model bronze_products (models/bronze/bronze_products.sql)
  404 Not found: Table portifolio-482811:northwind_bronze.bronze_products was not found in location US
  
  Location: US
  Job ID: 85b23cac-7f8a-4188-8ed2-7b83cba1029c
  
[0m17:34:08.853369 [info ] [MainThread]: 
[0m17:34:08.853838 [info ] [MainThread]: Done. PASS=0 WARN=0 ERROR=8 SKIP=7 TOTAL=15
[0m17:34:08.855114 [debug] [MainThread]: Resource report: {"command_name": "run", "command_wall_clock_time": 6.089364, "process_user_time": 4.707263, "process_kernel_time": 1.569087, "process_mem_max_rss": "240856", "process_out_blocks": "2944", "command_success": false, "process_in_blocks": "0"}
[0m17:34:08.855804 [debug] [MainThread]: Command `dbt run` failed at 17:34:08.855642 after 6.09 seconds
[0m17:34:08.856266 [debug] [MainThread]: Sending event: {'category': 'dbt', 'action': 'invocation', 'label': 'end', 'context': [<snowplow_tracker.self_describing_json.SelfDescribingJson object at 0x7572f68bb190>, <snowplow_tracker.self_describing_json.SelfDescribingJson object at 0x7572f672ecd0>, <snowplow_tracker.self_describing_json.SelfDescribingJson object at 0x7572f6db50d0>]}
[0m17:34:08.856747 [debug] [MainThread]: Flushing usage events
[0m17:35:13.460067 [debug] [MainThread]: Sending event: {'category': 'dbt', 'action': 'invocation', 'label': 'start', 'context': [<snowplow_tracker.self_describing_json.SelfDescribingJson object at 0x7dfae626c790>, <snowplow_tracker.self_describing_json.SelfDescribingJson object at 0x7dfae5e229d0>, <snowplow_tracker.self_describing_json.SelfDescribingJson object at 0x7dfae627e010>]}


============================== 17:35:13.464041 | c43ce141-bf4c-4c8d-be60-346239d1d7de ==============================
[0m17:35:13.464041 [info ] [MainThread]: Running with dbt=1.7.4
[0m17:35:13.464478 [debug] [MainThread]: running dbt with arguments {'printer_width': '80', 'indirect_selection': 'eager', 'log_cache_events': 'False', 'write_json': 'True', 'partial_parse': 'True', 'cache_selected_only': 'False', 'warn_error': 'None', 'version_check': 'True', 'fail_fast': 'False', 'log_path': '/opt/airflow/dbt/northwind_dw/logs', 'profiles_dir': '/opt/airflow/dbt', 'debug': 'False', 'use_colors': 'True', 'use_experimental_parser': 'False', 'no_print': 'None', 'quiet': 'False', 'log_format': 'default', 'static_parser': 'True', 'introspect': 'True', 'invocation_command': 'dbt run --profiles-dir /opt/airflow/dbt', 'target_path': 'None', 'warn_error_options': 'WarnErrorOptions(include=[], exclude=[])', 'send_anonymous_usage_stats': 'True'}
[0m17:35:14.153179 [debug] [MainThread]: Sending event: {'category': 'dbt', 'action': 'project_id', 'label': 'c43ce141-bf4c-4c8d-be60-346239d1d7de', 'context': [<snowplow_tracker.self_describing_json.SelfDescribingJson object at 0x7dfaa6034c10>]}
[0m17:35:14.213133 [debug] [MainThread]: Sending event: {'category': 'dbt', 'action': 'adapter_info', 'label': 'c43ce141-bf4c-4c8d-be60-346239d1d7de', 'context': [<snowplow_tracker.self_describing_json.SelfDescribingJson object at 0x7dfaa7ae4590>]}
[0m17:35:14.213807 [info ] [MainThread]: Registered adapter: bigquery=1.7.2
[0m17:35:14.223903 [debug] [MainThread]: checksum: 248e8aba381ba2d577dce7ab50d2010c2aac45d2b27e6e6214cdd96d2d41fabc, vars: {}, profile: , target: , version: 1.7.4
[0m17:35:14.245094 [debug] [MainThread]: Partial parsing enabled: 0 files deleted, 0 files added, 0 files changed.
[0m17:35:14.245476 [debug] [MainThread]: Partial parsing enabled, no changes found, skipping parsing
[0m17:35:14.249684 [debug] [MainThread]: Sending event: {'category': 'dbt', 'action': 'load_project', 'label': 'c43ce141-bf4c-4c8d-be60-346239d1d7de', 'context': [<snowplow_tracker.self_describing_json.SelfDescribingJson object at 0x7dfaa5e88090>]}
[0m17:35:14.263003 [debug] [MainThread]: Sending event: {'category': 'dbt', 'action': 'resource_counts', 'label': 'c43ce141-bf4c-4c8d-be60-346239d1d7de', 'context': [<snowplow_tracker.self_describing_json.SelfDescribingJson object at 0x7dfaa5cf0ad0>]}
[0m17:35:14.263395 [info ] [MainThread]: Found 15 models, 22 tests, 8 sources, 0 exposures, 0 metrics, 562 macros, 0 groups, 0 semantic models
[0m17:35:14.263734 [debug] [MainThread]: Sending event: {'category': 'dbt', 'action': 'runnable_timing', 'label': 'c43ce141-bf4c-4c8d-be60-346239d1d7de', 'context': [<snowplow_tracker.self_describing_json.SelfDescribingJson object at 0x7dfaa6088910>]}
[0m17:35:14.265416 [info ] [MainThread]: 
[0m17:35:14.266040 [debug] [MainThread]: Acquiring new bigquery connection 'master'
[0m17:35:14.267285 [debug] [ThreadPool]: Acquiring new bigquery connection 'list_portifolio-482811'
[0m17:35:14.267619 [debug] [ThreadPool]: Opening a new connection, currently in state init
[0m17:35:14.268350 [debug] [ThreadPool]: Acquiring new bigquery connection 'list_portifolio-482811'
[0m17:35:14.269155 [debug] [ThreadPool]: Acquiring new bigquery connection 'list_portifolio-482811'
[0m17:35:14.269765 [debug] [ThreadPool]: Opening a new connection, currently in state init
[0m17:35:14.270116 [debug] [ThreadPool]: Opening a new connection, currently in state init
[0m17:35:15.415197 [debug] [ThreadPool]: Re-using an available connection from the pool (formerly list_portifolio-482811, now list_portifolio-482811_northwind_silver)
[0m17:35:15.416308 [debug] [ThreadPool]: Re-using an available connection from the pool (formerly list_portifolio-482811, now list_portifolio-482811_gold)
[0m17:35:15.417397 [debug] [ThreadPool]: Re-using an available connection from the pool (formerly list_portifolio-482811, now list_portifolio-482811_northwind_bronze)
[0m17:35:15.417834 [debug] [ThreadPool]: Opening a new connection, currently in state closed
[0m17:35:15.418413 [debug] [ThreadPool]: Opening a new connection, currently in state closed
[0m17:35:15.418842 [debug] [ThreadPool]: Opening a new connection, currently in state closed
[0m17:35:16.397157 [debug] [MainThread]: Sending event: {'category': 'dbt', 'action': 'runnable_timing', 'label': 'c43ce141-bf4c-4c8d-be60-346239d1d7de', 'context': [<snowplow_tracker.self_describing_json.SelfDescribingJson object at 0x7dfaadf39fd0>]}
[0m17:35:16.399220 [info ] [MainThread]: Concurrency: 4 threads (target='dev')
[0m17:35:16.400435 [info ] [MainThread]: 
[0m17:35:16.413535 [debug] [Thread-1 (]: Began running node model.northwind_dw.bronze_categories
[0m17:35:16.413966 [debug] [Thread-2 (]: Began running node model.northwind_dw.bronze_customers
[0m17:35:16.414433 [debug] [Thread-3 (]: Began running node model.northwind_dw.bronze_employees
[0m17:35:16.415070 [debug] [Thread-4 (]: Began running node model.northwind_dw.bronze_order_details
[0m17:35:16.415482 [info ] [Thread-1 (]: 1 of 15 START sql view model northwind_bronze.bronze_categories ................ [RUN]
[0m17:35:16.416013 [info ] [Thread-2 (]: 2 of 15 START sql view model northwind_bronze.bronze_customers ................. [RUN]
[0m17:35:16.416496 [info ] [Thread-3 (]: 3 of 15 START sql view model northwind_bronze.bronze_employees ................. [RUN]
[0m17:35:16.417007 [info ] [Thread-4 (]: 4 of 15 START sql view model northwind_bronze.bronze_order_details ............. [RUN]
[0m17:35:16.417649 [debug] [Thread-1 (]: Re-using an available connection from the pool (formerly list_portifolio-482811_northwind_silver, now model.northwind_dw.bronze_categories)
[0m17:35:16.418217 [debug] [Thread-2 (]: Re-using an available connection from the pool (formerly list_portifolio-482811_gold, now model.northwind_dw.bronze_customers)
[0m17:35:16.419111 [debug] [Thread-3 (]: Re-using an available connection from the pool (formerly list_portifolio-482811_northwind_bronze, now model.northwind_dw.bronze_employees)
[0m17:35:16.421129 [debug] [Thread-4 (]: Acquiring new bigquery connection 'model.northwind_dw.bronze_order_details'
[0m17:35:16.422307 [debug] [Thread-1 (]: Began compiling node model.northwind_dw.bronze_categories
[0m17:35:16.423413 [debug] [Thread-2 (]: Began compiling node model.northwind_dw.bronze_customers
[0m17:35:16.424403 [debug] [Thread-3 (]: Began compiling node model.northwind_dw.bronze_employees
[0m17:35:16.425098 [debug] [Thread-4 (]: Began compiling node model.northwind_dw.bronze_order_details
[0m17:35:16.430807 [debug] [Thread-1 (]: Writing injected SQL for node "model.northwind_dw.bronze_categories"
[0m17:35:16.433800 [debug] [Thread-2 (]: Writing injected SQL for node "model.northwind_dw.bronze_customers"
[0m17:35:16.436127 [debug] [Thread-3 (]: Writing injected SQL for node "model.northwind_dw.bronze_employees"
[0m17:35:16.442677 [debug] [Thread-1 (]: Timing info for model.northwind_dw.bronze_categories (compile): 17:35:16.425797 => 17:35:16.442309
[0m17:35:16.447688 [debug] [Thread-1 (]: Began executing node model.northwind_dw.bronze_categories
[0m17:35:16.448383 [debug] [Thread-2 (]: Timing info for model.northwind_dw.bronze_customers (compile): 17:35:16.431261 => 17:35:16.448021
[0m17:35:16.448962 [debug] [Thread-3 (]: Timing info for model.northwind_dw.bronze_employees (compile): 17:35:16.434347 => 17:35:16.448661
[0m17:35:16.466127 [debug] [Thread-1 (]: Timing info for model.northwind_dw.bronze_categories (execute): 17:35:16.451286 => 17:35:16.465857
[0m17:35:16.466752 [debug] [Thread-2 (]: Began executing node model.northwind_dw.bronze_customers
[0m17:35:16.468809 [debug] [Thread-4 (]: Writing injected SQL for node "model.northwind_dw.bronze_order_details"
[0m17:35:16.469230 [debug] [Thread-3 (]: Began executing node model.northwind_dw.bronze_employees
[0m17:35:16.472896 [debug] [Thread-2 (]: Timing info for model.northwind_dw.bronze_customers (execute): 17:35:16.470809 => 17:35:16.472684
[0m17:35:16.475505 [debug] [Thread-3 (]: Timing info for model.northwind_dw.bronze_employees (execute): 17:35:16.473762 => 17:35:16.475295
[0m17:35:16.475962 [debug] [Thread-4 (]: Timing info for model.northwind_dw.bronze_order_details (compile): 17:35:16.436561 => 17:35:16.475783
[0m17:35:16.479963 [debug] [Thread-2 (]: Compilation Error in model bronze_customers (models/bronze/bronze_customers.sql)
  Trying to create view `portifolio-482811`.`northwind_bronze`.`bronze_customers`, but it currently exists as a table. Either drop `portifolio-482811`.`northwind_bronze`.`bronze_customers` manually, or run dbt with `--full-refresh` and dbt will drop it for you.
  
  > in macro bigquery__handle_existing_table (macros/materializations/view.sql)
  > called by macro handle_existing_table (macros/relations/view/replace.sql)
  > called by macro bigquery__create_or_replace_view (macros/relations/view/replace.sql)
  > called by macro materialization_view_bigquery (macros/materializations/view.sql)
  > called by model bronze_customers (models/bronze/bronze_customers.sql)
[0m17:35:16.480979 [debug] [Thread-1 (]: Compilation Error in model bronze_categories (models/bronze/bronze_categories.sql)
  Trying to create view `portifolio-482811`.`northwind_bronze`.`bronze_categories`, but it currently exists as a table. Either drop `portifolio-482811`.`northwind_bronze`.`bronze_categories` manually, or run dbt with `--full-refresh` and dbt will drop it for you.
  
  > in macro bigquery__handle_existing_table (macros/materializations/view.sql)
  > called by macro handle_existing_table (macros/relations/view/replace.sql)
  > called by macro bigquery__create_or_replace_view (macros/relations/view/replace.sql)
  > called by macro materialization_view_bigquery (macros/materializations/view.sql)
  > called by model bronze_categories (models/bronze/bronze_categories.sql)
[0m17:35:16.482026 [debug] [Thread-3 (]: Compilation Error in model bronze_employees (models/bronze/bronze_employees.sql)
  Trying to create view `portifolio-482811`.`northwind_bronze`.`bronze_employees`, but it currently exists as a table. Either drop `portifolio-482811`.`northwind_bronze`.`bronze_employees` manually, or run dbt with `--full-refresh` and dbt will drop it for you.
  
  > in macro bigquery__handle_existing_table (macros/materializations/view.sql)
  > called by macro handle_existing_table (macros/relations/view/replace.sql)
  > called by macro bigquery__create_or_replace_view (macros/relations/view/replace.sql)
  > called by macro materialization_view_bigquery (macros/materializations/view.sql)
  > called by model bronze_employees (models/bronze/bronze_employees.sql)
[0m17:35:16.482480 [debug] [Thread-4 (]: Began executing node model.northwind_dw.bronze_order_details
[0m17:35:16.482997 [debug] [Thread-2 (]: Sending event: {'category': 'dbt', 'action': 'run_model', 'label': 'c43ce141-bf4c-4c8d-be60-346239d1d7de', 'context': [<snowplow_tracker.self_describing_json.SelfDescribingJson object at 0x7dfaa5c2c790>]}
[0m17:35:16.483414 [debug] [Thread-1 (]: Sending event: {'category': 'dbt', 'action': 'run_model', 'label': 'c43ce141-bf4c-4c8d-be60-346239d1d7de', 'context': [<snowplow_tracker.self_describing_json.SelfDescribingJson object at 0x7dfaa5fc73d0>]}
[0m17:35:16.483881 [debug] [Thread-3 (]: Sending event: {'category': 'dbt', 'action': 'run_model', 'label': 'c43ce141-bf4c-4c8d-be60-346239d1d7de', 'context': [<snowplow_tracker.self_describing_json.SelfDescribingJson object at 0x7dfaa5f11f50>]}
[0m17:35:16.486048 [debug] [Thread-4 (]: Timing info for model.northwind_dw.bronze_order_details (execute): 17:35:16.484159 => 17:35:16.485843
[0m17:35:16.486614 [error] [Thread-2 (]: 2 of 15 ERROR creating sql view model northwind_bronze.bronze_customers ........ [[31mERROR[0m in 0.06s]
[0m17:35:16.487229 [error] [Thread-1 (]: 1 of 15 ERROR creating sql view model northwind_bronze.bronze_categories ....... [[31mERROR[0m in 0.07s]
[0m17:35:16.487640 [error] [Thread-3 (]: 3 of 15 ERROR creating sql view model northwind_bronze.bronze_employees ........ [[31mERROR[0m in 0.07s]
[0m17:35:16.489714 [debug] [Thread-2 (]: Finished running node model.northwind_dw.bronze_customers
[0m17:35:16.490295 [debug] [Thread-1 (]: Finished running node model.northwind_dw.bronze_categories
[0m17:35:16.491321 [debug] [Thread-4 (]: Compilation Error in model bronze_order_details (models/bronze/bronze_order_details.sql)
  Trying to create view `portifolio-482811`.`northwind_bronze`.`bronze_order_details`, but it currently exists as a table. Either drop `portifolio-482811`.`northwind_bronze`.`bronze_order_details` manually, or run dbt with `--full-refresh` and dbt will drop it for you.
  
  > in macro bigquery__handle_existing_table (macros/materializations/view.sql)
  > called by macro handle_existing_table (macros/relations/view/replace.sql)
  > called by macro bigquery__create_or_replace_view (macros/relations/view/replace.sql)
  > called by macro materialization_view_bigquery (macros/materializations/view.sql)
  > called by model bronze_order_details (models/bronze/bronze_order_details.sql)
[0m17:35:16.491810 [debug] [Thread-3 (]: Finished running node model.northwind_dw.bronze_employees
[0m17:35:16.492236 [debug] [Thread-2 (]: Began running node model.northwind_dw.bronze_orders
[0m17:35:16.492632 [debug] [Thread-1 (]: Began running node model.northwind_dw.bronze_products
[0m17:35:16.493558 [debug] [Thread-4 (]: Sending event: {'category': 'dbt', 'action': 'run_model', 'label': 'c43ce141-bf4c-4c8d-be60-346239d1d7de', 'context': [<snowplow_tracker.self_describing_json.SelfDescribingJson object at 0x7dfaa5ca7490>]}
[0m17:35:16.494081 [debug] [Thread-3 (]: Began running node model.northwind_dw.bronze_shippers
[0m17:35:16.494594 [info ] [Thread-2 (]: 5 of 15 START sql view model northwind_bronze.bronze_orders .................... [RUN]
[0m17:35:16.495282 [info ] [Thread-1 (]: 6 of 15 START sql view model northwind_bronze.bronze_products .................. [RUN]
[0m17:35:16.495888 [error] [Thread-4 (]: 4 of 15 ERROR creating sql view model northwind_bronze.bronze_order_details .... [[31mERROR[0m in 0.07s]
[0m17:35:16.496361 [info ] [Thread-3 (]: 7 of 15 START sql view model northwind_bronze.bronze_shippers .................. [RUN]
[0m17:35:16.497024 [debug] [Thread-2 (]: Re-using an available connection from the pool (formerly model.northwind_dw.bronze_customers, now model.northwind_dw.bronze_orders)
[0m17:35:16.497614 [debug] [Thread-1 (]: Re-using an available connection from the pool (formerly model.northwind_dw.bronze_categories, now model.northwind_dw.bronze_products)
[0m17:35:16.498111 [debug] [Thread-4 (]: Finished running node model.northwind_dw.bronze_order_details
[0m17:35:16.498618 [debug] [Thread-3 (]: Re-using an available connection from the pool (formerly model.northwind_dw.bronze_employees, now model.northwind_dw.bronze_shippers)
[0m17:35:16.498964 [debug] [Thread-2 (]: Began compiling node model.northwind_dw.bronze_orders
[0m17:35:16.499290 [debug] [Thread-1 (]: Began compiling node model.northwind_dw.bronze_products
[0m17:35:16.499741 [debug] [Thread-4 (]: Began running node model.northwind_dw.bronze_suppliers
[0m17:35:16.500191 [debug] [Thread-3 (]: Began compiling node model.northwind_dw.bronze_shippers
[0m17:35:16.502269 [debug] [Thread-2 (]: Writing injected SQL for node "model.northwind_dw.bronze_orders"
[0m17:35:16.504234 [debug] [Thread-1 (]: Writing injected SQL for node "model.northwind_dw.bronze_products"
[0m17:35:16.504744 [info ] [Thread-4 (]: 8 of 15 START sql view model northwind_bronze.bronze_suppliers ................. [RUN]
[0m17:35:16.506658 [debug] [Thread-3 (]: Writing injected SQL for node "model.northwind_dw.bronze_shippers"
[0m17:35:16.507511 [debug] [Thread-2 (]: Timing info for model.northwind_dw.bronze_orders (compile): 17:35:16.500428 => 17:35:16.507265
[0m17:35:16.508104 [debug] [Thread-4 (]: Re-using an available connection from the pool (formerly model.northwind_dw.bronze_order_details, now model.northwind_dw.bronze_suppliers)
[0m17:35:16.508545 [debug] [Thread-1 (]: Timing info for model.northwind_dw.bronze_products (compile): 17:35:16.502522 => 17:35:16.508335
[0m17:35:16.509014 [debug] [Thread-2 (]: Began executing node model.northwind_dw.bronze_orders
[0m17:35:16.509425 [debug] [Thread-3 (]: Timing info for model.northwind_dw.bronze_shippers (compile): 17:35:16.505040 => 17:35:16.509256
[0m17:35:16.509710 [debug] [Thread-4 (]: Began compiling node model.northwind_dw.bronze_suppliers
[0m17:35:16.510044 [debug] [Thread-1 (]: Began executing node model.northwind_dw.bronze_products
[0m17:35:16.512399 [debug] [Thread-2 (]: Timing info for model.northwind_dw.bronze_orders (execute): 17:35:16.510257 => 17:35:16.512119
[0m17:35:16.512884 [debug] [Thread-3 (]: Began executing node model.northwind_dw.bronze_shippers
[0m17:35:16.514914 [debug] [Thread-4 (]: Writing injected SQL for node "model.northwind_dw.bronze_suppliers"
[0m17:35:16.516983 [debug] [Thread-1 (]: Timing info for model.northwind_dw.bronze_products (execute): 17:35:16.515191 => 17:35:16.516786
[0m17:35:16.521255 [debug] [Thread-3 (]: Timing info for model.northwind_dw.bronze_shippers (execute): 17:35:16.518200 => 17:35:16.521009
[0m17:35:16.522302 [debug] [Thread-2 (]: Compilation Error in model bronze_orders (models/bronze/bronze_orders.sql)
  Trying to create view `portifolio-482811`.`northwind_bronze`.`bronze_orders`, but it currently exists as a table. Either drop `portifolio-482811`.`northwind_bronze`.`bronze_orders` manually, or run dbt with `--full-refresh` and dbt will drop it for you.
  
  > in macro bigquery__handle_existing_table (macros/materializations/view.sql)
  > called by macro handle_existing_table (macros/relations/view/replace.sql)
  > called by macro bigquery__create_or_replace_view (macros/relations/view/replace.sql)
  > called by macro materialization_view_bigquery (macros/materializations/view.sql)
  > called by model bronze_orders (models/bronze/bronze_orders.sql)
[0m17:35:16.524575 [debug] [Thread-1 (]: Compilation Error in model bronze_products (models/bronze/bronze_products.sql)
  Trying to create view `portifolio-482811`.`northwind_bronze`.`bronze_products`, but it currently exists as a table. Either drop `portifolio-482811`.`northwind_bronze`.`bronze_products` manually, or run dbt with `--full-refresh` and dbt will drop it for you.
  
  > in macro bigquery__handle_existing_table (macros/materializations/view.sql)
  > called by macro handle_existing_table (macros/relations/view/replace.sql)
  > called by macro bigquery__create_or_replace_view (macros/relations/view/replace.sql)
  > called by macro materialization_view_bigquery (macros/materializations/view.sql)
  > called by model bronze_products (models/bronze/bronze_products.sql)
[0m17:35:16.526081 [debug] [Thread-4 (]: Timing info for model.northwind_dw.bronze_suppliers (compile): 17:35:16.513160 => 17:35:16.525850
[0m17:35:16.526985 [debug] [Thread-3 (]: Compilation Error in model bronze_shippers (models/bronze/bronze_shippers.sql)
  Trying to create view `portifolio-482811`.`northwind_bronze`.`bronze_shippers`, but it currently exists as a table. Either drop `portifolio-482811`.`northwind_bronze`.`bronze_shippers` manually, or run dbt with `--full-refresh` and dbt will drop it for you.
  
  > in macro bigquery__handle_existing_table (macros/materializations/view.sql)
  > called by macro handle_existing_table (macros/relations/view/replace.sql)
  > called by macro bigquery__create_or_replace_view (macros/relations/view/replace.sql)
  > called by macro materialization_view_bigquery (macros/materializations/view.sql)
  > called by model bronze_shippers (models/bronze/bronze_shippers.sql)
[0m17:35:16.527453 [debug] [Thread-2 (]: Sending event: {'category': 'dbt', 'action': 'run_model', 'label': 'c43ce141-bf4c-4c8d-be60-346239d1d7de', 'context': [<snowplow_tracker.self_describing_json.SelfDescribingJson object at 0x7dfaa5aad990>]}
[0m17:35:16.527939 [debug] [Thread-1 (]: Sending event: {'category': 'dbt', 'action': 'run_model', 'label': 'c43ce141-bf4c-4c8d-be60-346239d1d7de', 'context': [<snowplow_tracker.self_describing_json.SelfDescribingJson object at 0x7dfaa5ad8510>]}
[0m17:35:16.528331 [debug] [Thread-4 (]: Began executing node model.northwind_dw.bronze_suppliers
[0m17:35:16.528749 [debug] [Thread-3 (]: Sending event: {'category': 'dbt', 'action': 'run_model', 'label': 'c43ce141-bf4c-4c8d-be60-346239d1d7de', 'context': [<snowplow_tracker.self_describing_json.SelfDescribingJson object at 0x7dfaa5ad9e90>]}
[0m17:35:16.529260 [error] [Thread-2 (]: 5 of 15 ERROR creating sql view model northwind_bronze.bronze_orders ........... [[31mERROR[0m in 0.03s]
[0m17:35:16.529850 [error] [Thread-1 (]: 6 of 15 ERROR creating sql view model northwind_bronze.bronze_products ......... [[31mERROR[0m in 0.03s]
[0m17:35:16.532180 [debug] [Thread-4 (]: Timing info for model.northwind_dw.bronze_suppliers (execute): 17:35:16.530154 => 17:35:16.531979
[0m17:35:16.532712 [error] [Thread-3 (]: 7 of 15 ERROR creating sql view model northwind_bronze.bronze_shippers ......... [[31mERROR[0m in 0.03s]
[0m17:35:16.533254 [debug] [Thread-2 (]: Finished running node model.northwind_dw.bronze_orders
[0m17:35:16.533706 [debug] [Thread-1 (]: Finished running node model.northwind_dw.bronze_products
[0m17:35:16.535136 [debug] [Thread-3 (]: Finished running node model.northwind_dw.bronze_shippers
[0m17:35:16.536159 [debug] [Thread-4 (]: Compilation Error in model bronze_suppliers (models/bronze/bronze_suppliers.sql)
  Trying to create view `portifolio-482811`.`northwind_bronze`.`bronze_suppliers`, but it currently exists as a table. Either drop `portifolio-482811`.`northwind_bronze`.`bronze_suppliers` manually, or run dbt with `--full-refresh` and dbt will drop it for you.
  
  > in macro bigquery__handle_existing_table (macros/materializations/view.sql)
  > called by macro handle_existing_table (macros/relations/view/replace.sql)
  > called by macro bigquery__create_or_replace_view (macros/relations/view/replace.sql)
  > called by macro materialization_view_bigquery (macros/materializations/view.sql)
  > called by model bronze_suppliers (models/bronze/bronze_suppliers.sql)
[0m17:35:16.536596 [debug] [Thread-2 (]: Began running node model.northwind_dw.silver_dim_customers
[0m17:35:16.537165 [debug] [Thread-1 (]: Began running node model.northwind_dw.silver_dim_employees
[0m17:35:16.537755 [debug] [Thread-3 (]: Began running node model.northwind_dw.silver_fact_orders
[0m17:35:16.538208 [debug] [Thread-4 (]: Sending event: {'category': 'dbt', 'action': 'run_model', 'label': 'c43ce141-bf4c-4c8d-be60-346239d1d7de', 'context': [<snowplow_tracker.self_describing_json.SelfDescribingJson object at 0x7dfaa5a99750>]}
[0m17:35:16.538600 [info ] [Thread-2 (]: 9 of 15 SKIP relation northwind_silver.silver_dim_customers .................... [[33mSKIP[0m]
[0m17:35:16.539040 [info ] [Thread-1 (]: 10 of 15 SKIP relation northwind_silver.silver_dim_employees ................... [[33mSKIP[0m]
[0m17:35:16.539494 [info ] [Thread-3 (]: 11 of 15 SKIP relation northwind_silver.silver_fact_orders ..................... [[33mSKIP[0m]
[0m17:35:16.540111 [error] [Thread-4 (]: 8 of 15 ERROR creating sql view model northwind_bronze.bronze_suppliers ........ [[31mERROR[0m in 0.03s]
[0m17:35:16.540587 [debug] [Thread-2 (]: Finished running node model.northwind_dw.silver_dim_customers
[0m17:35:16.540978 [debug] [Thread-1 (]: Finished running node model.northwind_dw.silver_dim_employees
[0m17:35:16.541360 [debug] [Thread-3 (]: Finished running node model.northwind_dw.silver_fact_orders
[0m17:35:16.541834 [debug] [Thread-4 (]: Finished running node model.northwind_dw.bronze_suppliers
[0m17:35:16.542938 [debug] [Thread-2 (]: Began running node model.northwind_dw.gold_customer_analytics
[0m17:35:16.543490 [debug] [Thread-1 (]: Began running node model.northwind_dw.gold_sales_by_country
[0m17:35:16.543825 [info ] [Thread-2 (]: 12 of 15 SKIP relation gold.gold_customer_analytics ............................ [[33mSKIP[0m]
[0m17:35:16.544608 [debug] [Thread-4 (]: Began running node model.northwind_dw.silver_dim_products
[0m17:35:16.544312 [info ] [Thread-1 (]: 13 of 15 SKIP relation gold.gold_sales_by_country .............................. [[33mSKIP[0m]
[0m17:35:16.545236 [debug] [Thread-2 (]: Finished running node model.northwind_dw.gold_customer_analytics
[0m17:35:16.545626 [info ] [Thread-4 (]: 14 of 15 SKIP relation northwind_silver.silver_dim_products .................... [[33mSKIP[0m]
[0m17:35:16.546120 [debug] [Thread-1 (]: Finished running node model.northwind_dw.gold_sales_by_country
[0m17:35:16.546748 [debug] [Thread-4 (]: Finished running node model.northwind_dw.silver_dim_products
[0m17:35:16.547947 [debug] [Thread-3 (]: Began running node model.northwind_dw.gold_sales_by_category
[0m17:35:16.548340 [info ] [Thread-3 (]: 15 of 15 SKIP relation gold.gold_sales_by_category ............................. [[33mSKIP[0m]
[0m17:35:16.548672 [debug] [Thread-3 (]: Finished running node model.northwind_dw.gold_sales_by_category
[0m17:35:16.550582 [debug] [MainThread]: Connection 'master' was properly closed.
[0m17:35:16.550936 [debug] [MainThread]: Connection 'model.northwind_dw.bronze_shippers' was properly closed.
[0m17:35:16.551239 [debug] [MainThread]: Connection 'model.northwind_dw.bronze_products' was properly closed.
[0m17:35:16.551462 [debug] [MainThread]: Connection 'model.northwind_dw.bronze_orders' was properly closed.
[0m17:35:16.551749 [debug] [MainThread]: Connection 'model.northwind_dw.bronze_suppliers' was properly closed.
[0m17:35:16.552049 [info ] [MainThread]: 
[0m17:35:16.552357 [info ] [MainThread]: Finished running 8 view models, 7 table models in 0 hours 0 minutes and 2.29 seconds (2.29s).
[0m17:35:16.553526 [debug] [MainThread]: Command end result
[0m17:35:16.562402 [info ] [MainThread]: 
[0m17:35:16.562822 [info ] [MainThread]: [31mCompleted with 8 errors and 0 warnings:[0m
[0m17:35:16.563149 [info ] [MainThread]: 
[0m17:35:16.563559 [error] [MainThread]:   Compilation Error in model bronze_customers (models/bronze/bronze_customers.sql)
  Trying to create view `portifolio-482811`.`northwind_bronze`.`bronze_customers`, but it currently exists as a table. Either drop `portifolio-482811`.`northwind_bronze`.`bronze_customers` manually, or run dbt with `--full-refresh` and dbt will drop it for you.
  
  > in macro bigquery__handle_existing_table (macros/materializations/view.sql)
  > called by macro handle_existing_table (macros/relations/view/replace.sql)
  > called by macro bigquery__create_or_replace_view (macros/relations/view/replace.sql)
  > called by macro materialization_view_bigquery (macros/materializations/view.sql)
  > called by model bronze_customers (models/bronze/bronze_customers.sql)
[0m17:35:16.564080 [info ] [MainThread]: 
[0m17:35:16.564407 [error] [MainThread]:   Compilation Error in model bronze_categories (models/bronze/bronze_categories.sql)
  Trying to create view `portifolio-482811`.`northwind_bronze`.`bronze_categories`, but it currently exists as a table. Either drop `portifolio-482811`.`northwind_bronze`.`bronze_categories` manually, or run dbt with `--full-refresh` and dbt will drop it for you.
  
  > in macro bigquery__handle_existing_table (macros/materializations/view.sql)
  > called by macro handle_existing_table (macros/relations/view/replace.sql)
  > called by macro bigquery__create_or_replace_view (macros/relations/view/replace.sql)
  > called by macro materialization_view_bigquery (macros/materializations/view.sql)
  > called by model bronze_categories (models/bronze/bronze_categories.sql)
[0m17:35:16.564792 [info ] [MainThread]: 
[0m17:35:16.565167 [error] [MainThread]:   Compilation Error in model bronze_employees (models/bronze/bronze_employees.sql)
  Trying to create view `portifolio-482811`.`northwind_bronze`.`bronze_employees`, but it currently exists as a table. Either drop `portifolio-482811`.`northwind_bronze`.`bronze_employees` manually, or run dbt with `--full-refresh` and dbt will drop it for you.
  
  > in macro bigquery__handle_existing_table (macros/materializations/view.sql)
  > called by macro handle_existing_table (macros/relations/view/replace.sql)
  > called by macro bigquery__create_or_replace_view (macros/relations/view/replace.sql)
  > called by macro materialization_view_bigquery (macros/materializations/view.sql)
  > called by model bronze_employees (models/bronze/bronze_employees.sql)
[0m17:35:16.565471 [info ] [MainThread]: 
[0m17:35:16.565760 [error] [MainThread]:   Compilation Error in model bronze_order_details (models/bronze/bronze_order_details.sql)
  Trying to create view `portifolio-482811`.`northwind_bronze`.`bronze_order_details`, but it currently exists as a table. Either drop `portifolio-482811`.`northwind_bronze`.`bronze_order_details` manually, or run dbt with `--full-refresh` and dbt will drop it for you.
  
  > in macro bigquery__handle_existing_table (macros/materializations/view.sql)
  > called by macro handle_existing_table (macros/relations/view/replace.sql)
  > called by macro bigquery__create_or_replace_view (macros/relations/view/replace.sql)
  > called by macro materialization_view_bigquery (macros/materializations/view.sql)
  > called by model bronze_order_details (models/bronze/bronze_order_details.sql)
[0m17:35:16.566054 [info ] [MainThread]: 
[0m17:35:16.566320 [error] [MainThread]:   Compilation Error in model bronze_orders (models/bronze/bronze_orders.sql)
  Trying to create view `portifolio-482811`.`northwind_bronze`.`bronze_orders`, but it currently exists as a table. Either drop `portifolio-482811`.`northwind_bronze`.`bronze_orders` manually, or run dbt with `--full-refresh` and dbt will drop it for you.
  
  > in macro bigquery__handle_existing_table (macros/materializations/view.sql)
  > called by macro handle_existing_table (macros/relations/view/replace.sql)
  > called by macro bigquery__create_or_replace_view (macros/relations/view/replace.sql)
  > called by macro materialization_view_bigquery (macros/materializations/view.sql)
  > called by model bronze_orders (models/bronze/bronze_orders.sql)
[0m17:35:16.566582 [info ] [MainThread]: 
[0m17:35:16.566865 [error] [MainThread]:   Compilation Error in model bronze_products (models/bronze/bronze_products.sql)
  Trying to create view `portifolio-482811`.`northwind_bronze`.`bronze_products`, but it currently exists as a table. Either drop `portifolio-482811`.`northwind_bronze`.`bronze_products` manually, or run dbt with `--full-refresh` and dbt will drop it for you.
  
  > in macro bigquery__handle_existing_table (macros/materializations/view.sql)
  > called by macro handle_existing_table (macros/relations/view/replace.sql)
  > called by macro bigquery__create_or_replace_view (macros/relations/view/replace.sql)
  > called by macro materialization_view_bigquery (macros/materializations/view.sql)
  > called by model bronze_products (models/bronze/bronze_products.sql)
[0m17:35:16.567144 [info ] [MainThread]: 
[0m17:35:16.567410 [error] [MainThread]:   Compilation Error in model bronze_shippers (models/bronze/bronze_shippers.sql)
  Trying to create view `portifolio-482811`.`northwind_bronze`.`bronze_shippers`, but it currently exists as a table. Either drop `portifolio-482811`.`northwind_bronze`.`bronze_shippers` manually, or run dbt with `--full-refresh` and dbt will drop it for you.
  
  > in macro bigquery__handle_existing_table (macros/materializations/view.sql)
  > called by macro handle_existing_table (macros/relations/view/replace.sql)
  > called by macro bigquery__create_or_replace_view (macros/relations/view/replace.sql)
  > called by macro materialization_view_bigquery (macros/materializations/view.sql)
  > called by model bronze_shippers (models/bronze/bronze_shippers.sql)
[0m17:35:16.567701 [info ] [MainThread]: 
[0m17:35:16.567965 [error] [MainThread]:   Compilation Error in model bronze_suppliers (models/bronze/bronze_suppliers.sql)
  Trying to create view `portifolio-482811`.`northwind_bronze`.`bronze_suppliers`, but it currently exists as a table. Either drop `portifolio-482811`.`northwind_bronze`.`bronze_suppliers` manually, or run dbt with `--full-refresh` and dbt will drop it for you.
  
  > in macro bigquery__handle_existing_table (macros/materializations/view.sql)
  > called by macro handle_existing_table (macros/relations/view/replace.sql)
  > called by macro bigquery__create_or_replace_view (macros/relations/view/replace.sql)
  > called by macro materialization_view_bigquery (macros/materializations/view.sql)
  > called by model bronze_suppliers (models/bronze/bronze_suppliers.sql)
[0m17:35:16.568238 [info ] [MainThread]: 
[0m17:35:16.568506 [info ] [MainThread]: Done. PASS=0 WARN=0 ERROR=8 SKIP=7 TOTAL=15
[0m17:35:16.569275 [debug] [MainThread]: Resource report: {"command_name": "run", "command_wall_clock_time": 3.1346202, "process_user_time": 3.367806, "process_kernel_time": 1.598935, "process_mem_max_rss": "236712", "process_out_blocks": "2872", "command_success": false, "process_in_blocks": "0"}
[0m17:35:16.569685 [debug] [MainThread]: Command `dbt run` failed at 17:35:16.569586 after 3.14 seconds
[0m17:35:16.569981 [debug] [MainThread]: Sending event: {'category': 'dbt', 'action': 'invocation', 'label': 'end', 'context': [<snowplow_tracker.self_describing_json.SelfDescribingJson object at 0x7dfae5f81490>, <snowplow_tracker.self_describing_json.SelfDescribingJson object at 0x7dfae5b69810>, <snowplow_tracker.self_describing_json.SelfDescribingJson object at 0x7dfae5b6bf90>]}
[0m17:35:16.570284 [debug] [MainThread]: Flushing usage events
[0m17:35:35.284406 [debug] [MainThread]: Sending event: {'category': 'dbt', 'action': 'invocation', 'label': 'start', 'context': [<snowplow_tracker.self_describing_json.SelfDescribingJson object at 0x724c3f0c5490>, <snowplow_tracker.self_describing_json.SelfDescribingJson object at 0x724c3f0c4510>, <snowplow_tracker.self_describing_json.SelfDescribingJson object at 0x724c3f0c5e90>]}


============================== 17:35:35.288545 | 29d154ba-84e6-43cc-abc5-1a8cf38814a6 ==============================
[0m17:35:35.288545 [info ] [MainThread]: Running with dbt=1.7.4
[0m17:35:35.289003 [debug] [MainThread]: running dbt with arguments {'printer_width': '80', 'indirect_selection': 'eager', 'write_json': 'True', 'log_cache_events': 'False', 'partial_parse': 'True', 'cache_selected_only': 'False', 'warn_error': 'None', 'fail_fast': 'False', 'version_check': 'True', 'log_path': '/opt/airflow/dbt/northwind_dw/logs', 'debug': 'False', 'profiles_dir': '/opt/airflow/dbt', 'use_colors': 'True', 'use_experimental_parser': 'False', 'no_print': 'None', 'quiet': 'False', 'warn_error_options': 'WarnErrorOptions(include=[], exclude=[])', 'static_parser': 'True', 'introspect': 'True', 'log_format': 'default', 'target_path': 'None', 'invocation_command': 'dbt run --select silver.* --profiles-dir /opt/airflow/dbt', 'send_anonymous_usage_stats': 'True'}
[0m17:35:35.995383 [debug] [MainThread]: Sending event: {'category': 'dbt', 'action': 'project_id', 'label': '29d154ba-84e6-43cc-abc5-1a8cf38814a6', 'context': [<snowplow_tracker.self_describing_json.SelfDescribingJson object at 0x724bff75b450>]}
[0m17:35:36.052866 [debug] [MainThread]: Sending event: {'category': 'dbt', 'action': 'adapter_info', 'label': '29d154ba-84e6-43cc-abc5-1a8cf38814a6', 'context': [<snowplow_tracker.self_describing_json.SelfDescribingJson object at 0x724bff72aa90>]}
[0m17:35:36.053561 [info ] [MainThread]: Registered adapter: bigquery=1.7.2
[0m17:35:36.061010 [debug] [MainThread]: checksum: 248e8aba381ba2d577dce7ab50d2010c2aac45d2b27e6e6214cdd96d2d41fabc, vars: {}, profile: , target: , version: 1.7.4
[0m17:35:36.083067 [debug] [MainThread]: Partial parsing enabled: 0 files deleted, 0 files added, 0 files changed.
[0m17:35:36.083493 [debug] [MainThread]: Partial parsing enabled, no changes found, skipping parsing
[0m17:35:36.087799 [debug] [MainThread]: Sending event: {'category': 'dbt', 'action': 'load_project', 'label': '29d154ba-84e6-43cc-abc5-1a8cf38814a6', 'context': [<snowplow_tracker.self_describing_json.SelfDescribingJson object at 0x724c3f0e3610>]}
[0m17:35:36.101785 [debug] [MainThread]: Sending event: {'category': 'dbt', 'action': 'resource_counts', 'label': '29d154ba-84e6-43cc-abc5-1a8cf38814a6', 'context': [<snowplow_tracker.self_describing_json.SelfDescribingJson object at 0x724bff2b4e90>]}
[0m17:35:36.102227 [info ] [MainThread]: Found 15 models, 22 tests, 8 sources, 0 exposures, 0 metrics, 562 macros, 0 groups, 0 semantic models
[0m17:35:36.102563 [debug] [MainThread]: Sending event: {'category': 'dbt', 'action': 'runnable_timing', 'label': '29d154ba-84e6-43cc-abc5-1a8cf38814a6', 'context': [<snowplow_tracker.self_describing_json.SelfDescribingJson object at 0x724bff4b09d0>]}
[0m17:35:36.104117 [info ] [MainThread]: 
[0m17:35:36.104749 [debug] [MainThread]: Acquiring new bigquery connection 'master'
[0m17:35:36.105969 [debug] [ThreadPool]: Acquiring new bigquery connection 'list_portifolio-482811'
[0m17:35:36.106395 [debug] [ThreadPool]: Opening a new connection, currently in state init
[0m17:35:37.166463 [debug] [ThreadPool]: Re-using an available connection from the pool (formerly list_portifolio-482811, now list_portifolio-482811_northwind_bronze)
[0m17:35:37.167431 [debug] [ThreadPool]: Acquiring new bigquery connection 'list_portifolio-482811_northwind_silver'
[0m17:35:37.168180 [debug] [ThreadPool]: Acquiring new bigquery connection 'list_portifolio-482811_gold'
[0m17:35:37.168615 [debug] [ThreadPool]: Opening a new connection, currently in state closed
[0m17:35:37.169012 [debug] [ThreadPool]: Opening a new connection, currently in state init
[0m17:35:37.169327 [debug] [ThreadPool]: Opening a new connection, currently in state init
[0m17:35:38.267894 [debug] [MainThread]: Sending event: {'category': 'dbt', 'action': 'runnable_timing', 'label': '29d154ba-84e6-43cc-abc5-1a8cf38814a6', 'context': [<snowplow_tracker.self_describing_json.SelfDescribingJson object at 0x724bff4d4290>]}
[0m17:35:38.269681 [info ] [MainThread]: Concurrency: 4 threads (target='dev')
[0m17:35:38.270171 [info ] [MainThread]: 
[0m17:35:38.277593 [debug] [Thread-1 (]: Began running node model.northwind_dw.silver_dim_customers
[0m17:35:38.278204 [debug] [Thread-2 (]: Began running node model.northwind_dw.silver_dim_employees
[0m17:35:38.278623 [info ] [Thread-1 (]: 1 of 4 START sql table model northwind_silver.silver_dim_customers ............. [RUN]
[0m17:35:38.279120 [info ] [Thread-2 (]: 2 of 4 START sql table model northwind_silver.silver_dim_employees ............. [RUN]
[0m17:35:38.279639 [debug] [Thread-3 (]: Began running node model.northwind_dw.silver_dim_products
[0m17:35:38.280181 [debug] [Thread-1 (]: Re-using an available connection from the pool (formerly list_portifolio-482811_northwind_bronze, now model.northwind_dw.silver_dim_customers)
[0m17:35:38.280617 [debug] [Thread-4 (]: Began running node model.northwind_dw.silver_fact_orders
[0m17:35:38.281154 [debug] [Thread-2 (]: Re-using an available connection from the pool (formerly list_portifolio-482811_northwind_silver, now model.northwind_dw.silver_dim_employees)
[0m17:35:38.281582 [info ] [Thread-3 (]: 3 of 4 START sql table model northwind_silver.silver_dim_products .............. [RUN]
[0m17:35:38.281954 [debug] [Thread-1 (]: Began compiling node model.northwind_dw.silver_dim_customers
[0m17:35:38.282329 [info ] [Thread-4 (]: 4 of 4 START sql table model northwind_silver.silver_fact_orders ............... [RUN]
[0m17:35:38.282743 [debug] [Thread-2 (]: Began compiling node model.northwind_dw.silver_dim_employees
[0m17:35:38.283259 [debug] [Thread-3 (]: Re-using an available connection from the pool (formerly list_portifolio-482811_gold, now model.northwind_dw.silver_dim_products)
[0m17:35:38.288380 [debug] [Thread-1 (]: Writing injected SQL for node "model.northwind_dw.silver_dim_customers"
[0m17:35:38.289210 [debug] [Thread-4 (]: Acquiring new bigquery connection 'model.northwind_dw.silver_fact_orders'
[0m17:35:38.291587 [debug] [Thread-2 (]: Writing injected SQL for node "model.northwind_dw.silver_dim_employees"
[0m17:35:38.292032 [debug] [Thread-3 (]: Began compiling node model.northwind_dw.silver_dim_products
[0m17:35:38.292619 [debug] [Thread-4 (]: Began compiling node model.northwind_dw.silver_fact_orders
[0m17:35:38.293004 [debug] [Thread-1 (]: Timing info for model.northwind_dw.silver_dim_customers (compile): 17:35:38.283548 => 17:35:38.292805
[0m17:35:38.295496 [debug] [Thread-3 (]: Writing injected SQL for node "model.northwind_dw.silver_dim_products"
[0m17:35:38.297769 [debug] [Thread-4 (]: Writing injected SQL for node "model.northwind_dw.silver_fact_orders"
[0m17:35:38.298179 [debug] [Thread-2 (]: Timing info for model.northwind_dw.silver_dim_employees (compile): 17:35:38.289514 => 17:35:38.297998
[0m17:35:38.298582 [debug] [Thread-1 (]: Began executing node model.northwind_dw.silver_dim_customers
[0m17:35:38.299079 [debug] [Thread-3 (]: Timing info for model.northwind_dw.silver_dim_products (compile): 17:35:38.293384 => 17:35:38.298908
[0m17:35:38.299545 [debug] [Thread-2 (]: Began executing node model.northwind_dw.silver_dim_employees
[0m17:35:38.299903 [debug] [Thread-4 (]: Timing info for model.northwind_dw.silver_fact_orders (compile): 17:35:38.295822 => 17:35:38.299744
[0m17:35:38.300982 [debug] [Thread-3 (]: Began executing node model.northwind_dw.silver_dim_products
[0m17:35:38.311045 [debug] [Thread-2 (]: Opening a new connection, currently in state closed
[0m17:35:38.312053 [debug] [Thread-4 (]: Began executing node model.northwind_dw.silver_fact_orders
[0m17:35:38.314139 [debug] [Thread-3 (]: Opening a new connection, currently in state closed
[0m17:35:38.318150 [debug] [Thread-4 (]: Opening a new connection, currently in state init
[0m17:35:38.321334 [debug] [Thread-1 (]: Opening a new connection, currently in state closed
[0m17:35:39.248323 [debug] [Thread-1 (]: Writing runtime sql for node "model.northwind_dw.silver_dim_customers"
[0m17:35:39.249462 [debug] [Thread-3 (]: Writing runtime sql for node "model.northwind_dw.silver_dim_products"
[0m17:35:39.250147 [debug] [Thread-1 (]: On model.northwind_dw.silver_dim_customers: /* {"app": "dbt", "dbt_version": "1.7.4", "profile_name": "northwind_dw", "target_name": "dev", "node_id": "model.northwind_dw.silver_dim_customers"} */

  
    

    create or replace table `portifolio-482811`.`northwind_silver`.`silver_dim_customers`
      
    
    

    OPTIONS()
    as (
      -- Silver layer: Cleaned and transformed customer dimension


WITH cleaned_customers AS (
    SELECT
        customer_id,
        TRIM(company_name) AS company_name,
        TRIM(contact_name) AS contact_name,
        TRIM(contact_title) AS contact_title,
        TRIM(address) AS address,
        TRIM(city) AS city,
        TRIM(region) AS region,
        TRIM(postal_code) AS postal_code,
        TRIM(country) AS country,
        TRIM(phone) AS phone,
        TRIM(fax) AS fax
    FROM `portifolio-482811`.`northwind_bronze`.`bronze_customers`
    WHERE customer_id IS NOT NULL
)

SELECT
    customer_id,
    company_name,
    contact_name,
    COALESCE(contact_title, 'Unknown') AS contact_title,
    COALESCE(address, 'Unknown') AS address,
    COALESCE(city, 'Unknown') AS city,
    COALESCE(region, 'Unknown') AS region,
    COALESCE(postal_code, 'Unknown') AS postal_code,
    COALESCE(country, 'Unknown') AS country,
    phone,
    fax,
    CURRENT_TIMESTAMP() AS dw_created_at
FROM cleaned_customers
    );
  
[0m17:35:39.250523 [debug] [Thread-3 (]: On model.northwind_dw.silver_dim_products: /* {"app": "dbt", "dbt_version": "1.7.4", "profile_name": "northwind_dw", "target_name": "dev", "node_id": "model.northwind_dw.silver_dim_products"} */

  
    

    create or replace table `portifolio-482811`.`northwind_silver`.`silver_dim_products`
      
    
    

    OPTIONS()
    as (
      -- Silver layer: Cleaned and transformed product dimension


SELECT
    p.product_id,
    TRIM(p.product_name) AS product_name,
    p.supplier_id,
    TRIM(s.company_name) AS supplier_name,
    p.category_id,
    TRIM(c.category_name) AS category_name,
    TRIM(p.quantity_per_unit) AS quantity_per_unit,
    CAST(p.unit_price AS NUMERIC) AS unit_price,
    CAST(p.units_in_stock AS INT64) AS units_in_stock,
    CAST(p.units_on_order AS INT64) AS units_on_order,
    CAST(p.reorder_level AS INT64) AS reorder_level,
    CAST(p.discontinued AS BOOL) AS discontinued,
    CURRENT_TIMESTAMP() AS dw_created_at
FROM `portifolio-482811`.`northwind_bronze`.`bronze_products` p
LEFT JOIN `portifolio-482811`.`northwind_bronze`.`bronze_suppliers` s ON p.supplier_id = s.supplier_id
LEFT JOIN `portifolio-482811`.`northwind_bronze`.`bronze_categories` c ON p.category_id = c.category_id
WHERE p.product_id IS NOT NULL
    );
  
[0m17:35:39.254082 [debug] [Thread-4 (]: Writing runtime sql for node "model.northwind_dw.silver_fact_orders"
[0m17:35:39.254662 [debug] [Thread-4 (]: On model.northwind_dw.silver_fact_orders: /* {"app": "dbt", "dbt_version": "1.7.4", "profile_name": "northwind_dw", "target_name": "dev", "node_id": "model.northwind_dw.silver_fact_orders"} */

  
    

    create or replace table `portifolio-482811`.`northwind_silver`.`silver_fact_orders`
      
    
    

    OPTIONS()
    as (
      -- Silver layer: Order facts with denormalized dimensions


SELECT
    o.order_id,
    o.customer_id,
    o.employee_id,
    o.order_date,
    o.required_date,
    o.shipped_date,
    o.ship_via AS shipper_id,
    od.product_id,
    CAST(od.unit_price AS NUMERIC) AS unit_price,
    CAST(od.quantity AS INT64) AS quantity,
    CAST(od.discount AS NUMERIC) AS discount,
    CAST(od.unit_price AS NUMERIC) * CAST(od.quantity AS INT64) * (1 - CAST(od.discount AS NUMERIC)) AS line_total,
    CURRENT_TIMESTAMP() AS dw_created_at
FROM `portifolio-482811`.`northwind_bronze`.`bronze_orders` o
INNER JOIN `portifolio-482811`.`northwind_bronze`.`bronze_order_details` od ON o.order_id = od.order_id
WHERE o.order_id IS NOT NULL
    );
  
[0m17:35:39.265928 [debug] [Thread-2 (]: Writing runtime sql for node "model.northwind_dw.silver_dim_employees"
[0m17:35:39.266542 [debug] [Thread-2 (]: On model.northwind_dw.silver_dim_employees: /* {"app": "dbt", "dbt_version": "1.7.4", "profile_name": "northwind_dw", "target_name": "dev", "node_id": "model.northwind_dw.silver_dim_employees"} */

  
    

    create or replace table `portifolio-482811`.`northwind_silver`.`silver_dim_employees`
      
    
    

    OPTIONS()
    as (
      -- Silver layer: Cleaned and transformed employee dimension


SELECT
    employee_id,
    TRIM(CONCAT(first_name, ' ', last_name)) AS full_name,
    TRIM(first_name) AS first_name,
    TRIM(last_name) AS last_name,
    TRIM(title) AS title,
    TRIM(title_of_courtesy) AS title_of_courtesy,
    birth_date,
    hire_date,
    TRIM(address) AS address,
    TRIM(city) AS city,
    TRIM(region) AS region,
    TRIM(postal_code) AS postal_code,
    TRIM(country) AS country,
    TRIM(home_phone) AS home_phone,
    TRIM(extension) AS extension,
    reports_to,
    CURRENT_TIMESTAMP() AS dw_created_at
FROM `portifolio-482811`.`northwind_bronze`.`bronze_employees`
WHERE employee_id IS NOT NULL
    );
  
[0m17:35:39.727658 [debug] [Thread-4 (]: BigQuery adapter: https://console.cloud.google.com/bigquery?project=portifolio-482811&j=bq:US:5c223d6b-a4ae-4f88-b6f5-5d31ea8665bb&page=queryresults
[0m17:35:39.730774 [debug] [Thread-3 (]: BigQuery adapter: https://console.cloud.google.com/bigquery?project=portifolio-482811&j=bq:US:6a9ef466-2ce5-4b99-ac38-620b1566553d&page=queryresults
[0m17:35:39.754815 [debug] [Thread-2 (]: BigQuery adapter: https://console.cloud.google.com/bigquery?project=portifolio-482811&j=bq:US:246ea47e-25dd-42e8-bec8-03949bcb2a3b&page=queryresults
[0m17:35:39.761930 [debug] [Thread-1 (]: BigQuery adapter: https://console.cloud.google.com/bigquery?project=portifolio-482811&j=bq:US:c2a46f44-9542-42f8-aba5-f386588c78a7&page=queryresults
[0m17:35:41.927275 [debug] [Thread-4 (]: Timing info for model.northwind_dw.silver_fact_orders (execute): 17:35:38.316972 => 17:35:41.926907
[0m17:35:41.928893 [debug] [Thread-4 (]: Sending event: {'category': 'dbt', 'action': 'run_model', 'label': '29d154ba-84e6-43cc-abc5-1a8cf38814a6', 'context': [<snowplow_tracker.self_describing_json.SelfDescribingJson object at 0x724bff270d90>]}
[0m17:35:41.930358 [info ] [Thread-4 (]: 4 of 4 OK created sql table model northwind_silver.silver_fact_orders .......... [[32mCREATE TABLE (11.0 rows, 715.0 Bytes processed)[0m in 3.64s]
[0m17:35:41.932655 [debug] [Thread-3 (]: Timing info for model.northwind_dw.silver_dim_products (execute): 17:35:38.312812 => 17:35:41.932412
[0m17:35:41.933529 [debug] [Thread-4 (]: Finished running node model.northwind_dw.silver_fact_orders
[0m17:35:41.935611 [debug] [Thread-1 (]: Timing info for model.northwind_dw.silver_dim_customers (execute): 17:35:38.300086 => 17:35:41.935360
[0m17:35:41.936504 [debug] [Thread-3 (]: Sending event: {'category': 'dbt', 'action': 'run_model', 'label': '29d154ba-84e6-43cc-abc5-1a8cf38814a6', 'context': [<snowplow_tracker.self_describing_json.SelfDescribingJson object at 0x724bff1989d0>]}
[0m17:35:41.937654 [debug] [Thread-1 (]: Sending event: {'category': 'dbt', 'action': 'run_model', 'label': '29d154ba-84e6-43cc-abc5-1a8cf38814a6', 'context': [<snowplow_tracker.self_describing_json.SelfDescribingJson object at 0x724bff2b4290>]}
[0m17:35:41.938398 [info ] [Thread-3 (]: 3 of 4 OK created sql table model northwind_silver.silver_dim_products ......... [[32mCREATE TABLE (10.0 rows, 1.3 KiB processed)[0m in 3.65s]
[0m17:35:41.939115 [info ] [Thread-1 (]: 1 of 4 OK created sql table model northwind_silver.silver_dim_customers ........ [[32mCREATE TABLE (5.0 rows, 611.0 Bytes processed)[0m in 3.66s]
[0m17:35:41.939803 [debug] [Thread-3 (]: Finished running node model.northwind_dw.silver_dim_products
[0m17:35:41.940296 [debug] [Thread-1 (]: Finished running node model.northwind_dw.silver_dim_customers
[0m17:35:41.942474 [debug] [Thread-2 (]: Timing info for model.northwind_dw.silver_dim_employees (execute): 17:35:38.302159 => 17:35:41.942323
[0m17:35:41.943037 [debug] [Thread-2 (]: Sending event: {'category': 'dbt', 'action': 'run_model', 'label': '29d154ba-84e6-43cc-abc5-1a8cf38814a6', 'context': [<snowplow_tracker.self_describing_json.SelfDescribingJson object at 0x724bff37f050>]}
[0m17:35:41.943528 [info ] [Thread-2 (]: 2 of 4 OK created sql table model northwind_silver.silver_dim_employees ........ [[32mCREATE TABLE (5.0 rows, 644.0 Bytes processed)[0m in 3.66s]
[0m17:35:41.943949 [debug] [Thread-2 (]: Finished running node model.northwind_dw.silver_dim_employees
[0m17:35:41.945691 [debug] [MainThread]: Connection 'master' was properly closed.
[0m17:35:41.945970 [debug] [MainThread]: Connection 'model.northwind_dw.silver_dim_customers' was properly closed.
[0m17:35:41.946196 [debug] [MainThread]: Connection 'model.northwind_dw.silver_dim_employees' was properly closed.
[0m17:35:41.946400 [debug] [MainThread]: Connection 'model.northwind_dw.silver_dim_products' was properly closed.
[0m17:35:41.946593 [debug] [MainThread]: Connection 'model.northwind_dw.silver_fact_orders' was properly closed.
[0m17:35:41.946836 [info ] [MainThread]: 
[0m17:35:41.947134 [info ] [MainThread]: Finished running 4 table models in 0 hours 0 minutes and 5.84 seconds (5.84s).
[0m17:35:41.947868 [debug] [MainThread]: Command end result
[0m17:35:41.956931 [info ] [MainThread]: 
[0m17:35:41.957432 [info ] [MainThread]: [32mCompleted successfully[0m
[0m17:35:41.957843 [info ] [MainThread]: 
[0m17:35:41.958162 [info ] [MainThread]: Done. PASS=4 WARN=0 ERROR=0 SKIP=0 TOTAL=4
[0m17:35:41.958881 [debug] [MainThread]: Resource report: {"command_name": "run", "command_success": true, "command_wall_clock_time": 6.7010374, "process_user_time": 3.554514, "process_kernel_time": 1.679267, "process_mem_max_rss": "237524", "process_out_blocks": "2832", "process_in_blocks": "0"}
[0m17:35:41.959267 [debug] [MainThread]: Command `dbt run` succeeded at 17:35:41.959171 after 6.70 seconds
[0m17:35:41.959631 [debug] [MainThread]: Sending event: {'category': 'dbt', 'action': 'invocation', 'label': 'end', 'context': [<snowplow_tracker.self_describing_json.SelfDescribingJson object at 0x724c3f0fa3d0>, <snowplow_tracker.self_describing_json.SelfDescribingJson object at 0x724c3f6e3a90>, <snowplow_tracker.self_describing_json.SelfDescribingJson object at 0x724c3f7fd5d0>]}
[0m17:35:41.959938 [debug] [MainThread]: Flushing usage events
[0m17:35:53.588976 [debug] [MainThread]: Sending event: {'category': 'dbt', 'action': 'invocation', 'label': 'start', 'context': [<snowplow_tracker.self_describing_json.SelfDescribingJson object at 0x7ecbdc305ad0>, <snowplow_tracker.self_describing_json.SelfDescribingJson object at 0x7ecbdc3077d0>, <snowplow_tracker.self_describing_json.SelfDescribingJson object at 0x7ecbdc304350>]}


============================== 17:35:53.592870 | 3918fd5f-a595-4d23-879a-22a8dcab649b ==============================
[0m17:35:53.592870 [info ] [MainThread]: Running with dbt=1.7.4
[0m17:35:53.593314 [debug] [MainThread]: running dbt with arguments {'printer_width': '80', 'indirect_selection': 'eager', 'log_cache_events': 'False', 'write_json': 'True', 'partial_parse': 'True', 'cache_selected_only': 'False', 'profiles_dir': '/opt/airflow/dbt', 'fail_fast': 'False', 'warn_error': 'None', 'log_path': '/opt/airflow/dbt/northwind_dw/logs', 'debug': 'False', 'version_check': 'True', 'use_colors': 'True', 'use_experimental_parser': 'False', 'no_print': 'None', 'quiet': 'False', 'warn_error_options': 'WarnErrorOptions(include=[], exclude=[])', 'invocation_command': 'dbt run --select gold.* --profiles-dir /opt/airflow/dbt', 'introspect': 'True', 'log_format': 'default', 'target_path': 'None', 'static_parser': 'True', 'send_anonymous_usage_stats': 'True'}
[0m17:35:54.253938 [debug] [MainThread]: Sending event: {'category': 'dbt', 'action': 'project_id', 'label': '3918fd5f-a595-4d23-879a-22a8dcab649b', 'context': [<snowplow_tracker.self_describing_json.SelfDescribingJson object at 0x7ecba0fac250>]}
[0m17:35:54.309769 [debug] [MainThread]: Sending event: {'category': 'dbt', 'action': 'adapter_info', 'label': '3918fd5f-a595-4d23-879a-22a8dcab649b', 'context': [<snowplow_tracker.self_describing_json.SelfDescribingJson object at 0x7ecbdc5e6cd0>]}
[0m17:35:54.310400 [info ] [MainThread]: Registered adapter: bigquery=1.7.2
[0m17:35:54.317687 [debug] [MainThread]: checksum: 248e8aba381ba2d577dce7ab50d2010c2aac45d2b27e6e6214cdd96d2d41fabc, vars: {}, profile: , target: , version: 1.7.4
[0m17:35:54.339497 [debug] [MainThread]: Partial parsing enabled: 0 files deleted, 0 files added, 0 files changed.
[0m17:35:54.339877 [debug] [MainThread]: Partial parsing enabled, no changes found, skipping parsing
[0m17:35:54.344357 [debug] [MainThread]: Sending event: {'category': 'dbt', 'action': 'load_project', 'label': '3918fd5f-a595-4d23-879a-22a8dcab649b', 'context': [<snowplow_tracker.self_describing_json.SelfDescribingJson object at 0x7ecbdcccb590>]}
[0m17:35:54.358605 [debug] [MainThread]: Sending event: {'category': 'dbt', 'action': 'resource_counts', 'label': '3918fd5f-a595-4d23-879a-22a8dcab649b', 'context': [<snowplow_tracker.self_describing_json.SelfDescribingJson object at 0x7ecba00857d0>]}
[0m17:35:54.359099 [info ] [MainThread]: Found 15 models, 22 tests, 8 sources, 0 exposures, 0 metrics, 562 macros, 0 groups, 0 semantic models
[0m17:35:54.359503 [debug] [MainThread]: Sending event: {'category': 'dbt', 'action': 'runnable_timing', 'label': '3918fd5f-a595-4d23-879a-22a8dcab649b', 'context': [<snowplow_tracker.self_describing_json.SelfDescribingJson object at 0x7ecba027d290>]}
[0m17:35:54.360858 [info ] [MainThread]: 
[0m17:35:54.361564 [debug] [MainThread]: Acquiring new bigquery connection 'master'
[0m17:35:54.362587 [debug] [ThreadPool]: Acquiring new bigquery connection 'list_portifolio-482811'
[0m17:35:54.362950 [debug] [ThreadPool]: Opening a new connection, currently in state init
[0m17:35:55.239614 [debug] [ThreadPool]: Re-using an available connection from the pool (formerly list_portifolio-482811, now list_portifolio-482811_northwind_bronze)
[0m17:35:55.241097 [debug] [ThreadPool]: Acquiring new bigquery connection 'list_portifolio-482811_northwind_silver'
[0m17:35:55.242525 [debug] [ThreadPool]: Acquiring new bigquery connection 'list_portifolio-482811_gold'
[0m17:35:55.243049 [debug] [ThreadPool]: Opening a new connection, currently in state closed
[0m17:35:55.243758 [debug] [ThreadPool]: Opening a new connection, currently in state init
[0m17:35:55.244228 [debug] [ThreadPool]: Opening a new connection, currently in state init
[0m17:35:56.218867 [debug] [MainThread]: Sending event: {'category': 'dbt', 'action': 'runnable_timing', 'label': '3918fd5f-a595-4d23-879a-22a8dcab649b', 'context': [<snowplow_tracker.self_describing_json.SelfDescribingJson object at 0x7ecbdf3fbb90>]}
[0m17:35:56.219848 [info ] [MainThread]: Concurrency: 4 threads (target='dev')
[0m17:35:56.220292 [info ] [MainThread]: 
[0m17:35:56.229100 [debug] [Thread-1 (]: Began running node model.northwind_dw.gold_customer_analytics
[0m17:35:56.229539 [debug] [Thread-2 (]: Began running node model.northwind_dw.gold_sales_by_category
[0m17:35:56.230477 [debug] [Thread-3 (]: Began running node model.northwind_dw.gold_sales_by_country
[0m17:35:56.231290 [info ] [Thread-1 (]: 1 of 3 START sql table model gold.gold_customer_analytics ...................... [RUN]
[0m17:35:56.232330 [info ] [Thread-2 (]: 2 of 3 START sql table model gold.gold_sales_by_category ....................... [RUN]
[0m17:35:56.233017 [info ] [Thread-3 (]: 3 of 3 START sql table model gold.gold_sales_by_country ........................ [RUN]
[0m17:35:56.233837 [debug] [Thread-1 (]: Re-using an available connection from the pool (formerly list_portifolio-482811_northwind_bronze, now model.northwind_dw.gold_customer_analytics)
[0m17:35:56.234522 [debug] [Thread-2 (]: Re-using an available connection from the pool (formerly list_portifolio-482811_gold, now model.northwind_dw.gold_sales_by_category)
[0m17:35:56.235127 [debug] [Thread-3 (]: Re-using an available connection from the pool (formerly list_portifolio-482811_northwind_silver, now model.northwind_dw.gold_sales_by_country)
[0m17:35:56.235530 [debug] [Thread-1 (]: Began compiling node model.northwind_dw.gold_customer_analytics
[0m17:35:56.235876 [debug] [Thread-2 (]: Began compiling node model.northwind_dw.gold_sales_by_category
[0m17:35:56.236208 [debug] [Thread-3 (]: Began compiling node model.northwind_dw.gold_sales_by_country
[0m17:35:56.241124 [debug] [Thread-1 (]: Writing injected SQL for node "model.northwind_dw.gold_customer_analytics"
[0m17:35:56.243599 [debug] [Thread-2 (]: Writing injected SQL for node "model.northwind_dw.gold_sales_by_category"
[0m17:35:56.246037 [debug] [Thread-3 (]: Writing injected SQL for node "model.northwind_dw.gold_sales_by_country"
[0m17:35:56.246806 [debug] [Thread-1 (]: Timing info for model.northwind_dw.gold_customer_analytics (compile): 17:35:56.236431 => 17:35:56.246612
[0m17:35:56.247325 [debug] [Thread-2 (]: Timing info for model.northwind_dw.gold_sales_by_category (compile): 17:35:56.241437 => 17:35:56.247153
[0m17:35:56.247771 [debug] [Thread-1 (]: Began executing node model.northwind_dw.gold_customer_analytics
[0m17:35:56.248235 [debug] [Thread-3 (]: Timing info for model.northwind_dw.gold_sales_by_country (compile): 17:35:56.243903 => 17:35:56.248053
[0m17:35:56.248545 [debug] [Thread-2 (]: Began executing node model.northwind_dw.gold_sales_by_category
[0m17:35:56.253890 [debug] [Thread-3 (]: Began executing node model.northwind_dw.gold_sales_by_country
[0m17:35:56.263816 [debug] [Thread-2 (]: Opening a new connection, currently in state closed
[0m17:35:56.266147 [debug] [Thread-3 (]: Opening a new connection, currently in state closed
[0m17:35:56.273616 [debug] [Thread-1 (]: Opening a new connection, currently in state closed
[0m17:35:57.200664 [debug] [Thread-3 (]: Writing runtime sql for node "model.northwind_dw.gold_sales_by_country"
[0m17:35:57.202545 [debug] [Thread-2 (]: Writing runtime sql for node "model.northwind_dw.gold_sales_by_category"
[0m17:35:57.203621 [debug] [Thread-1 (]: Writing runtime sql for node "model.northwind_dw.gold_customer_analytics"
[0m17:35:57.204116 [debug] [Thread-3 (]: On model.northwind_dw.gold_sales_by_country: /* {"app": "dbt", "dbt_version": "1.7.4", "profile_name": "northwind_dw", "target_name": "dev", "node_id": "model.northwind_dw.gold_sales_by_country"} */

  
    

    create or replace table `portifolio-482811`.`gold`.`gold_sales_by_country`
      
    
    

    OPTIONS()
    as (
      -- Gold layer: Sales metrics by country


WITH sales_by_country AS (
    SELECT
        c.country,
        COUNT(DISTINCT o.order_id) AS total_orders,
        COUNT(DISTINCT c.customer_id) AS total_customers,
        SUM(o.line_total) AS total_revenue,
        AVG(o.line_total) AS avg_order_value,
        SUM(o.quantity) AS total_units_sold,
        SUM(o.unit_price * o.quantity * o.discount) AS total_discounts,
        MIN(o.order_date) AS first_order_date,
        MAX(o.order_date) AS last_order_date
    FROM `portifolio-482811`.`northwind_silver`.`silver_fact_orders` o
    INNER JOIN `portifolio-482811`.`northwind_silver`.`silver_dim_customers` c ON o.customer_id = c.customer_id
    WHERE o.order_date IS NOT NULL
    GROUP BY c.country
)

SELECT
    country,
    total_orders,
    total_customers,
    ROUND(total_revenue, 2) AS total_revenue,
    ROUND(avg_order_value, 2) AS avg_order_value,
    total_units_sold,
    ROUND(total_discounts, 2) AS total_discounts,
    ROUND(total_revenue / total_customers, 2) AS revenue_per_customer,
    first_order_date,
    last_order_date,
    CURRENT_TIMESTAMP() AS updated_at
FROM sales_by_country
ORDER BY total_revenue DESC
    );
  
[0m17:35:57.205738 [debug] [Thread-1 (]: On model.northwind_dw.gold_customer_analytics: /* {"app": "dbt", "dbt_version": "1.7.4", "profile_name": "northwind_dw", "target_name": "dev", "node_id": "model.northwind_dw.gold_customer_analytics"} */

  
    

    create or replace table `portifolio-482811`.`gold`.`gold_customer_analytics`
      
    
    

    OPTIONS()
    as (
      -- Gold layer: Customer analytics and segmentation


WITH customer_metrics AS (
    SELECT
        c.customer_id,
        c.company_name,
        c.contact_name,
        c.city,
        c.country,
        COUNT(DISTINCT o.order_id) AS total_orders,
        SUM(o.line_total) AS total_spent,
        AVG(o.line_total) AS avg_order_value,
        SUM(o.quantity) AS total_items_purchased,
        SUM(o.unit_price * o.quantity * o.discount) AS total_discounts_received,
        MIN(o.order_date) AS first_order_date,
        MAX(o.order_date) AS last_order_date,
        DATE_DIFF(CURRENT_DATE(), MAX(o.order_date), DAY) AS days_since_last_order
    FROM `portifolio-482811`.`northwind_silver`.`silver_dim_customers` c
    LEFT JOIN `portifolio-482811`.`northwind_silver`.`silver_fact_orders` o ON c.customer_id = o.customer_id
    GROUP BY 
        c.customer_id,
        c.company_name,
        c.contact_name,
        c.city,
        c.country
)

SELECT
    customer_id,
    company_name,
    contact_name,
    city,
    country,
    total_orders,
    ROUND(total_spent, 2) AS total_spent,
    ROUND(avg_order_value, 2) AS avg_order_value,
    total_items_purchased,
    ROUND(total_discounts_received, 2) AS total_discounts_received,
    first_order_date,
    last_order_date,
    days_since_last_order,
    -- Customer segmentation
    CASE 
        WHEN total_orders >= 10 THEN 'VIP'
        WHEN total_orders >= 5 THEN 'Frequent'
        WHEN total_orders >= 2 THEN 'Regular'
        ELSE 'New'
    END AS customer_segment,
    CASE 
        WHEN days_since_last_order <= 30 THEN 'Active'
        WHEN days_since_last_order <= 90 THEN 'At Risk'
        ELSE 'Inactive'
    END AS activity_status,
    CURRENT_TIMESTAMP() AS updated_at
FROM customer_metrics
ORDER BY total_spent DESC
    );
  
[0m17:35:57.206550 [debug] [Thread-2 (]: On model.northwind_dw.gold_sales_by_category: /* {"app": "dbt", "dbt_version": "1.7.4", "profile_name": "northwind_dw", "target_name": "dev", "node_id": "model.northwind_dw.gold_sales_by_category"} */

  
    

    create or replace table `portifolio-482811`.`gold`.`gold_sales_by_category`
      
    
    

    OPTIONS()
    as (
      -- Gold layer: Sales metrics by product category


WITH sales_by_category AS (
    SELECT
        p.category_id,
        p.category_name,
        COUNT(DISTINCT od.order_id) AS total_orders,
        COUNT(DISTINCT od.product_id) AS total_products,
        SUM(od.quantity) AS total_units_sold,
        SUM(od.unit_price * od.quantity * (1 - od.discount)) AS total_revenue,
        AVG(od.unit_price * od.quantity * (1 - od.discount)) AS avg_order_line_value,
        SUM(od.unit_price * od.quantity * od.discount) AS total_discounts
    FROM `portifolio-482811`.`northwind_bronze`.`bronze_order_details` od
    INNER JOIN `portifolio-482811`.`northwind_silver`.`silver_dim_products` p ON od.product_id = p.product_id
    GROUP BY p.category_id, p.category_name
)

SELECT
    category_id,
    category_name,
    total_orders,
    total_products,
    total_units_sold,
    ROUND(total_revenue, 2) AS total_revenue,
    ROUND(avg_order_line_value, 2) AS avg_order_line_value,
    ROUND(total_discounts, 2) AS total_discounts,
    ROUND(total_revenue / total_orders, 2) AS revenue_per_order,
    CURRENT_TIMESTAMP() AS updated_at
FROM sales_by_category
ORDER BY total_revenue DESC
    );
  
[0m17:35:57.676149 [debug] [Thread-2 (]: BigQuery adapter: https://console.cloud.google.com/bigquery?project=portifolio-482811&j=bq:US:b5847f76-112f-49af-bc75-13b2e6a9b024&page=queryresults
[0m17:35:57.684424 [debug] [Thread-1 (]: BigQuery adapter: https://console.cloud.google.com/bigquery?project=portifolio-482811&j=bq:US:1eeb496f-6e05-4632-b3ee-5233a4f341a9&page=queryresults
[0m17:35:57.949921 [debug] [Thread-3 (]: BigQuery adapter: https://console.cloud.google.com/bigquery?project=portifolio-482811&j=bq:US:0652299c-7077-4081-b197-226ea55a8e17&page=queryresults
[0m17:36:00.145802 [debug] [Thread-1 (]: Timing info for model.northwind_dw.gold_customer_analytics (execute): 17:35:56.248797 => 17:36:00.145597
[0m17:36:00.146540 [debug] [Thread-2 (]: Timing info for model.northwind_dw.gold_sales_by_category (execute): 17:35:56.254647 => 17:36:00.146379
[0m17:36:00.147244 [debug] [Thread-1 (]: Sending event: {'category': 'dbt', 'action': 'run_model', 'label': '3918fd5f-a595-4d23-879a-22a8dcab649b', 'context': [<snowplow_tracker.self_describing_json.SelfDescribingJson object at 0x7ecb9bf83f90>]}
[0m17:36:00.147903 [debug] [Thread-2 (]: Sending event: {'category': 'dbt', 'action': 'run_model', 'label': '3918fd5f-a595-4d23-879a-22a8dcab649b', 'context': [<snowplow_tracker.self_describing_json.SelfDescribingJson object at 0x7ecba0673610>]}
[0m17:36:00.148472 [info ] [Thread-1 (]: 1 of 3 OK created sql table model gold.gold_customer_analytics ................. [[32mCREATE TABLE (5.0 rows, 1.2 KiB processed)[0m in 3.91s]
[0m17:36:00.149037 [info ] [Thread-2 (]: 2 of 3 OK created sql table model gold.gold_sales_by_category .................. [[32mCREATE TABLE (4.0 rows, 714.0 Bytes processed)[0m in 3.91s]
[0m17:36:00.149624 [debug] [Thread-1 (]: Finished running node model.northwind_dw.gold_customer_analytics
[0m17:36:00.150149 [debug] [Thread-2 (]: Finished running node model.northwind_dw.gold_sales_by_category
[0m17:36:02.997424 [debug] [Thread-3 (]: Timing info for model.northwind_dw.gold_sales_by_country (execute): 17:35:56.264635 => 17:36:02.997184
[0m17:36:02.998380 [debug] [Thread-3 (]: Sending event: {'category': 'dbt', 'action': 'run_model', 'label': '3918fd5f-a595-4d23-879a-22a8dcab649b', 'context': [<snowplow_tracker.self_describing_json.SelfDescribingJson object at 0x7ecba0043a10>]}
[0m17:36:02.999184 [info ] [Thread-3 (]: 3 of 3 OK created sql table model gold.gold_sales_by_country ................... [[32mCREATE TABLE (4.0 rows, 941.0 Bytes processed)[0m in 6.76s]
[0m17:36:03.000502 [debug] [Thread-3 (]: Finished running node model.northwind_dw.gold_sales_by_country
[0m17:36:03.003393 [debug] [MainThread]: Connection 'master' was properly closed.
[0m17:36:03.003847 [debug] [MainThread]: Connection 'model.northwind_dw.gold_customer_analytics' was properly closed.
[0m17:36:03.004204 [debug] [MainThread]: Connection 'model.northwind_dw.gold_sales_by_country' was properly closed.
[0m17:36:03.004542 [debug] [MainThread]: Connection 'model.northwind_dw.gold_sales_by_category' was properly closed.
[0m17:36:03.004928 [info ] [MainThread]: 
[0m17:36:03.005331 [info ] [MainThread]: Finished running 3 table models in 0 hours 0 minutes and 8.64 seconds (8.64s).
[0m17:36:03.006197 [debug] [MainThread]: Command end result
[0m17:36:03.016700 [info ] [MainThread]: 
[0m17:36:03.017146 [info ] [MainThread]: [32mCompleted successfully[0m
[0m17:36:03.017646 [info ] [MainThread]: 
[0m17:36:03.018015 [info ] [MainThread]: Done. PASS=3 WARN=0 ERROR=0 SKIP=0 TOTAL=3
[0m17:36:03.018777 [debug] [MainThread]: Resource report: {"command_name": "run", "command_success": true, "command_wall_clock_time": 9.455048, "process_user_time": 3.353391, "process_kernel_time": 1.571303, "process_mem_max_rss": "234572", "process_out_blocks": "2808", "process_in_blocks": "0"}
[0m17:36:03.019175 [debug] [MainThread]: Command `dbt run` succeeded at 17:36:03.019079 after 9.46 seconds
[0m17:36:03.019592 [debug] [MainThread]: Sending event: {'category': 'dbt', 'action': 'invocation', 'label': 'end', 'context': [<snowplow_tracker.self_describing_json.SelfDescribingJson object at 0x7ecbdc60aed0>, <snowplow_tracker.self_describing_json.SelfDescribingJson object at 0x7ecbdc2b35d0>, <snowplow_tracker.self_describing_json.SelfDescribingJson object at 0x7ecbe0d25990>]}
[0m17:36:03.019913 [debug] [MainThread]: Flushing usage events
[0m17:36:13.274092 [debug] [MainThread]: Sending event: {'category': 'dbt', 'action': 'invocation', 'label': 'start', 'context': [<snowplow_tracker.self_describing_json.SelfDescribingJson object at 0x711de9a9dc50>, <snowplow_tracker.self_describing_json.SelfDescribingJson object at 0x711de9cd5d10>, <snowplow_tracker.self_describing_json.SelfDescribingJson object at 0x711de9616c90>]}


============================== 17:36:13.278314 | 9c4e6a17-0281-4531-be98-29259ee998d6 ==============================
[0m17:36:13.278314 [info ] [MainThread]: Running with dbt=1.7.4
[0m17:36:13.278788 [debug] [MainThread]: running dbt with arguments {'printer_width': '80', 'indirect_selection': 'eager', 'log_cache_events': 'False', 'write_json': 'True', 'partial_parse': 'True', 'cache_selected_only': 'False', 'warn_error': 'None', 'fail_fast': 'False', 'debug': 'False', 'log_path': '/opt/airflow/dbt/northwind_dw/logs', 'version_check': 'True', 'profiles_dir': '/opt/airflow/dbt', 'use_colors': 'True', 'use_experimental_parser': 'False', 'no_print': 'None', 'quiet': 'False', 'log_format': 'default', 'invocation_command': 'dbt test --profiles-dir /opt/airflow/dbt', 'introspect': 'True', 'warn_error_options': 'WarnErrorOptions(include=[], exclude=[])', 'target_path': 'None', 'static_parser': 'True', 'send_anonymous_usage_stats': 'True'}
[0m17:36:13.951015 [debug] [MainThread]: Sending event: {'category': 'dbt', 'action': 'project_id', 'label': '9c4e6a17-0281-4531-be98-29259ee998d6', 'context': [<snowplow_tracker.self_describing_json.SelfDescribingJson object at 0x711da9daf710>]}
[0m17:36:14.007729 [debug] [MainThread]: Sending event: {'category': 'dbt', 'action': 'adapter_info', 'label': '9c4e6a17-0281-4531-be98-29259ee998d6', 'context': [<snowplow_tracker.self_describing_json.SelfDescribingJson object at 0x711daa7178d0>]}
[0m17:36:14.008384 [info ] [MainThread]: Registered adapter: bigquery=1.7.2
[0m17:36:14.015761 [debug] [MainThread]: checksum: 248e8aba381ba2d577dce7ab50d2010c2aac45d2b27e6e6214cdd96d2d41fabc, vars: {}, profile: , target: , version: 1.7.4
[0m17:36:14.037190 [debug] [MainThread]: Partial parsing enabled: 0 files deleted, 0 files added, 0 files changed.
[0m17:36:14.037558 [debug] [MainThread]: Partial parsing enabled, no changes found, skipping parsing
[0m17:36:14.041903 [debug] [MainThread]: Sending event: {'category': 'dbt', 'action': 'load_project', 'label': '9c4e6a17-0281-4531-be98-29259ee998d6', 'context': [<snowplow_tracker.self_describing_json.SelfDescribingJson object at 0x711da9b2df50>]}
[0m17:36:14.055509 [debug] [MainThread]: Sending event: {'category': 'dbt', 'action': 'resource_counts', 'label': '9c4e6a17-0281-4531-be98-29259ee998d6', 'context': [<snowplow_tracker.self_describing_json.SelfDescribingJson object at 0x711da98ebc50>]}
[0m17:36:14.055920 [info ] [MainThread]: Found 15 models, 22 tests, 8 sources, 0 exposures, 0 metrics, 562 macros, 0 groups, 0 semantic models
[0m17:36:14.056241 [debug] [MainThread]: Sending event: {'category': 'dbt', 'action': 'runnable_timing', 'label': '9c4e6a17-0281-4531-be98-29259ee998d6', 'context': [<snowplow_tracker.self_describing_json.SelfDescribingJson object at 0x711da9b0ed90>]}
[0m17:36:14.058147 [info ] [MainThread]: 
[0m17:36:14.058722 [debug] [MainThread]: Acquiring new bigquery connection 'master'
[0m17:36:14.060091 [debug] [ThreadPool]: Acquiring new bigquery connection 'list_portifolio-482811_gold'
[0m17:36:14.060549 [debug] [ThreadPool]: Opening a new connection, currently in state init
[0m17:36:14.061224 [debug] [ThreadPool]: Acquiring new bigquery connection 'list_portifolio-482811_northwind_bronze'
[0m17:36:14.061916 [debug] [ThreadPool]: Opening a new connection, currently in state init
[0m17:36:14.062504 [debug] [ThreadPool]: Acquiring new bigquery connection 'list_portifolio-482811_northwind_silver'
[0m17:36:14.063426 [debug] [ThreadPool]: Opening a new connection, currently in state init
[0m17:36:15.022031 [debug] [MainThread]: Sending event: {'category': 'dbt', 'action': 'runnable_timing', 'label': '9c4e6a17-0281-4531-be98-29259ee998d6', 'context': [<snowplow_tracker.self_describing_json.SelfDescribingJson object at 0x711da9c8aa50>]}
[0m17:36:15.022686 [info ] [MainThread]: Concurrency: 4 threads (target='dev')
[0m17:36:15.022981 [info ] [MainThread]: 
[0m17:36:15.029525 [debug] [Thread-1 (]: Began running node test.northwind_dw.not_null_bronze_categories_category_id.a831d0caf8
[0m17:36:15.029911 [debug] [Thread-2 (]: Began running node test.northwind_dw.not_null_bronze_customers_customer_id.254c74eb6e
[0m17:36:15.030322 [debug] [Thread-3 (]: Began running node test.northwind_dw.not_null_bronze_employees_employee_id.9a322d5ce7
[0m17:36:15.030649 [debug] [Thread-4 (]: Began running node test.northwind_dw.not_null_bronze_orders_order_id.24f68d0dd3
[0m17:36:15.030986 [info ] [Thread-1 (]: 1 of 22 START test not_null_bronze_categories_category_id ...................... [RUN]
[0m17:36:15.031346 [info ] [Thread-2 (]: 2 of 22 START test not_null_bronze_customers_customer_id ....................... [RUN]
[0m17:36:15.031836 [info ] [Thread-3 (]: 3 of 22 START test not_null_bronze_employees_employee_id ....................... [RUN]
[0m17:36:15.032966 [debug] [Thread-1 (]: Re-using an available connection from the pool (formerly list_portifolio-482811_gold, now test.northwind_dw.not_null_bronze_categories_category_id.a831d0caf8)
[0m17:36:15.032305 [info ] [Thread-4 (]: 4 of 22 START test not_null_bronze_orders_order_id ............................. [RUN]
[0m17:36:15.033555 [debug] [Thread-2 (]: Re-using an available connection from the pool (formerly list_portifolio-482811_northwind_silver, now test.northwind_dw.not_null_bronze_customers_customer_id.254c74eb6e)
[0m17:36:15.034187 [debug] [Thread-3 (]: Re-using an available connection from the pool (formerly list_portifolio-482811_northwind_bronze, now test.northwind_dw.not_null_bronze_employees_employee_id.9a322d5ce7)
[0m17:36:15.034525 [debug] [Thread-1 (]: Began compiling node test.northwind_dw.not_null_bronze_categories_category_id.a831d0caf8
[0m17:36:15.035157 [debug] [Thread-4 (]: Acquiring new bigquery connection 'test.northwind_dw.not_null_bronze_orders_order_id.24f68d0dd3'
[0m17:36:15.035539 [debug] [Thread-2 (]: Began compiling node test.northwind_dw.not_null_bronze_customers_customer_id.254c74eb6e
[0m17:36:15.035842 [debug] [Thread-3 (]: Began compiling node test.northwind_dw.not_null_bronze_employees_employee_id.9a322d5ce7
[0m17:36:15.046228 [debug] [Thread-1 (]: Writing injected SQL for node "test.northwind_dw.not_null_bronze_categories_category_id.a831d0caf8"
[0m17:36:15.046779 [debug] [Thread-4 (]: Began compiling node test.northwind_dw.not_null_bronze_orders_order_id.24f68d0dd3
[0m17:36:15.049848 [debug] [Thread-2 (]: Writing injected SQL for node "test.northwind_dw.not_null_bronze_customers_customer_id.254c74eb6e"
[0m17:36:15.058943 [debug] [Thread-4 (]: Writing injected SQL for node "test.northwind_dw.not_null_bronze_orders_order_id.24f68d0dd3"
[0m17:36:15.060570 [debug] [Thread-3 (]: Writing injected SQL for node "test.northwind_dw.not_null_bronze_employees_employee_id.9a322d5ce7"
[0m17:36:15.061065 [debug] [Thread-1 (]: Timing info for test.northwind_dw.not_null_bronze_categories_category_id.a831d0caf8 (compile): 17:36:15.036082 => 17:36:15.060844
[0m17:36:15.062667 [debug] [Thread-1 (]: Began executing node test.northwind_dw.not_null_bronze_categories_category_id.a831d0caf8
[0m17:36:15.063140 [debug] [Thread-2 (]: Timing info for test.northwind_dw.not_null_bronze_customers_customer_id.254c74eb6e (compile): 17:36:15.047051 => 17:36:15.062938
[0m17:36:15.063596 [debug] [Thread-4 (]: Timing info for test.northwind_dw.not_null_bronze_orders_order_id.24f68d0dd3 (compile): 17:36:15.056314 => 17:36:15.063406
[0m17:36:15.069216 [debug] [Thread-3 (]: Timing info for test.northwind_dw.not_null_bronze_employees_employee_id.9a322d5ce7 (compile): 17:36:15.050161 => 17:36:15.069045
[0m17:36:15.076024 [debug] [Thread-1 (]: Writing runtime sql for node "test.northwind_dw.not_null_bronze_categories_category_id.a831d0caf8"
[0m17:36:15.076483 [debug] [Thread-2 (]: Began executing node test.northwind_dw.not_null_bronze_customers_customer_id.254c74eb6e
[0m17:36:15.076846 [debug] [Thread-4 (]: Began executing node test.northwind_dw.not_null_bronze_orders_order_id.24f68d0dd3
[0m17:36:15.077208 [debug] [Thread-3 (]: Began executing node test.northwind_dw.not_null_bronze_employees_employee_id.9a322d5ce7
[0m17:36:15.079130 [debug] [Thread-2 (]: Writing runtime sql for node "test.northwind_dw.not_null_bronze_customers_customer_id.254c74eb6e"
[0m17:36:15.081158 [debug] [Thread-4 (]: Writing runtime sql for node "test.northwind_dw.not_null_bronze_orders_order_id.24f68d0dd3"
[0m17:36:15.081625 [debug] [Thread-1 (]: Opening a new connection, currently in state closed
[0m17:36:15.083102 [debug] [Thread-3 (]: Writing runtime sql for node "test.northwind_dw.not_null_bronze_employees_employee_id.9a322d5ce7"
[0m17:36:15.083879 [debug] [Thread-2 (]: Opening a new connection, currently in state closed
[0m17:36:15.084418 [debug] [Thread-4 (]: Opening a new connection, currently in state init
[0m17:36:15.084943 [debug] [Thread-3 (]: Opening a new connection, currently in state closed
[0m17:36:15.113795 [debug] [Thread-1 (]: On test.northwind_dw.not_null_bronze_categories_category_id.a831d0caf8: /* {"app": "dbt", "dbt_version": "1.7.4", "profile_name": "northwind_dw", "target_name": "dev", "node_id": "test.northwind_dw.not_null_bronze_categories_category_id.a831d0caf8"} */
select
      count(*) as failures,
      count(*) != 0 as should_warn,
      count(*) != 0 as should_error
    from (
      
    
    



select category_id
from `portifolio-482811`.`northwind_bronze`.`bronze_categories`
where category_id is null



      
    ) dbt_internal_test
[0m17:36:15.115281 [debug] [Thread-3 (]: On test.northwind_dw.not_null_bronze_employees_employee_id.9a322d5ce7: /* {"app": "dbt", "dbt_version": "1.7.4", "profile_name": "northwind_dw", "target_name": "dev", "node_id": "test.northwind_dw.not_null_bronze_employees_employee_id.9a322d5ce7"} */
select
      count(*) as failures,
      count(*) != 0 as should_warn,
      count(*) != 0 as should_error
    from (
      
    
    



select employee_id
from `portifolio-482811`.`northwind_bronze`.`bronze_employees`
where employee_id is null



      
    ) dbt_internal_test
[0m17:36:15.116045 [debug] [Thread-4 (]: On test.northwind_dw.not_null_bronze_orders_order_id.24f68d0dd3: /* {"app": "dbt", "dbt_version": "1.7.4", "profile_name": "northwind_dw", "target_name": "dev", "node_id": "test.northwind_dw.not_null_bronze_orders_order_id.24f68d0dd3"} */
select
      count(*) as failures,
      count(*) != 0 as should_warn,
      count(*) != 0 as should_error
    from (
      
    
    



select order_id
from `portifolio-482811`.`northwind_bronze`.`bronze_orders`
where order_id is null



      
    ) dbt_internal_test
[0m17:36:15.117107 [debug] [Thread-2 (]: On test.northwind_dw.not_null_bronze_customers_customer_id.254c74eb6e: /* {"app": "dbt", "dbt_version": "1.7.4", "profile_name": "northwind_dw", "target_name": "dev", "node_id": "test.northwind_dw.not_null_bronze_customers_customer_id.254c74eb6e"} */
select
      count(*) as failures,
      count(*) != 0 as should_warn,
      count(*) != 0 as should_error
    from (
      
    
    



select customer_id
from `portifolio-482811`.`northwind_bronze`.`bronze_customers`
where customer_id is null



      
    ) dbt_internal_test
[0m17:36:16.317527 [debug] [Thread-3 (]: BigQuery adapter: https://console.cloud.google.com/bigquery?project=portifolio-482811&j=bq:US:99b7d6b5-b1dc-4776-a499-3d2aaca0acdd&page=queryresults
[0m17:36:16.350084 [debug] [Thread-2 (]: BigQuery adapter: https://console.cloud.google.com/bigquery?project=portifolio-482811&j=bq:US:b75e2847-e245-4529-b7e3-cfb2e792fb7a&page=queryresults
[0m17:36:16.430576 [debug] [Thread-1 (]: BigQuery adapter: https://console.cloud.google.com/bigquery?project=portifolio-482811&j=bq:US:59b46a73-2b5e-435a-bdbc-46c422fe1758&page=queryresults
[0m17:36:16.455954 [debug] [Thread-4 (]: BigQuery adapter: https://console.cloud.google.com/bigquery?project=portifolio-482811&j=bq:US:15a04cfe-6d50-4380-b226-fa6a744b8cfc&page=queryresults
[0m17:36:17.129430 [debug] [Thread-3 (]: Timing info for test.northwind_dw.not_null_bronze_employees_employee_id.9a322d5ce7 (execute): 17:36:15.081825 => 17:36:17.128394
[0m17:36:17.132288 [info ] [Thread-3 (]: 3 of 22 PASS not_null_bronze_employees_employee_id ............................. [[32mPASS[0m in 2.10s]
[0m17:36:17.134555 [debug] [Thread-3 (]: Finished running node test.northwind_dw.not_null_bronze_employees_employee_id.9a322d5ce7
[0m17:36:17.135857 [debug] [Thread-3 (]: Began running node test.northwind_dw.not_null_bronze_products_product_id.0e447b9d33
[0m17:36:17.137636 [info ] [Thread-3 (]: 5 of 22 START test not_null_bronze_products_product_id ......................... [RUN]
[0m17:36:17.140191 [debug] [Thread-3 (]: Re-using an available connection from the pool (formerly test.northwind_dw.not_null_bronze_employees_employee_id.9a322d5ce7, now test.northwind_dw.not_null_bronze_products_product_id.0e447b9d33)
[0m17:36:17.141375 [debug] [Thread-3 (]: Began compiling node test.northwind_dw.not_null_bronze_products_product_id.0e447b9d33
[0m17:36:17.150586 [debug] [Thread-3 (]: Writing injected SQL for node "test.northwind_dw.not_null_bronze_products_product_id.0e447b9d33"
[0m17:36:17.151248 [debug] [Thread-3 (]: Timing info for test.northwind_dw.not_null_bronze_products_product_id.0e447b9d33 (compile): 17:36:17.142062 => 17:36:17.151047
[0m17:36:17.151554 [debug] [Thread-3 (]: Began executing node test.northwind_dw.not_null_bronze_products_product_id.0e447b9d33
[0m17:36:17.153240 [debug] [Thread-3 (]: Writing runtime sql for node "test.northwind_dw.not_null_bronze_products_product_id.0e447b9d33"
[0m17:36:17.153783 [debug] [Thread-3 (]: Opening a new connection, currently in state closed
[0m17:36:17.168575 [debug] [Thread-2 (]: Timing info for test.northwind_dw.not_null_bronze_customers_customer_id.254c74eb6e (execute): 17:36:15.077598 => 17:36:17.167733
[0m17:36:17.170870 [info ] [Thread-2 (]: 2 of 22 PASS not_null_bronze_customers_customer_id ............................. [[32mPASS[0m in 2.14s]
[0m17:36:17.173050 [debug] [Thread-2 (]: Finished running node test.northwind_dw.not_null_bronze_customers_customer_id.254c74eb6e
[0m17:36:17.173787 [debug] [Thread-2 (]: Began running node test.northwind_dw.not_null_bronze_shippers_shipper_id.12dd4ad53a
[0m17:36:17.174553 [info ] [Thread-2 (]: 6 of 22 START test not_null_bronze_shippers_shipper_id ......................... [RUN]
[0m17:36:17.176061 [debug] [Thread-2 (]: Re-using an available connection from the pool (formerly test.northwind_dw.not_null_bronze_customers_customer_id.254c74eb6e, now test.northwind_dw.not_null_bronze_shippers_shipper_id.12dd4ad53a)
[0m17:36:17.176733 [debug] [Thread-2 (]: Began compiling node test.northwind_dw.not_null_bronze_shippers_shipper_id.12dd4ad53a
[0m17:36:17.179917 [debug] [Thread-2 (]: Writing injected SQL for node "test.northwind_dw.not_null_bronze_shippers_shipper_id.12dd4ad53a"
[0m17:36:17.180638 [debug] [Thread-2 (]: Timing info for test.northwind_dw.not_null_bronze_shippers_shipper_id.12dd4ad53a (compile): 17:36:17.177008 => 17:36:17.180395
[0m17:36:17.181077 [debug] [Thread-2 (]: Began executing node test.northwind_dw.not_null_bronze_shippers_shipper_id.12dd4ad53a
[0m17:36:17.183067 [debug] [Thread-2 (]: Writing runtime sql for node "test.northwind_dw.not_null_bronze_shippers_shipper_id.12dd4ad53a"
[0m17:36:17.183579 [debug] [Thread-2 (]: Opening a new connection, currently in state closed
[0m17:36:17.194781 [debug] [Thread-3 (]: On test.northwind_dw.not_null_bronze_products_product_id.0e447b9d33: /* {"app": "dbt", "dbt_version": "1.7.4", "profile_name": "northwind_dw", "target_name": "dev", "node_id": "test.northwind_dw.not_null_bronze_products_product_id.0e447b9d33"} */
select
      count(*) as failures,
      count(*) != 0 as should_warn,
      count(*) != 0 as should_error
    from (
      
    
    



select product_id
from `portifolio-482811`.`northwind_bronze`.`bronze_products`
where product_id is null



      
    ) dbt_internal_test
[0m17:36:17.214868 [debug] [Thread-2 (]: On test.northwind_dw.not_null_bronze_shippers_shipper_id.12dd4ad53a: /* {"app": "dbt", "dbt_version": "1.7.4", "profile_name": "northwind_dw", "target_name": "dev", "node_id": "test.northwind_dw.not_null_bronze_shippers_shipper_id.12dd4ad53a"} */
select
      count(*) as failures,
      count(*) != 0 as should_warn,
      count(*) != 0 as should_error
    from (
      
    
    



select shipper_id
from `portifolio-482811`.`northwind_bronze`.`bronze_shippers`
where shipper_id is null



      
    ) dbt_internal_test
[0m17:36:17.221535 [debug] [Thread-1 (]: Timing info for test.northwind_dw.not_null_bronze_categories_category_id.a831d0caf8 (execute): 17:36:15.063849 => 17:36:17.221279
[0m17:36:17.222230 [info ] [Thread-1 (]: 1 of 22 PASS not_null_bronze_categories_category_id ............................ [[32mPASS[0m in 2.19s]
[0m17:36:17.222743 [debug] [Thread-1 (]: Finished running node test.northwind_dw.not_null_bronze_categories_category_id.a831d0caf8
[0m17:36:17.223094 [debug] [Thread-1 (]: Began running node test.northwind_dw.not_null_bronze_suppliers_supplier_id.af94a66b50
[0m17:36:17.223423 [info ] [Thread-1 (]: 7 of 22 START test not_null_bronze_suppliers_supplier_id ....................... [RUN]
[0m17:36:17.224112 [debug] [Thread-1 (]: Re-using an available connection from the pool (formerly test.northwind_dw.not_null_bronze_categories_category_id.a831d0caf8, now test.northwind_dw.not_null_bronze_suppliers_supplier_id.af94a66b50)
[0m17:36:17.224441 [debug] [Thread-1 (]: Began compiling node test.northwind_dw.not_null_bronze_suppliers_supplier_id.af94a66b50
[0m17:36:17.227302 [debug] [Thread-1 (]: Writing injected SQL for node "test.northwind_dw.not_null_bronze_suppliers_supplier_id.af94a66b50"
[0m17:36:17.227866 [debug] [Thread-1 (]: Timing info for test.northwind_dw.not_null_bronze_suppliers_supplier_id.af94a66b50 (compile): 17:36:17.224639 => 17:36:17.227674
[0m17:36:17.228207 [debug] [Thread-1 (]: Began executing node test.northwind_dw.not_null_bronze_suppliers_supplier_id.af94a66b50
[0m17:36:17.229954 [debug] [Thread-1 (]: Writing runtime sql for node "test.northwind_dw.not_null_bronze_suppliers_supplier_id.af94a66b50"
[0m17:36:17.230678 [debug] [Thread-1 (]: Opening a new connection, currently in state closed
[0m17:36:17.260159 [debug] [Thread-1 (]: On test.northwind_dw.not_null_bronze_suppliers_supplier_id.af94a66b50: /* {"app": "dbt", "dbt_version": "1.7.4", "profile_name": "northwind_dw", "target_name": "dev", "node_id": "test.northwind_dw.not_null_bronze_suppliers_supplier_id.af94a66b50"} */
select
      count(*) as failures,
      count(*) != 0 as should_warn,
      count(*) != 0 as should_error
    from (
      
    
    



select supplier_id
from `portifolio-482811`.`northwind_bronze`.`bronze_suppliers`
where supplier_id is null



      
    ) dbt_internal_test
[0m17:36:17.291336 [debug] [Thread-4 (]: Timing info for test.northwind_dw.not_null_bronze_orders_order_id.24f68d0dd3 (execute): 17:36:15.079549 => 17:36:17.291056
[0m17:36:17.292284 [info ] [Thread-4 (]: 4 of 22 PASS not_null_bronze_orders_order_id ................................... [[32mPASS[0m in 2.26s]
[0m17:36:17.292772 [debug] [Thread-4 (]: Finished running node test.northwind_dw.not_null_bronze_orders_order_id.24f68d0dd3
[0m17:36:17.293099 [debug] [Thread-4 (]: Began running node test.northwind_dw.not_null_silver_dim_customers_customer_id.2c5ab665ef
[0m17:36:17.293516 [info ] [Thread-4 (]: 8 of 22 START test not_null_silver_dim_customers_customer_id ................... [RUN]
[0m17:36:17.294127 [debug] [Thread-4 (]: Re-using an available connection from the pool (formerly test.northwind_dw.not_null_bronze_orders_order_id.24f68d0dd3, now test.northwind_dw.not_null_silver_dim_customers_customer_id.2c5ab665ef)
[0m17:36:17.294452 [debug] [Thread-4 (]: Began compiling node test.northwind_dw.not_null_silver_dim_customers_customer_id.2c5ab665ef
[0m17:36:17.298087 [debug] [Thread-4 (]: Writing injected SQL for node "test.northwind_dw.not_null_silver_dim_customers_customer_id.2c5ab665ef"
[0m17:36:17.298744 [debug] [Thread-4 (]: Timing info for test.northwind_dw.not_null_silver_dim_customers_customer_id.2c5ab665ef (compile): 17:36:17.294638 => 17:36:17.298521
[0m17:36:17.299054 [debug] [Thread-4 (]: Began executing node test.northwind_dw.not_null_silver_dim_customers_customer_id.2c5ab665ef
[0m17:36:17.301242 [debug] [Thread-4 (]: Writing runtime sql for node "test.northwind_dw.not_null_silver_dim_customers_customer_id.2c5ab665ef"
[0m17:36:17.301933 [debug] [Thread-4 (]: Opening a new connection, currently in state closed
[0m17:36:17.330715 [debug] [Thread-4 (]: On test.northwind_dw.not_null_silver_dim_customers_customer_id.2c5ab665ef: /* {"app": "dbt", "dbt_version": "1.7.4", "profile_name": "northwind_dw", "target_name": "dev", "node_id": "test.northwind_dw.not_null_silver_dim_customers_customer_id.2c5ab665ef"} */
select
      count(*) as failures,
      count(*) != 0 as should_warn,
      count(*) != 0 as should_error
    from (
      
    
    



select customer_id
from `portifolio-482811`.`northwind_silver`.`silver_dim_customers`
where customer_id is null



      
    ) dbt_internal_test
[0m17:36:18.273924 [debug] [Thread-3 (]: BigQuery adapter: https://console.cloud.google.com/bigquery?project=portifolio-482811&j=bq:US:0a108057-eab3-4407-a0bd-b1bcaa283a2e&page=queryresults
[0m17:36:18.333459 [debug] [Thread-1 (]: BigQuery adapter: https://console.cloud.google.com/bigquery?project=portifolio-482811&j=bq:US:fe4be6ca-05ac-4fc6-a908-9086b80eca91&page=queryresults
[0m17:36:18.514765 [debug] [Thread-4 (]: BigQuery adapter: https://console.cloud.google.com/bigquery?project=portifolio-482811&j=bq:US:74e02cf5-8460-419f-8a0f-abf0de5902b9&page=queryresults
[0m17:36:18.535081 [debug] [Thread-2 (]: BigQuery adapter: https://console.cloud.google.com/bigquery?project=portifolio-482811&j=bq:US:467680a5-c4ee-4792-a1a7-41cc6559fd27&page=queryresults
[0m17:36:19.067182 [debug] [Thread-3 (]: Timing info for test.northwind_dw.not_null_bronze_products_product_id.0e447b9d33 (execute): 17:36:17.151741 => 17:36:19.066909
[0m17:36:19.068072 [info ] [Thread-3 (]: 5 of 22 PASS not_null_bronze_products_product_id ............................... [[32mPASS[0m in 1.93s]
[0m17:36:19.069974 [debug] [Thread-3 (]: Finished running node test.northwind_dw.not_null_bronze_products_product_id.0e447b9d33
[0m17:36:19.070897 [debug] [Thread-3 (]: Began running node test.northwind_dw.not_null_silver_dim_employees_employee_id.1f3014084d
[0m17:36:19.071778 [info ] [Thread-3 (]: 9 of 22 START test not_null_silver_dim_employees_employee_id ................... [RUN]
[0m17:36:19.072388 [debug] [Thread-3 (]: Re-using an available connection from the pool (formerly test.northwind_dw.not_null_bronze_products_product_id.0e447b9d33, now test.northwind_dw.not_null_silver_dim_employees_employee_id.1f3014084d)
[0m17:36:19.072674 [debug] [Thread-3 (]: Began compiling node test.northwind_dw.not_null_silver_dim_employees_employee_id.1f3014084d
[0m17:36:19.075665 [debug] [Thread-3 (]: Writing injected SQL for node "test.northwind_dw.not_null_silver_dim_employees_employee_id.1f3014084d"
[0m17:36:19.076676 [debug] [Thread-3 (]: Timing info for test.northwind_dw.not_null_silver_dim_employees_employee_id.1f3014084d (compile): 17:36:19.072844 => 17:36:19.076449
[0m17:36:19.078661 [debug] [Thread-3 (]: Began executing node test.northwind_dw.not_null_silver_dim_employees_employee_id.1f3014084d
[0m17:36:19.080799 [debug] [Thread-3 (]: Writing runtime sql for node "test.northwind_dw.not_null_silver_dim_employees_employee_id.1f3014084d"
[0m17:36:19.081394 [debug] [Thread-3 (]: Opening a new connection, currently in state closed
[0m17:36:19.111379 [debug] [Thread-3 (]: On test.northwind_dw.not_null_silver_dim_employees_employee_id.1f3014084d: /* {"app": "dbt", "dbt_version": "1.7.4", "profile_name": "northwind_dw", "target_name": "dev", "node_id": "test.northwind_dw.not_null_silver_dim_employees_employee_id.1f3014084d"} */
select
      count(*) as failures,
      count(*) != 0 as should_warn,
      count(*) != 0 as should_error
    from (
      
    
    



select employee_id
from `portifolio-482811`.`northwind_silver`.`silver_dim_employees`
where employee_id is null



      
    ) dbt_internal_test
[0m17:36:19.338027 [debug] [Thread-4 (]: Timing info for test.northwind_dw.not_null_silver_dim_customers_customer_id.2c5ab665ef (execute): 17:36:17.299258 => 17:36:19.337311
[0m17:36:19.341570 [debug] [Thread-1 (]: Timing info for test.northwind_dw.not_null_bronze_suppliers_supplier_id.af94a66b50 (execute): 17:36:17.228400 => 17:36:19.341046
[0m17:36:19.339938 [info ] [Thread-4 (]: 8 of 22 PASS not_null_silver_dim_customers_customer_id ......................... [[32mPASS[0m in 2.05s]
[0m17:36:19.344980 [info ] [Thread-1 (]: 7 of 22 PASS not_null_bronze_suppliers_supplier_id ............................. [[32mPASS[0m in 2.12s]
[0m17:36:19.347219 [debug] [Thread-4 (]: Finished running node test.northwind_dw.not_null_silver_dim_customers_customer_id.2c5ab665ef
[0m17:36:19.349351 [debug] [Thread-1 (]: Finished running node test.northwind_dw.not_null_bronze_suppliers_supplier_id.af94a66b50
[0m17:36:19.350809 [debug] [Thread-4 (]: Began running node test.northwind_dw.not_null_silver_dim_products_product_id.223ad1b122
[0m17:36:19.352464 [debug] [Thread-1 (]: Began running node test.northwind_dw.not_null_silver_fact_orders_order_id.e48bb6feed
[0m17:36:19.353776 [info ] [Thread-4 (]: 10 of 22 START test not_null_silver_dim_products_product_id .................... [RUN]
[0m17:36:19.354478 [info ] [Thread-1 (]: 11 of 22 START test not_null_silver_fact_orders_order_id ....................... [RUN]
[0m17:36:19.355244 [debug] [Thread-4 (]: Re-using an available connection from the pool (formerly test.northwind_dw.not_null_silver_dim_customers_customer_id.2c5ab665ef, now test.northwind_dw.not_null_silver_dim_products_product_id.223ad1b122)
[0m17:36:19.355899 [debug] [Thread-1 (]: Re-using an available connection from the pool (formerly test.northwind_dw.not_null_bronze_suppliers_supplier_id.af94a66b50, now test.northwind_dw.not_null_silver_fact_orders_order_id.e48bb6feed)
[0m17:36:19.356304 [debug] [Thread-4 (]: Began compiling node test.northwind_dw.not_null_silver_dim_products_product_id.223ad1b122
[0m17:36:19.357239 [debug] [Thread-1 (]: Began compiling node test.northwind_dw.not_null_silver_fact_orders_order_id.e48bb6feed
[0m17:36:19.361069 [debug] [Thread-4 (]: Writing injected SQL for node "test.northwind_dw.not_null_silver_dim_products_product_id.223ad1b122"
[0m17:36:19.364414 [debug] [Thread-1 (]: Writing injected SQL for node "test.northwind_dw.not_null_silver_fact_orders_order_id.e48bb6feed"
[0m17:36:19.365622 [debug] [Thread-4 (]: Timing info for test.northwind_dw.not_null_silver_dim_products_product_id.223ad1b122 (compile): 17:36:19.357669 => 17:36:19.365297
[0m17:36:19.366492 [debug] [Thread-4 (]: Began executing node test.northwind_dw.not_null_silver_dim_products_product_id.223ad1b122
[0m17:36:19.373757 [debug] [Thread-1 (]: Timing info for test.northwind_dw.not_null_silver_fact_orders_order_id.e48bb6feed (compile): 17:36:19.361372 => 17:36:19.372980
[0m17:36:19.374482 [debug] [Thread-1 (]: Began executing node test.northwind_dw.not_null_silver_fact_orders_order_id.e48bb6feed
[0m17:36:19.380110 [debug] [Thread-1 (]: Writing runtime sql for node "test.northwind_dw.not_null_silver_fact_orders_order_id.e48bb6feed"
[0m17:36:19.386409 [debug] [Thread-4 (]: Writing runtime sql for node "test.northwind_dw.not_null_silver_dim_products_product_id.223ad1b122"
[0m17:36:19.388339 [debug] [Thread-2 (]: Timing info for test.northwind_dw.not_null_bronze_shippers_shipper_id.12dd4ad53a (execute): 17:36:17.181343 => 17:36:19.387966
[0m17:36:19.390316 [debug] [Thread-1 (]: Opening a new connection, currently in state closed
[0m17:36:19.389710 [info ] [Thread-2 (]: 6 of 22 PASS not_null_bronze_shippers_shipper_id ............................... [[32mPASS[0m in 2.21s]
[0m17:36:19.391502 [debug] [Thread-4 (]: Opening a new connection, currently in state closed
[0m17:36:19.392331 [debug] [Thread-2 (]: Finished running node test.northwind_dw.not_null_bronze_shippers_shipper_id.12dd4ad53a
[0m17:36:19.393314 [debug] [Thread-2 (]: Began running node test.northwind_dw.not_null_silver_fact_orders_product_id.c60b4af2ac
[0m17:36:19.394899 [info ] [Thread-2 (]: 12 of 22 START test not_null_silver_fact_orders_product_id ..................... [RUN]
[0m17:36:19.395878 [debug] [Thread-2 (]: Re-using an available connection from the pool (formerly test.northwind_dw.not_null_bronze_shippers_shipper_id.12dd4ad53a, now test.northwind_dw.not_null_silver_fact_orders_product_id.c60b4af2ac)
[0m17:36:19.396448 [debug] [Thread-2 (]: Began compiling node test.northwind_dw.not_null_silver_fact_orders_product_id.c60b4af2ac
[0m17:36:19.400873 [debug] [Thread-2 (]: Writing injected SQL for node "test.northwind_dw.not_null_silver_fact_orders_product_id.c60b4af2ac"
[0m17:36:19.401704 [debug] [Thread-2 (]: Timing info for test.northwind_dw.not_null_silver_fact_orders_product_id.c60b4af2ac (compile): 17:36:19.396739 => 17:36:19.401442
[0m17:36:19.402123 [debug] [Thread-2 (]: Began executing node test.northwind_dw.not_null_silver_fact_orders_product_id.c60b4af2ac
[0m17:36:19.404510 [debug] [Thread-2 (]: Writing runtime sql for node "test.northwind_dw.not_null_silver_fact_orders_product_id.c60b4af2ac"
[0m17:36:19.405166 [debug] [Thread-2 (]: Opening a new connection, currently in state closed
[0m17:36:19.432057 [debug] [Thread-1 (]: On test.northwind_dw.not_null_silver_fact_orders_order_id.e48bb6feed: /* {"app": "dbt", "dbt_version": "1.7.4", "profile_name": "northwind_dw", "target_name": "dev", "node_id": "test.northwind_dw.not_null_silver_fact_orders_order_id.e48bb6feed"} */
select
      count(*) as failures,
      count(*) != 0 as should_warn,
      count(*) != 0 as should_error
    from (
      
    
    



select order_id
from `portifolio-482811`.`northwind_silver`.`silver_fact_orders`
where order_id is null



      
    ) dbt_internal_test
[0m17:36:19.435529 [debug] [Thread-4 (]: On test.northwind_dw.not_null_silver_dim_products_product_id.223ad1b122: /* {"app": "dbt", "dbt_version": "1.7.4", "profile_name": "northwind_dw", "target_name": "dev", "node_id": "test.northwind_dw.not_null_silver_dim_products_product_id.223ad1b122"} */
select
      count(*) as failures,
      count(*) != 0 as should_warn,
      count(*) != 0 as should_error
    from (
      
    
    



select product_id
from `portifolio-482811`.`northwind_silver`.`silver_dim_products`
where product_id is null



      
    ) dbt_internal_test
[0m17:36:19.441131 [debug] [Thread-2 (]: On test.northwind_dw.not_null_silver_fact_orders_product_id.c60b4af2ac: /* {"app": "dbt", "dbt_version": "1.7.4", "profile_name": "northwind_dw", "target_name": "dev", "node_id": "test.northwind_dw.not_null_silver_fact_orders_product_id.c60b4af2ac"} */
select
      count(*) as failures,
      count(*) != 0 as should_warn,
      count(*) != 0 as should_error
    from (
      
    
    



select product_id
from `portifolio-482811`.`northwind_silver`.`silver_fact_orders`
where product_id is null



      
    ) dbt_internal_test
[0m17:36:20.702966 [debug] [Thread-4 (]: BigQuery adapter: https://console.cloud.google.com/bigquery?project=portifolio-482811&j=bq:US:4b19b046-8960-45be-8cf6-ea503ebe1b0d&page=queryresults
[0m17:36:20.704574 [debug] [Thread-2 (]: BigQuery adapter: https://console.cloud.google.com/bigquery?project=portifolio-482811&j=bq:US:04b7bc0a-5e24-4bf5-b778-6a928ffbfb51&page=queryresults
[0m17:36:20.705741 [debug] [Thread-1 (]: BigQuery adapter: https://console.cloud.google.com/bigquery?project=portifolio-482811&j=bq:US:c159af2d-31f7-4367-8da9-1ed356c73add&page=queryresults
[0m17:36:20.712350 [debug] [Thread-3 (]: BigQuery adapter: https://console.cloud.google.com/bigquery?project=portifolio-482811&j=bq:US:6dafa0d5-aa49-4cb8-a719-00a701e277f4&page=queryresults
[0m17:36:21.573075 [debug] [Thread-4 (]: Timing info for test.northwind_dw.not_null_silver_dim_products_product_id.223ad1b122 (execute): 17:36:19.366970 => 17:36:21.572275
[0m17:36:21.577864 [debug] [Thread-1 (]: Timing info for test.northwind_dw.not_null_silver_fact_orders_order_id.e48bb6feed (execute): 17:36:19.376093 => 17:36:21.577302
[0m17:36:21.581212 [debug] [Thread-2 (]: Timing info for test.northwind_dw.not_null_silver_fact_orders_product_id.c60b4af2ac (execute): 17:36:19.402361 => 17:36:21.580799
[0m17:36:21.579622 [info ] [Thread-4 (]: 10 of 22 PASS not_null_silver_dim_products_product_id .......................... [[32mPASS[0m in 2.22s]
[0m17:36:21.582744 [info ] [Thread-1 (]: 11 of 22 PASS not_null_silver_fact_orders_order_id ............................. [[32mPASS[0m in 2.23s]
[0m17:36:21.584195 [info ] [Thread-2 (]: 12 of 22 PASS not_null_silver_fact_orders_product_id ........................... [[32mPASS[0m in 2.19s]
[0m17:36:21.585129 [debug] [Thread-4 (]: Finished running node test.northwind_dw.not_null_silver_dim_products_product_id.223ad1b122
[0m17:36:21.585929 [debug] [Thread-1 (]: Finished running node test.northwind_dw.not_null_silver_fact_orders_order_id.e48bb6feed
[0m17:36:21.586699 [debug] [Thread-2 (]: Finished running node test.northwind_dw.not_null_silver_fact_orders_product_id.c60b4af2ac
[0m17:36:21.587359 [debug] [Thread-4 (]: Began running node test.northwind_dw.unique_bronze_categories_category_id.73fe8c9fc1
[0m17:36:21.588118 [debug] [Thread-1 (]: Began running node test.northwind_dw.unique_bronze_customers_customer_id.f8660c11fe
[0m17:36:21.588826 [debug] [Thread-2 (]: Began running node test.northwind_dw.unique_bronze_employees_employee_id.7c9377f0ec
[0m17:36:21.589466 [info ] [Thread-4 (]: 13 of 22 START test unique_bronze_categories_category_id ....................... [RUN]
[0m17:36:21.590058 [info ] [Thread-1 (]: 14 of 22 START test unique_bronze_customers_customer_id ........................ [RUN]
[0m17:36:21.590631 [info ] [Thread-2 (]: 15 of 22 START test unique_bronze_employees_employee_id ........................ [RUN]
[0m17:36:21.591447 [debug] [Thread-4 (]: Re-using an available connection from the pool (formerly test.northwind_dw.not_null_silver_dim_products_product_id.223ad1b122, now test.northwind_dw.unique_bronze_categories_category_id.73fe8c9fc1)
[0m17:36:21.592279 [debug] [Thread-1 (]: Re-using an available connection from the pool (formerly test.northwind_dw.not_null_silver_fact_orders_order_id.e48bb6feed, now test.northwind_dw.unique_bronze_customers_customer_id.f8660c11fe)
[0m17:36:21.593005 [debug] [Thread-2 (]: Re-using an available connection from the pool (formerly test.northwind_dw.not_null_silver_fact_orders_product_id.c60b4af2ac, now test.northwind_dw.unique_bronze_employees_employee_id.7c9377f0ec)
[0m17:36:21.593462 [debug] [Thread-4 (]: Began compiling node test.northwind_dw.unique_bronze_categories_category_id.73fe8c9fc1
[0m17:36:21.593827 [debug] [Thread-1 (]: Began compiling node test.northwind_dw.unique_bronze_customers_customer_id.f8660c11fe
[0m17:36:21.594175 [debug] [Thread-2 (]: Began compiling node test.northwind_dw.unique_bronze_employees_employee_id.7c9377f0ec
[0m17:36:21.598741 [debug] [Thread-4 (]: Writing injected SQL for node "test.northwind_dw.unique_bronze_categories_category_id.73fe8c9fc1"
[0m17:36:21.601508 [debug] [Thread-1 (]: Writing injected SQL for node "test.northwind_dw.unique_bronze_customers_customer_id.f8660c11fe"
[0m17:36:21.604223 [debug] [Thread-2 (]: Writing injected SQL for node "test.northwind_dw.unique_bronze_employees_employee_id.7c9377f0ec"
[0m17:36:21.605124 [debug] [Thread-4 (]: Timing info for test.northwind_dw.unique_bronze_categories_category_id.73fe8c9fc1 (compile): 17:36:21.594409 => 17:36:21.604927
[0m17:36:21.605638 [debug] [Thread-4 (]: Began executing node test.northwind_dw.unique_bronze_categories_category_id.73fe8c9fc1
[0m17:36:21.606057 [debug] [Thread-2 (]: Timing info for test.northwind_dw.unique_bronze_employees_employee_id.7c9377f0ec (compile): 17:36:21.601825 => 17:36:21.605889
[0m17:36:21.606394 [debug] [Thread-1 (]: Timing info for test.northwind_dw.unique_bronze_customers_customer_id.f8660c11fe (compile): 17:36:21.599071 => 17:36:21.606211
[0m17:36:21.608162 [debug] [Thread-4 (]: Writing runtime sql for node "test.northwind_dw.unique_bronze_categories_category_id.73fe8c9fc1"
[0m17:36:21.608822 [debug] [Thread-2 (]: Began executing node test.northwind_dw.unique_bronze_employees_employee_id.7c9377f0ec
[0m17:36:21.609381 [debug] [Thread-1 (]: Began executing node test.northwind_dw.unique_bronze_customers_customer_id.f8660c11fe
[0m17:36:21.609917 [debug] [Thread-4 (]: Opening a new connection, currently in state closed
[0m17:36:21.611552 [debug] [Thread-2 (]: Writing runtime sql for node "test.northwind_dw.unique_bronze_employees_employee_id.7c9377f0ec"
[0m17:36:21.613320 [debug] [Thread-1 (]: Writing runtime sql for node "test.northwind_dw.unique_bronze_customers_customer_id.f8660c11fe"
[0m17:36:21.614347 [debug] [Thread-2 (]: Opening a new connection, currently in state closed
[0m17:36:21.614755 [debug] [Thread-1 (]: Opening a new connection, currently in state closed
[0m17:36:21.641987 [debug] [Thread-3 (]: Timing info for test.northwind_dw.not_null_silver_dim_employees_employee_id.1f3014084d (execute): 17:36:19.079289 => 17:36:21.641745
[0m17:36:21.642758 [info ] [Thread-3 (]: 9 of 22 PASS not_null_silver_dim_employees_employee_id ......................... [[32mPASS[0m in 2.57s]
[0m17:36:21.643319 [debug] [Thread-4 (]: On test.northwind_dw.unique_bronze_categories_category_id.73fe8c9fc1: /* {"app": "dbt", "dbt_version": "1.7.4", "profile_name": "northwind_dw", "target_name": "dev", "node_id": "test.northwind_dw.unique_bronze_categories_category_id.73fe8c9fc1"} */
select
      count(*) as failures,
      count(*) != 0 as should_warn,
      count(*) != 0 as should_error
    from (
      
    
    

with dbt_test__target as (

  select category_id as unique_field
  from `portifolio-482811`.`northwind_bronze`.`bronze_categories`
  where category_id is not null

)

select
    unique_field,
    count(*) as n_records

from dbt_test__target
group by unique_field
having count(*) > 1



      
    ) dbt_internal_test
[0m17:36:21.643812 [debug] [Thread-2 (]: On test.northwind_dw.unique_bronze_employees_employee_id.7c9377f0ec: /* {"app": "dbt", "dbt_version": "1.7.4", "profile_name": "northwind_dw", "target_name": "dev", "node_id": "test.northwind_dw.unique_bronze_employees_employee_id.7c9377f0ec"} */
select
      count(*) as failures,
      count(*) != 0 as should_warn,
      count(*) != 0 as should_error
    from (
      
    
    

with dbt_test__target as (

  select employee_id as unique_field
  from `portifolio-482811`.`northwind_bronze`.`bronze_employees`
  where employee_id is not null

)

select
    unique_field,
    count(*) as n_records

from dbt_test__target
group by unique_field
having count(*) > 1



      
    ) dbt_internal_test
[0m17:36:21.644319 [debug] [Thread-3 (]: Finished running node test.northwind_dw.not_null_silver_dim_employees_employee_id.1f3014084d
[0m17:36:21.645150 [debug] [Thread-1 (]: On test.northwind_dw.unique_bronze_customers_customer_id.f8660c11fe: /* {"app": "dbt", "dbt_version": "1.7.4", "profile_name": "northwind_dw", "target_name": "dev", "node_id": "test.northwind_dw.unique_bronze_customers_customer_id.f8660c11fe"} */
select
      count(*) as failures,
      count(*) != 0 as should_warn,
      count(*) != 0 as should_error
    from (
      
    
    

with dbt_test__target as (

  select customer_id as unique_field
  from `portifolio-482811`.`northwind_bronze`.`bronze_customers`
  where customer_id is not null

)

select
    unique_field,
    count(*) as n_records

from dbt_test__target
group by unique_field
having count(*) > 1



      
    ) dbt_internal_test
[0m17:36:21.646057 [debug] [Thread-3 (]: Began running node test.northwind_dw.unique_bronze_orders_order_id.eec6e86d13
[0m17:36:21.646925 [info ] [Thread-3 (]: 16 of 22 START test unique_bronze_orders_order_id .............................. [RUN]
[0m17:36:21.648886 [debug] [Thread-3 (]: Re-using an available connection from the pool (formerly test.northwind_dw.not_null_silver_dim_employees_employee_id.1f3014084d, now test.northwind_dw.unique_bronze_orders_order_id.eec6e86d13)
[0m17:36:21.649193 [debug] [Thread-3 (]: Began compiling node test.northwind_dw.unique_bronze_orders_order_id.eec6e86d13
[0m17:36:21.658201 [debug] [Thread-3 (]: Writing injected SQL for node "test.northwind_dw.unique_bronze_orders_order_id.eec6e86d13"
[0m17:36:21.658954 [debug] [Thread-3 (]: Timing info for test.northwind_dw.unique_bronze_orders_order_id.eec6e86d13 (compile): 17:36:21.649380 => 17:36:21.658735
[0m17:36:21.659265 [debug] [Thread-3 (]: Began executing node test.northwind_dw.unique_bronze_orders_order_id.eec6e86d13
[0m17:36:21.757129 [debug] [Thread-3 (]: Writing runtime sql for node "test.northwind_dw.unique_bronze_orders_order_id.eec6e86d13"
[0m17:36:21.757702 [debug] [Thread-3 (]: Opening a new connection, currently in state closed
[0m17:36:21.786172 [debug] [Thread-3 (]: On test.northwind_dw.unique_bronze_orders_order_id.eec6e86d13: /* {"app": "dbt", "dbt_version": "1.7.4", "profile_name": "northwind_dw", "target_name": "dev", "node_id": "test.northwind_dw.unique_bronze_orders_order_id.eec6e86d13"} */
select
      count(*) as failures,
      count(*) != 0 as should_warn,
      count(*) != 0 as should_error
    from (
      
    
    

with dbt_test__target as (

  select order_id as unique_field
  from `portifolio-482811`.`northwind_bronze`.`bronze_orders`
  where order_id is not null

)

select
    unique_field,
    count(*) as n_records

from dbt_test__target
group by unique_field
having count(*) > 1



      
    ) dbt_internal_test
[0m17:36:22.837651 [debug] [Thread-2 (]: BigQuery adapter: https://console.cloud.google.com/bigquery?project=portifolio-482811&j=bq:US:23497d91-eb61-443a-8d37-49fdcb15018d&page=queryresults
[0m17:36:22.898234 [debug] [Thread-1 (]: BigQuery adapter: https://console.cloud.google.com/bigquery?project=portifolio-482811&j=bq:US:d666ff74-f80f-40d9-badb-814e1b48b67e&page=queryresults
[0m17:36:22.903873 [debug] [Thread-4 (]: BigQuery adapter: https://console.cloud.google.com/bigquery?project=portifolio-482811&j=bq:US:c7dd6937-0644-4b02-9655-7a8677a894d5&page=queryresults
[0m17:36:22.914216 [debug] [Thread-3 (]: BigQuery adapter: https://console.cloud.google.com/bigquery?project=portifolio-482811&j=bq:US:ea6589da-248b-481d-97c2-0799d65aa3c3&page=queryresults
[0m17:36:23.630945 [debug] [Thread-2 (]: Timing info for test.northwind_dw.unique_bronze_employees_employee_id.7c9377f0ec (execute): 17:36:21.610145 => 17:36:23.630700
[0m17:36:23.631640 [info ] [Thread-2 (]: 15 of 22 PASS unique_bronze_employees_employee_id .............................. [[32mPASS[0m in 2.04s]
[0m17:36:23.632169 [debug] [Thread-2 (]: Finished running node test.northwind_dw.unique_bronze_employees_employee_id.7c9377f0ec
[0m17:36:23.632508 [debug] [Thread-2 (]: Began running node test.northwind_dw.unique_bronze_products_product_id.c17035ba1c
[0m17:36:23.632821 [info ] [Thread-2 (]: 17 of 22 START test unique_bronze_products_product_id .......................... [RUN]
[0m17:36:23.633366 [debug] [Thread-2 (]: Re-using an available connection from the pool (formerly test.northwind_dw.unique_bronze_employees_employee_id.7c9377f0ec, now test.northwind_dw.unique_bronze_products_product_id.c17035ba1c)
[0m17:36:23.634591 [debug] [Thread-2 (]: Began compiling node test.northwind_dw.unique_bronze_products_product_id.c17035ba1c
[0m17:36:23.639554 [debug] [Thread-2 (]: Writing injected SQL for node "test.northwind_dw.unique_bronze_products_product_id.c17035ba1c"
[0m17:36:23.640141 [debug] [Thread-2 (]: Timing info for test.northwind_dw.unique_bronze_products_product_id.c17035ba1c (compile): 17:36:23.635289 => 17:36:23.639935
[0m17:36:23.640471 [debug] [Thread-2 (]: Began executing node test.northwind_dw.unique_bronze_products_product_id.c17035ba1c
[0m17:36:23.642080 [debug] [Thread-2 (]: Writing runtime sql for node "test.northwind_dw.unique_bronze_products_product_id.c17035ba1c"
[0m17:36:23.642526 [debug] [Thread-2 (]: Opening a new connection, currently in state closed
[0m17:36:23.675253 [debug] [Thread-1 (]: Timing info for test.northwind_dw.unique_bronze_customers_customer_id.f8660c11fe (execute): 17:36:21.611819 => 17:36:23.674966
[0m17:36:23.676044 [info ] [Thread-1 (]: 14 of 22 PASS unique_bronze_customers_customer_id .............................. [[32mPASS[0m in 2.08s]
[0m17:36:23.676524 [debug] [Thread-1 (]: Finished running node test.northwind_dw.unique_bronze_customers_customer_id.f8660c11fe
[0m17:36:23.676852 [debug] [Thread-1 (]: Began running node test.northwind_dw.unique_bronze_shippers_shipper_id.16aac97069
[0m17:36:23.677296 [info ] [Thread-1 (]: 18 of 22 START test unique_bronze_shippers_shipper_id .......................... [RUN]
[0m17:36:23.677893 [debug] [Thread-1 (]: Re-using an available connection from the pool (formerly test.northwind_dw.unique_bronze_customers_customer_id.f8660c11fe, now test.northwind_dw.unique_bronze_shippers_shipper_id.16aac97069)
[0m17:36:23.678197 [debug] [Thread-1 (]: Began compiling node test.northwind_dw.unique_bronze_shippers_shipper_id.16aac97069
[0m17:36:23.681064 [debug] [Thread-1 (]: Writing injected SQL for node "test.northwind_dw.unique_bronze_shippers_shipper_id.16aac97069"
[0m17:36:23.681589 [debug] [Thread-2 (]: On test.northwind_dw.unique_bronze_products_product_id.c17035ba1c: /* {"app": "dbt", "dbt_version": "1.7.4", "profile_name": "northwind_dw", "target_name": "dev", "node_id": "test.northwind_dw.unique_bronze_products_product_id.c17035ba1c"} */
select
      count(*) as failures,
      count(*) != 0 as should_warn,
      count(*) != 0 as should_error
    from (
      
    
    

with dbt_test__target as (

  select product_id as unique_field
  from `portifolio-482811`.`northwind_bronze`.`bronze_products`
  where product_id is not null

)

select
    unique_field,
    count(*) as n_records

from dbt_test__target
group by unique_field
having count(*) > 1



      
    ) dbt_internal_test
[0m17:36:23.682476 [debug] [Thread-1 (]: Timing info for test.northwind_dw.unique_bronze_shippers_shipper_id.16aac97069 (compile): 17:36:23.678373 => 17:36:23.682265
[0m17:36:23.682792 [debug] [Thread-1 (]: Began executing node test.northwind_dw.unique_bronze_shippers_shipper_id.16aac97069
[0m17:36:23.684568 [debug] [Thread-1 (]: Writing runtime sql for node "test.northwind_dw.unique_bronze_shippers_shipper_id.16aac97069"
[0m17:36:23.685839 [debug] [Thread-1 (]: Opening a new connection, currently in state closed
[0m17:36:23.705805 [debug] [Thread-3 (]: Timing info for test.northwind_dw.unique_bronze_orders_order_id.eec6e86d13 (execute): 17:36:21.659462 => 17:36:23.705506
[0m17:36:23.706693 [info ] [Thread-3 (]: 16 of 22 PASS unique_bronze_orders_order_id .................................... [[32mPASS[0m in 2.06s]
[0m17:36:23.707329 [debug] [Thread-3 (]: Finished running node test.northwind_dw.unique_bronze_orders_order_id.eec6e86d13
[0m17:36:23.707754 [debug] [Thread-3 (]: Began running node test.northwind_dw.unique_bronze_suppliers_supplier_id.5dde350bab
[0m17:36:23.708244 [info ] [Thread-3 (]: 19 of 22 START test unique_bronze_suppliers_supplier_id ........................ [RUN]
[0m17:36:23.708942 [debug] [Thread-3 (]: Re-using an available connection from the pool (formerly test.northwind_dw.unique_bronze_orders_order_id.eec6e86d13, now test.northwind_dw.unique_bronze_suppliers_supplier_id.5dde350bab)
[0m17:36:23.709296 [debug] [Thread-3 (]: Began compiling node test.northwind_dw.unique_bronze_suppliers_supplier_id.5dde350bab
[0m17:36:23.712853 [debug] [Thread-3 (]: Writing injected SQL for node "test.northwind_dw.unique_bronze_suppliers_supplier_id.5dde350bab"
[0m17:36:23.713629 [debug] [Thread-3 (]: Timing info for test.northwind_dw.unique_bronze_suppliers_supplier_id.5dde350bab (compile): 17:36:23.709508 => 17:36:23.713399
[0m17:36:23.713995 [debug] [Thread-3 (]: Began executing node test.northwind_dw.unique_bronze_suppliers_supplier_id.5dde350bab
[0m17:36:23.715947 [debug] [Thread-3 (]: Writing runtime sql for node "test.northwind_dw.unique_bronze_suppliers_supplier_id.5dde350bab"
[0m17:36:23.716590 [debug] [Thread-3 (]: Opening a new connection, currently in state closed
[0m17:36:23.722761 [debug] [Thread-1 (]: On test.northwind_dw.unique_bronze_shippers_shipper_id.16aac97069: /* {"app": "dbt", "dbt_version": "1.7.4", "profile_name": "northwind_dw", "target_name": "dev", "node_id": "test.northwind_dw.unique_bronze_shippers_shipper_id.16aac97069"} */
select
      count(*) as failures,
      count(*) != 0 as should_warn,
      count(*) != 0 as should_error
    from (
      
    
    

with dbt_test__target as (

  select shipper_id as unique_field
  from `portifolio-482811`.`northwind_bronze`.`bronze_shippers`
  where shipper_id is not null

)

select
    unique_field,
    count(*) as n_records

from dbt_test__target
group by unique_field
having count(*) > 1



      
    ) dbt_internal_test
[0m17:36:23.729740 [debug] [Thread-4 (]: Timing info for test.northwind_dw.unique_bronze_categories_category_id.73fe8c9fc1 (execute): 17:36:21.606618 => 17:36:23.729425
[0m17:36:23.730627 [info ] [Thread-4 (]: 13 of 22 PASS unique_bronze_categories_category_id ............................. [[32mPASS[0m in 2.14s]
[0m17:36:23.731238 [debug] [Thread-4 (]: Finished running node test.northwind_dw.unique_bronze_categories_category_id.73fe8c9fc1
[0m17:36:23.731662 [debug] [Thread-4 (]: Began running node test.northwind_dw.unique_silver_dim_customers_customer_id.1db70683c6
[0m17:36:23.732199 [info ] [Thread-4 (]: 20 of 22 START test unique_silver_dim_customers_customer_id .................... [RUN]
[0m17:36:23.732943 [debug] [Thread-4 (]: Re-using an available connection from the pool (formerly test.northwind_dw.unique_bronze_categories_category_id.73fe8c9fc1, now test.northwind_dw.unique_silver_dim_customers_customer_id.1db70683c6)
[0m17:36:23.733362 [debug] [Thread-4 (]: Began compiling node test.northwind_dw.unique_silver_dim_customers_customer_id.1db70683c6
[0m17:36:23.736665 [debug] [Thread-4 (]: Writing injected SQL for node "test.northwind_dw.unique_silver_dim_customers_customer_id.1db70683c6"
[0m17:36:23.737256 [debug] [Thread-4 (]: Timing info for test.northwind_dw.unique_silver_dim_customers_customer_id.1db70683c6 (compile): 17:36:23.733602 => 17:36:23.737058
[0m17:36:23.737592 [debug] [Thread-4 (]: Began executing node test.northwind_dw.unique_silver_dim_customers_customer_id.1db70683c6
[0m17:36:23.742864 [debug] [Thread-4 (]: Writing runtime sql for node "test.northwind_dw.unique_silver_dim_customers_customer_id.1db70683c6"
[0m17:36:23.743620 [debug] [Thread-4 (]: Opening a new connection, currently in state closed
[0m17:36:23.759808 [debug] [Thread-3 (]: On test.northwind_dw.unique_bronze_suppliers_supplier_id.5dde350bab: /* {"app": "dbt", "dbt_version": "1.7.4", "profile_name": "northwind_dw", "target_name": "dev", "node_id": "test.northwind_dw.unique_bronze_suppliers_supplier_id.5dde350bab"} */
select
      count(*) as failures,
      count(*) != 0 as should_warn,
      count(*) != 0 as should_error
    from (
      
    
    

with dbt_test__target as (

  select supplier_id as unique_field
  from `portifolio-482811`.`northwind_bronze`.`bronze_suppliers`
  where supplier_id is not null

)

select
    unique_field,
    count(*) as n_records

from dbt_test__target
group by unique_field
having count(*) > 1



      
    ) dbt_internal_test
[0m17:36:23.791157 [debug] [Thread-4 (]: On test.northwind_dw.unique_silver_dim_customers_customer_id.1db70683c6: /* {"app": "dbt", "dbt_version": "1.7.4", "profile_name": "northwind_dw", "target_name": "dev", "node_id": "test.northwind_dw.unique_silver_dim_customers_customer_id.1db70683c6"} */
select
      count(*) as failures,
      count(*) != 0 as should_warn,
      count(*) != 0 as should_error
    from (
      
    
    

with dbt_test__target as (

  select customer_id as unique_field
  from `portifolio-482811`.`northwind_silver`.`silver_dim_customers`
  where customer_id is not null

)

select
    unique_field,
    count(*) as n_records

from dbt_test__target
group by unique_field
having count(*) > 1



      
    ) dbt_internal_test
[0m17:36:24.749844 [debug] [Thread-4 (]: BigQuery adapter: https://console.cloud.google.com/bigquery?project=portifolio-482811&j=bq:US:3fbfe5ab-4d63-427c-84c6-e045ab3bdae2&page=queryresults
[0m17:36:24.760962 [debug] [Thread-2 (]: BigQuery adapter: https://console.cloud.google.com/bigquery?project=portifolio-482811&j=bq:US:bbd907a8-7b4e-4ee7-8cb3-026226ef0393&page=queryresults
[0m17:36:24.796210 [debug] [Thread-3 (]: BigQuery adapter: https://console.cloud.google.com/bigquery?project=portifolio-482811&j=bq:US:ff8fc4e8-1a77-4c9b-aea9-7bc807049dd1&page=queryresults
[0m17:36:24.945554 [debug] [Thread-1 (]: BigQuery adapter: https://console.cloud.google.com/bigquery?project=portifolio-482811&j=bq:US:fedc9d27-e418-477a-8c84-bf1aec676a00&page=queryresults
[0m17:36:25.553956 [debug] [Thread-2 (]: Timing info for test.northwind_dw.unique_bronze_products_product_id.c17035ba1c (execute): 17:36:23.640642 => 17:36:25.553232
[0m17:36:25.555572 [info ] [Thread-2 (]: 17 of 22 PASS unique_bronze_products_product_id ................................ [[32mPASS[0m in 1.92s]
[0m17:36:25.556699 [debug] [Thread-2 (]: Finished running node test.northwind_dw.unique_bronze_products_product_id.c17035ba1c
[0m17:36:25.557441 [debug] [Thread-2 (]: Began running node test.northwind_dw.unique_silver_dim_employees_employee_id.dc831d0e51
[0m17:36:25.558360 [info ] [Thread-2 (]: 21 of 22 START test unique_silver_dim_employees_employee_id .................... [RUN]
[0m17:36:25.559402 [debug] [Thread-2 (]: Re-using an available connection from the pool (formerly test.northwind_dw.unique_bronze_products_product_id.c17035ba1c, now test.northwind_dw.unique_silver_dim_employees_employee_id.dc831d0e51)
[0m17:36:25.559934 [debug] [Thread-2 (]: Began compiling node test.northwind_dw.unique_silver_dim_employees_employee_id.dc831d0e51
[0m17:36:25.564065 [debug] [Thread-2 (]: Writing injected SQL for node "test.northwind_dw.unique_silver_dim_employees_employee_id.dc831d0e51"
[0m17:36:25.564716 [debug] [Thread-2 (]: Timing info for test.northwind_dw.unique_silver_dim_employees_employee_id.dc831d0e51 (compile): 17:36:25.560248 => 17:36:25.564506
[0m17:36:25.565080 [debug] [Thread-2 (]: Began executing node test.northwind_dw.unique_silver_dim_employees_employee_id.dc831d0e51
[0m17:36:25.566953 [debug] [Thread-2 (]: Writing runtime sql for node "test.northwind_dw.unique_silver_dim_employees_employee_id.dc831d0e51"
[0m17:36:25.568379 [debug] [Thread-3 (]: Timing info for test.northwind_dw.unique_bronze_suppliers_supplier_id.5dde350bab (execute): 17:36:23.714210 => 17:36:25.568206
[0m17:36:25.569284 [debug] [Thread-2 (]: Opening a new connection, currently in state closed
[0m17:36:25.568984 [info ] [Thread-3 (]: 19 of 22 PASS unique_bronze_suppliers_supplier_id .............................. [[32mPASS[0m in 1.86s]
[0m17:36:25.570132 [debug] [Thread-3 (]: Finished running node test.northwind_dw.unique_bronze_suppliers_supplier_id.5dde350bab
[0m17:36:25.570505 [debug] [Thread-3 (]: Began running node test.northwind_dw.unique_silver_dim_products_product_id.1cca5c8850
[0m17:36:25.570944 [info ] [Thread-3 (]: 22 of 22 START test unique_silver_dim_products_product_id ...................... [RUN]
[0m17:36:25.571459 [debug] [Thread-3 (]: Re-using an available connection from the pool (formerly test.northwind_dw.unique_bronze_suppliers_supplier_id.5dde350bab, now test.northwind_dw.unique_silver_dim_products_product_id.1cca5c8850)
[0m17:36:25.571714 [debug] [Thread-3 (]: Began compiling node test.northwind_dw.unique_silver_dim_products_product_id.1cca5c8850
[0m17:36:25.574405 [debug] [Thread-3 (]: Writing injected SQL for node "test.northwind_dw.unique_silver_dim_products_product_id.1cca5c8850"
[0m17:36:25.574878 [debug] [Thread-3 (]: Timing info for test.northwind_dw.unique_silver_dim_products_product_id.1cca5c8850 (compile): 17:36:25.571925 => 17:36:25.574700
[0m17:36:25.575147 [debug] [Thread-3 (]: Began executing node test.northwind_dw.unique_silver_dim_products_product_id.1cca5c8850
[0m17:36:25.576720 [debug] [Thread-3 (]: Writing runtime sql for node "test.northwind_dw.unique_silver_dim_products_product_id.1cca5c8850"
[0m17:36:25.577151 [debug] [Thread-3 (]: Opening a new connection, currently in state closed
[0m17:36:25.598939 [debug] [Thread-2 (]: On test.northwind_dw.unique_silver_dim_employees_employee_id.dc831d0e51: /* {"app": "dbt", "dbt_version": "1.7.4", "profile_name": "northwind_dw", "target_name": "dev", "node_id": "test.northwind_dw.unique_silver_dim_employees_employee_id.dc831d0e51"} */
select
      count(*) as failures,
      count(*) != 0 as should_warn,
      count(*) != 0 as should_error
    from (
      
    
    

with dbt_test__target as (

  select employee_id as unique_field
  from `portifolio-482811`.`northwind_silver`.`silver_dim_employees`
  where employee_id is not null

)

select
    unique_field,
    count(*) as n_records

from dbt_test__target
group by unique_field
having count(*) > 1



      
    ) dbt_internal_test
[0m17:36:25.605936 [debug] [Thread-3 (]: On test.northwind_dw.unique_silver_dim_products_product_id.1cca5c8850: /* {"app": "dbt", "dbt_version": "1.7.4", "profile_name": "northwind_dw", "target_name": "dev", "node_id": "test.northwind_dw.unique_silver_dim_products_product_id.1cca5c8850"} */
select
      count(*) as failures,
      count(*) != 0 as should_warn,
      count(*) != 0 as should_error
    from (
      
    
    

with dbt_test__target as (

  select product_id as unique_field
  from `portifolio-482811`.`northwind_silver`.`silver_dim_products`
  where product_id is not null

)

select
    unique_field,
    count(*) as n_records

from dbt_test__target
group by unique_field
having count(*) > 1



      
    ) dbt_internal_test
[0m17:36:25.640815 [debug] [Thread-4 (]: Timing info for test.northwind_dw.unique_silver_dim_customers_customer_id.1db70683c6 (execute): 17:36:23.737789 => 17:36:25.640411
[0m17:36:25.642702 [info ] [Thread-4 (]: 20 of 22 PASS unique_silver_dim_customers_customer_id .......................... [[32mPASS[0m in 1.91s]
[0m17:36:25.643214 [debug] [Thread-4 (]: Finished running node test.northwind_dw.unique_silver_dim_customers_customer_id.1db70683c6
[0m17:36:25.781581 [debug] [Thread-1 (]: Timing info for test.northwind_dw.unique_bronze_shippers_shipper_id.16aac97069 (execute): 17:36:23.683142 => 17:36:25.781263
[0m17:36:25.782969 [info ] [Thread-1 (]: 18 of 22 PASS unique_bronze_shippers_shipper_id ................................ [[32mPASS[0m in 2.10s]
[0m17:36:25.783706 [debug] [Thread-1 (]: Finished running node test.northwind_dw.unique_bronze_shippers_shipper_id.16aac97069
[0m17:36:26.890924 [debug] [Thread-3 (]: BigQuery adapter: https://console.cloud.google.com/bigquery?project=portifolio-482811&j=bq:US:c47160e5-bab1-46a2-a52f-3666190a11c7&page=queryresults
[0m17:36:26.893382 [debug] [Thread-2 (]: BigQuery adapter: https://console.cloud.google.com/bigquery?project=portifolio-482811&j=bq:US:19de6cd4-a0a8-46b8-a7c2-5de93f2ab7a8&page=queryresults
[0m17:36:27.672996 [debug] [Thread-3 (]: Timing info for test.northwind_dw.unique_silver_dim_products_product_id.1cca5c8850 (execute): 17:36:25.575305 => 17:36:27.672260
[0m17:36:27.675079 [info ] [Thread-3 (]: 22 of 22 PASS unique_silver_dim_products_product_id ............................ [[32mPASS[0m in 2.10s]
[0m17:36:27.676564 [debug] [Thread-3 (]: Finished running node test.northwind_dw.unique_silver_dim_products_product_id.1cca5c8850
[0m17:36:27.692328 [debug] [Thread-2 (]: Timing info for test.northwind_dw.unique_silver_dim_employees_employee_id.dc831d0e51 (execute): 17:36:25.565292 => 17:36:27.691684
[0m17:36:27.693823 [info ] [Thread-2 (]: 21 of 22 PASS unique_silver_dim_employees_employee_id .......................... [[32mPASS[0m in 2.13s]
[0m17:36:27.694828 [debug] [Thread-2 (]: Finished running node test.northwind_dw.unique_silver_dim_employees_employee_id.dc831d0e51
[0m17:36:27.697874 [debug] [MainThread]: Connection 'master' was properly closed.
[0m17:36:27.698283 [debug] [MainThread]: Connection 'test.northwind_dw.unique_bronze_shippers_shipper_id.16aac97069' was properly closed.
[0m17:36:27.698616 [debug] [MainThread]: Connection 'test.northwind_dw.unique_silver_dim_products_product_id.1cca5c8850' was properly closed.
[0m17:36:27.698926 [debug] [MainThread]: Connection 'test.northwind_dw.unique_silver_dim_employees_employee_id.dc831d0e51' was properly closed.
[0m17:36:27.699185 [debug] [MainThread]: Connection 'test.northwind_dw.unique_silver_dim_customers_customer_id.1db70683c6' was properly closed.
[0m17:36:27.699500 [info ] [MainThread]: 
[0m17:36:27.699838 [info ] [MainThread]: Finished running 22 tests in 0 hours 0 minutes and 13.64 seconds (13.64s).
[0m17:36:27.701996 [debug] [MainThread]: Command end result
[0m17:36:27.718188 [info ] [MainThread]: 
[0m17:36:27.718605 [info ] [MainThread]: [32mCompleted successfully[0m
[0m17:36:27.718914 [info ] [MainThread]: 
[0m17:36:27.719279 [info ] [MainThread]: Done. PASS=22 WARN=0 ERROR=0 SKIP=0 TOTAL=22
[0m17:36:27.720006 [debug] [MainThread]: Resource report: {"command_name": "test", "command_success": true, "command_wall_clock_time": 14.471177, "process_user_time": 5.970353, "process_kernel_time": 1.549293, "process_mem_max_rss": "243700", "process_out_blocks": "3248", "process_in_blocks": "0"}
[0m17:36:27.720392 [debug] [MainThread]: Command `dbt test` succeeded at 17:36:27.720297 after 14.47 seconds
[0m17:36:27.720673 [debug] [MainThread]: Sending event: {'category': 'dbt', 'action': 'invocation', 'label': 'end', 'context': [<snowplow_tracker.self_describing_json.SelfDescribingJson object at 0x711de9db2950>, <snowplow_tracker.self_describing_json.SelfDescribingJson object at 0x711dea173ed0>, <snowplow_tracker.self_describing_json.SelfDescribingJson object at 0x711dee4fb4d0>]}
[0m17:36:27.721003 [debug] [MainThread]: Flushing usage events
[0m17:36:39.215556 [debug] [MainThread]: Sending event: {'category': 'dbt', 'action': 'invocation', 'label': 'start', 'context': [<snowplow_tracker.self_describing_json.SelfDescribingJson object at 0x769db166c1d0>, <snowplow_tracker.self_describing_json.SelfDescribingJson object at 0x769daf173290>, <snowplow_tracker.self_describing_json.SelfDescribingJson object at 0x769dae16b050>]}


============================== 17:36:39.219609 | c3f533ca-24cd-46e8-a8f1-fa321c8d6bc7 ==============================
[0m17:36:39.219609 [info ] [MainThread]: Running with dbt=1.7.4
[0m17:36:39.220021 [debug] [MainThread]: running dbt with arguments {'printer_width': '80', 'indirect_selection': 'eager', 'log_cache_events': 'False', 'write_json': 'True', 'partial_parse': 'True', 'cache_selected_only': 'False', 'profiles_dir': '/opt/airflow/dbt', 'fail_fast': 'False', 'debug': 'False', 'log_path': '/opt/airflow/dbt/northwind_dw/logs', 'version_check': 'True', 'warn_error': 'None', 'use_colors': 'True', 'use_experimental_parser': 'False', 'no_print': 'None', 'quiet': 'False', 'warn_error_options': 'WarnErrorOptions(include=[], exclude=[])', 'introspect': 'True', 'invocation_command': 'dbt docs generate --profiles-dir /opt/airflow/dbt', 'log_format': 'default', 'target_path': 'None', 'static_parser': 'True', 'send_anonymous_usage_stats': 'True'}
[0m17:36:39.887027 [debug] [MainThread]: Sending event: {'category': 'dbt', 'action': 'project_id', 'label': 'c3f533ca-24cd-46e8-a8f1-fa321c8d6bc7', 'context': [<snowplow_tracker.self_describing_json.SelfDescribingJson object at 0x769d6e255510>]}
[0m17:36:39.945130 [debug] [MainThread]: Sending event: {'category': 'dbt', 'action': 'adapter_info', 'label': 'c3f533ca-24cd-46e8-a8f1-fa321c8d6bc7', 'context': [<snowplow_tracker.self_describing_json.SelfDescribingJson object at 0x769dadd9b510>]}
[0m17:36:39.945793 [info ] [MainThread]: Registered adapter: bigquery=1.7.2
[0m17:36:39.953508 [debug] [MainThread]: checksum: 248e8aba381ba2d577dce7ab50d2010c2aac45d2b27e6e6214cdd96d2d41fabc, vars: {}, profile: , target: , version: 1.7.4
[0m17:36:39.978086 [debug] [MainThread]: Partial parsing enabled: 0 files deleted, 0 files added, 0 files changed.
[0m17:36:39.978459 [debug] [MainThread]: Partial parsing enabled, no changes found, skipping parsing
[0m17:36:39.982762 [debug] [MainThread]: Sending event: {'category': 'dbt', 'action': 'load_project', 'label': 'c3f533ca-24cd-46e8-a8f1-fa321c8d6bc7', 'context': [<snowplow_tracker.self_describing_json.SelfDescribingJson object at 0x769d6df02c10>]}
[0m17:36:39.985514 [debug] [MainThread]: Sending event: {'category': 'dbt', 'action': 'resource_counts', 'label': 'c3f533ca-24cd-46e8-a8f1-fa321c8d6bc7', 'context': [<snowplow_tracker.self_describing_json.SelfDescribingJson object at 0x769d6e0ef290>]}
[0m17:36:39.985878 [info ] [MainThread]: Found 15 models, 22 tests, 8 sources, 0 exposures, 0 metrics, 562 macros, 0 groups, 0 semantic models
[0m17:36:39.986208 [debug] [MainThread]: Sending event: {'category': 'dbt', 'action': 'runnable_timing', 'label': 'c3f533ca-24cd-46e8-a8f1-fa321c8d6bc7', 'context': [<snowplow_tracker.self_describing_json.SelfDescribingJson object at 0x769d6e6fc490>]}
[0m17:36:39.988340 [info ] [MainThread]: 
[0m17:36:39.989154 [debug] [MainThread]: Acquiring new bigquery connection 'master'
[0m17:36:39.990346 [debug] [ThreadPool]: Acquiring new bigquery connection 'list_portifolio-482811_gold'
[0m17:36:39.990638 [debug] [ThreadPool]: Opening a new connection, currently in state init
[0m17:36:39.992290 [debug] [ThreadPool]: Acquiring new bigquery connection 'list_portifolio-482811_northwind_bronze'
[0m17:36:39.992662 [debug] [ThreadPool]: Opening a new connection, currently in state init
[0m17:36:39.993670 [debug] [ThreadPool]: Acquiring new bigquery connection 'list_portifolio-482811_northwind_silver'
[0m17:36:39.994219 [debug] [ThreadPool]: Opening a new connection, currently in state init
[0m17:36:40.929701 [debug] [MainThread]: Sending event: {'category': 'dbt', 'action': 'runnable_timing', 'label': 'c3f533ca-24cd-46e8-a8f1-fa321c8d6bc7', 'context': [<snowplow_tracker.self_describing_json.SelfDescribingJson object at 0x769d6e5349d0>]}
[0m17:36:40.930980 [info ] [MainThread]: Concurrency: 4 threads (target='dev')
[0m17:36:40.931593 [info ] [MainThread]: 
[0m17:36:40.943304 [debug] [Thread-1 (]: Began running node model.northwind_dw.bronze_categories
[0m17:36:40.944053 [debug] [Thread-2 (]: Began running node model.northwind_dw.bronze_customers
[0m17:36:40.945293 [debug] [Thread-1 (]: Re-using an available connection from the pool (formerly list_portifolio-482811_northwind_silver, now model.northwind_dw.bronze_categories)
[0m17:36:40.946041 [debug] [Thread-3 (]: Began running node model.northwind_dw.bronze_employees
[0m17:36:40.946623 [debug] [Thread-4 (]: Began running node model.northwind_dw.bronze_order_details
[0m17:36:40.947446 [debug] [Thread-2 (]: Re-using an available connection from the pool (formerly list_portifolio-482811_northwind_bronze, now model.northwind_dw.bronze_customers)
[0m17:36:40.947972 [debug] [Thread-1 (]: Began compiling node model.northwind_dw.bronze_categories
[0m17:36:40.948690 [debug] [Thread-3 (]: Re-using an available connection from the pool (formerly list_portifolio-482811_gold, now model.northwind_dw.bronze_employees)
[0m17:36:40.949574 [debug] [Thread-4 (]: Acquiring new bigquery connection 'model.northwind_dw.bronze_order_details'
[0m17:36:40.950053 [debug] [Thread-2 (]: Began compiling node model.northwind_dw.bronze_customers
[0m17:36:40.956963 [debug] [Thread-3 (]: Began compiling node model.northwind_dw.bronze_employees
[0m17:36:40.958459 [debug] [Thread-4 (]: Began compiling node model.northwind_dw.bronze_order_details
[0m17:36:40.961877 [debug] [Thread-2 (]: Writing injected SQL for node "model.northwind_dw.bronze_customers"
[0m17:36:40.964225 [debug] [Thread-1 (]: Writing injected SQL for node "model.northwind_dw.bronze_categories"
[0m17:36:40.966231 [debug] [Thread-3 (]: Writing injected SQL for node "model.northwind_dw.bronze_employees"
[0m17:36:40.968191 [debug] [Thread-4 (]: Writing injected SQL for node "model.northwind_dw.bronze_order_details"
[0m17:36:40.969008 [debug] [Thread-2 (]: Timing info for model.northwind_dw.bronze_customers (compile): 17:36:40.959422 => 17:36:40.968817
[0m17:36:40.969665 [debug] [Thread-1 (]: Timing info for model.northwind_dw.bronze_categories (compile): 17:36:40.950367 => 17:36:40.969479
[0m17:36:40.970210 [debug] [Thread-3 (]: Timing info for model.northwind_dw.bronze_employees (compile): 17:36:40.964502 => 17:36:40.970016
[0m17:36:40.970679 [debug] [Thread-2 (]: Began executing node model.northwind_dw.bronze_customers
[0m17:36:40.971081 [debug] [Thread-4 (]: Timing info for model.northwind_dw.bronze_order_details (compile): 17:36:40.966527 => 17:36:40.970893
[0m17:36:40.971408 [debug] [Thread-1 (]: Began executing node model.northwind_dw.bronze_categories
[0m17:36:40.971766 [debug] [Thread-3 (]: Began executing node model.northwind_dw.bronze_employees
[0m17:36:40.972158 [debug] [Thread-2 (]: Timing info for model.northwind_dw.bronze_customers (execute): 17:36:40.971994 => 17:36:40.972009
[0m17:36:40.972461 [debug] [Thread-4 (]: Began executing node model.northwind_dw.bronze_order_details
[0m17:36:40.972837 [debug] [Thread-1 (]: Timing info for model.northwind_dw.bronze_categories (execute): 17:36:40.972671 => 17:36:40.972679
[0m17:36:40.973219 [debug] [Thread-3 (]: Timing info for model.northwind_dw.bronze_employees (execute): 17:36:40.973050 => 17:36:40.973057
[0m17:36:40.973931 [debug] [Thread-2 (]: Finished running node model.northwind_dw.bronze_customers
[0m17:36:40.974298 [debug] [Thread-4 (]: Timing info for model.northwind_dw.bronze_order_details (execute): 17:36:40.974142 => 17:36:40.974149
[0m17:36:40.975020 [debug] [Thread-1 (]: Finished running node model.northwind_dw.bronze_categories
[0m17:36:40.975704 [debug] [Thread-3 (]: Finished running node model.northwind_dw.bronze_employees
[0m17:36:40.976144 [debug] [Thread-2 (]: Began running node model.northwind_dw.bronze_orders
[0m17:36:40.977006 [debug] [Thread-4 (]: Finished running node model.northwind_dw.bronze_order_details
[0m17:36:40.977424 [debug] [Thread-1 (]: Began running node model.northwind_dw.bronze_products
[0m17:36:40.977879 [debug] [Thread-3 (]: Began running node model.northwind_dw.bronze_shippers
[0m17:36:40.978702 [debug] [Thread-2 (]: Re-using an available connection from the pool (formerly model.northwind_dw.bronze_customers, now model.northwind_dw.bronze_orders)
[0m17:36:40.979152 [debug] [Thread-4 (]: Began running node model.northwind_dw.bronze_suppliers
[0m17:36:40.979709 [debug] [Thread-1 (]: Re-using an available connection from the pool (formerly model.northwind_dw.bronze_categories, now model.northwind_dw.bronze_products)
[0m17:36:40.980236 [debug] [Thread-3 (]: Re-using an available connection from the pool (formerly model.northwind_dw.bronze_employees, now model.northwind_dw.bronze_shippers)
[0m17:36:40.980558 [debug] [Thread-2 (]: Began compiling node model.northwind_dw.bronze_orders
[0m17:36:40.981123 [debug] [Thread-4 (]: Re-using an available connection from the pool (formerly model.northwind_dw.bronze_order_details, now model.northwind_dw.bronze_suppliers)
[0m17:36:40.981462 [debug] [Thread-1 (]: Began compiling node model.northwind_dw.bronze_products
[0m17:36:40.981763 [debug] [Thread-3 (]: Began compiling node model.northwind_dw.bronze_shippers
[0m17:36:40.983938 [debug] [Thread-2 (]: Writing injected SQL for node "model.northwind_dw.bronze_orders"
[0m17:36:40.984365 [debug] [Thread-4 (]: Began compiling node model.northwind_dw.bronze_suppliers
[0m17:36:40.986106 [debug] [Thread-1 (]: Writing injected SQL for node "model.northwind_dw.bronze_products"
[0m17:36:40.987989 [debug] [Thread-3 (]: Writing injected SQL for node "model.northwind_dw.bronze_shippers"
[0m17:36:40.990010 [debug] [Thread-4 (]: Writing injected SQL for node "model.northwind_dw.bronze_suppliers"
[0m17:36:40.990479 [debug] [Thread-2 (]: Timing info for model.northwind_dw.bronze_orders (compile): 17:36:40.982025 => 17:36:40.990290
[0m17:36:40.991072 [debug] [Thread-1 (]: Timing info for model.northwind_dw.bronze_products (compile): 17:36:40.984575 => 17:36:40.990838
[0m17:36:40.991806 [debug] [Thread-3 (]: Timing info for model.northwind_dw.bronze_shippers (compile): 17:36:40.986373 => 17:36:40.991637
[0m17:36:40.992106 [debug] [Thread-2 (]: Began executing node model.northwind_dw.bronze_orders
[0m17:36:40.992445 [debug] [Thread-1 (]: Began executing node model.northwind_dw.bronze_products
[0m17:36:40.992807 [debug] [Thread-4 (]: Timing info for model.northwind_dw.bronze_suppliers (compile): 17:36:40.988504 => 17:36:40.992616
[0m17:36:40.993115 [debug] [Thread-3 (]: Began executing node model.northwind_dw.bronze_shippers
[0m17:36:40.993471 [debug] [Thread-2 (]: Timing info for model.northwind_dw.bronze_orders (execute): 17:36:40.993312 => 17:36:40.993320
[0m17:36:40.993802 [debug] [Thread-1 (]: Timing info for model.northwind_dw.bronze_products (execute): 17:36:40.993659 => 17:36:40.993664
[0m17:36:40.994085 [debug] [Thread-4 (]: Began executing node model.northwind_dw.bronze_suppliers
[0m17:36:40.994419 [debug] [Thread-3 (]: Timing info for model.northwind_dw.bronze_shippers (execute): 17:36:40.994282 => 17:36:40.994287
[0m17:36:40.995102 [debug] [Thread-2 (]: Finished running node model.northwind_dw.bronze_orders
[0m17:36:40.995791 [debug] [Thread-1 (]: Finished running node model.northwind_dw.bronze_products
[0m17:36:40.996131 [debug] [Thread-4 (]: Timing info for model.northwind_dw.bronze_suppliers (execute): 17:36:40.995984 => 17:36:40.995990
[0m17:36:40.996716 [debug] [Thread-3 (]: Finished running node model.northwind_dw.bronze_shippers
[0m17:36:40.997112 [debug] [Thread-2 (]: Began running node model.northwind_dw.silver_dim_customers
[0m17:36:40.997559 [debug] [Thread-1 (]: Began running node test.northwind_dw.not_null_bronze_customers_customer_id.254c74eb6e
[0m17:36:40.998485 [debug] [Thread-4 (]: Finished running node model.northwind_dw.bronze_suppliers
[0m17:36:40.998867 [debug] [Thread-3 (]: Began running node test.northwind_dw.unique_bronze_customers_customer_id.f8660c11fe
[0m17:36:40.999455 [debug] [Thread-2 (]: Re-using an available connection from the pool (formerly model.northwind_dw.bronze_orders, now model.northwind_dw.silver_dim_customers)
[0m17:36:41.000037 [debug] [Thread-1 (]: Re-using an available connection from the pool (formerly model.northwind_dw.bronze_products, now test.northwind_dw.not_null_bronze_customers_customer_id.254c74eb6e)
[0m17:36:41.000428 [debug] [Thread-4 (]: Began running node test.northwind_dw.not_null_bronze_categories_category_id.a831d0caf8
[0m17:36:41.000969 [debug] [Thread-3 (]: Re-using an available connection from the pool (formerly model.northwind_dw.bronze_shippers, now test.northwind_dw.unique_bronze_customers_customer_id.f8660c11fe)
[0m17:36:41.001384 [debug] [Thread-2 (]: Began compiling node model.northwind_dw.silver_dim_customers
[0m17:36:41.001680 [debug] [Thread-1 (]: Began compiling node test.northwind_dw.not_null_bronze_customers_customer_id.254c74eb6e
[0m17:36:41.002211 [debug] [Thread-4 (]: Re-using an available connection from the pool (formerly model.northwind_dw.bronze_suppliers, now test.northwind_dw.not_null_bronze_categories_category_id.a831d0caf8)
[0m17:36:41.002559 [debug] [Thread-3 (]: Began compiling node test.northwind_dw.unique_bronze_customers_customer_id.f8660c11fe
[0m17:36:41.004731 [debug] [Thread-2 (]: Writing injected SQL for node "model.northwind_dw.silver_dim_customers"
[0m17:36:41.012699 [debug] [Thread-1 (]: Writing injected SQL for node "test.northwind_dw.not_null_bronze_customers_customer_id.254c74eb6e"
[0m17:36:41.013219 [debug] [Thread-4 (]: Began compiling node test.northwind_dw.not_null_bronze_categories_category_id.a831d0caf8
[0m17:36:41.017366 [debug] [Thread-3 (]: Writing injected SQL for node "test.northwind_dw.unique_bronze_customers_customer_id.f8660c11fe"
[0m17:36:41.018028 [debug] [Thread-2 (]: Timing info for model.northwind_dw.silver_dim_customers (compile): 17:36:41.002783 => 17:36:41.017854
[0m17:36:41.021906 [debug] [Thread-4 (]: Writing injected SQL for node "test.northwind_dw.not_null_bronze_categories_category_id.a831d0caf8"
[0m17:36:41.022414 [debug] [Thread-1 (]: Timing info for test.northwind_dw.not_null_bronze_customers_customer_id.254c74eb6e (compile): 17:36:41.004982 => 17:36:41.022169
[0m17:36:41.023207 [debug] [Thread-2 (]: Began executing node model.northwind_dw.silver_dim_customers
[0m17:36:41.023696 [debug] [Thread-3 (]: Timing info for test.northwind_dw.unique_bronze_customers_customer_id.f8660c11fe (compile): 17:36:41.013554 => 17:36:41.023499
[0m17:36:41.024105 [debug] [Thread-1 (]: Began executing node test.northwind_dw.not_null_bronze_customers_customer_id.254c74eb6e
[0m17:36:41.024504 [debug] [Thread-4 (]: Timing info for test.northwind_dw.not_null_bronze_categories_category_id.a831d0caf8 (compile): 17:36:41.018413 => 17:36:41.024341
[0m17:36:41.024839 [debug] [Thread-2 (]: Timing info for model.northwind_dw.silver_dim_customers (execute): 17:36:41.024681 => 17:36:41.024688
[0m17:36:41.025161 [debug] [Thread-3 (]: Began executing node test.northwind_dw.unique_bronze_customers_customer_id.f8660c11fe
[0m17:36:41.025603 [debug] [Thread-1 (]: Timing info for test.northwind_dw.not_null_bronze_customers_customer_id.254c74eb6e (execute): 17:36:41.025453 => 17:36:41.025459
[0m17:36:41.025922 [debug] [Thread-4 (]: Began executing node test.northwind_dw.not_null_bronze_categories_category_id.a831d0caf8
[0m17:36:41.026670 [debug] [Thread-2 (]: Finished running node model.northwind_dw.silver_dim_customers
[0m17:36:41.027126 [debug] [Thread-3 (]: Timing info for test.northwind_dw.unique_bronze_customers_customer_id.f8660c11fe (execute): 17:36:41.026939 => 17:36:41.026945
[0m17:36:41.027796 [debug] [Thread-1 (]: Finished running node test.northwind_dw.not_null_bronze_customers_customer_id.254c74eb6e
[0m17:36:41.028160 [debug] [Thread-4 (]: Timing info for test.northwind_dw.not_null_bronze_categories_category_id.a831d0caf8 (execute): 17:36:41.028004 => 17:36:41.028009
[0m17:36:41.028749 [debug] [Thread-2 (]: Began running node test.northwind_dw.unique_bronze_categories_category_id.73fe8c9fc1
[0m17:36:41.029533 [debug] [Thread-3 (]: Finished running node test.northwind_dw.unique_bronze_customers_customer_id.f8660c11fe
[0m17:36:41.030057 [debug] [Thread-1 (]: Began running node model.northwind_dw.silver_dim_employees
[0m17:36:41.030799 [debug] [Thread-4 (]: Finished running node test.northwind_dw.not_null_bronze_categories_category_id.a831d0caf8
[0m17:36:41.031313 [debug] [Thread-2 (]: Re-using an available connection from the pool (formerly model.northwind_dw.silver_dim_customers, now test.northwind_dw.unique_bronze_categories_category_id.73fe8c9fc1)
[0m17:36:41.031794 [debug] [Thread-3 (]: Began running node test.northwind_dw.not_null_bronze_employees_employee_id.9a322d5ce7
[0m17:36:41.032350 [debug] [Thread-1 (]: Re-using an available connection from the pool (formerly test.northwind_dw.not_null_bronze_customers_customer_id.254c74eb6e, now model.northwind_dw.silver_dim_employees)
[0m17:36:41.032778 [debug] [Thread-4 (]: Began running node test.northwind_dw.unique_bronze_employees_employee_id.7c9377f0ec
[0m17:36:41.033156 [debug] [Thread-2 (]: Began compiling node test.northwind_dw.unique_bronze_categories_category_id.73fe8c9fc1
[0m17:36:41.033664 [debug] [Thread-3 (]: Re-using an available connection from the pool (formerly test.northwind_dw.unique_bronze_customers_customer_id.f8660c11fe, now test.northwind_dw.not_null_bronze_employees_employee_id.9a322d5ce7)
[0m17:36:41.033993 [debug] [Thread-1 (]: Began compiling node model.northwind_dw.silver_dim_employees
[0m17:36:41.034459 [debug] [Thread-4 (]: Re-using an available connection from the pool (formerly test.northwind_dw.not_null_bronze_categories_category_id.a831d0caf8, now test.northwind_dw.unique_bronze_employees_employee_id.7c9377f0ec)
[0m17:36:41.037781 [debug] [Thread-2 (]: Writing injected SQL for node "test.northwind_dw.unique_bronze_categories_category_id.73fe8c9fc1"
[0m17:36:41.038135 [debug] [Thread-3 (]: Began compiling node test.northwind_dw.not_null_bronze_employees_employee_id.9a322d5ce7
[0m17:36:41.040096 [debug] [Thread-1 (]: Writing injected SQL for node "model.northwind_dw.silver_dim_employees"
[0m17:36:41.040508 [debug] [Thread-4 (]: Began compiling node test.northwind_dw.unique_bronze_employees_employee_id.7c9377f0ec
[0m17:36:41.043255 [debug] [Thread-3 (]: Writing injected SQL for node "test.northwind_dw.not_null_bronze_employees_employee_id.9a322d5ce7"
[0m17:36:41.043819 [debug] [Thread-2 (]: Timing info for test.northwind_dw.unique_bronze_categories_category_id.73fe8c9fc1 (compile): 17:36:41.034814 => 17:36:41.043629
[0m17:36:41.046358 [debug] [Thread-4 (]: Writing injected SQL for node "test.northwind_dw.unique_bronze_employees_employee_id.7c9377f0ec"
[0m17:36:41.047114 [debug] [Thread-2 (]: Began executing node test.northwind_dw.unique_bronze_categories_category_id.73fe8c9fc1
[0m17:36:41.047508 [debug] [Thread-1 (]: Timing info for model.northwind_dw.silver_dim_employees (compile): 17:36:41.038343 => 17:36:41.047348
[0m17:36:41.047871 [debug] [Thread-3 (]: Timing info for test.northwind_dw.not_null_bronze_employees_employee_id.9a322d5ce7 (compile): 17:36:41.040856 => 17:36:41.047723
[0m17:36:41.048277 [debug] [Thread-2 (]: Timing info for test.northwind_dw.unique_bronze_categories_category_id.73fe8c9fc1 (execute): 17:36:41.048132 => 17:36:41.048138
[0m17:36:41.048658 [debug] [Thread-4 (]: Timing info for test.northwind_dw.unique_bronze_employees_employee_id.7c9377f0ec (compile): 17:36:41.044071 => 17:36:41.048484
[0m17:36:41.048934 [debug] [Thread-1 (]: Began executing node model.northwind_dw.silver_dim_employees
[0m17:36:41.049257 [debug] [Thread-3 (]: Began executing node test.northwind_dw.not_null_bronze_employees_employee_id.9a322d5ce7
[0m17:36:41.049934 [debug] [Thread-2 (]: Finished running node test.northwind_dw.unique_bronze_categories_category_id.73fe8c9fc1
[0m17:36:41.050298 [debug] [Thread-4 (]: Began executing node test.northwind_dw.unique_bronze_employees_employee_id.7c9377f0ec
[0m17:36:41.050666 [debug] [Thread-1 (]: Timing info for model.northwind_dw.silver_dim_employees (execute): 17:36:41.050516 => 17:36:41.050520
[0m17:36:41.051072 [debug] [Thread-3 (]: Timing info for test.northwind_dw.not_null_bronze_employees_employee_id.9a322d5ce7 (execute): 17:36:41.050878 => 17:36:41.050883
[0m17:36:41.051430 [debug] [Thread-2 (]: Began running node model.northwind_dw.silver_fact_orders
[0m17:36:41.051861 [debug] [Thread-4 (]: Timing info for test.northwind_dw.unique_bronze_employees_employee_id.7c9377f0ec (execute): 17:36:41.051709 => 17:36:41.051714
[0m17:36:41.052452 [debug] [Thread-1 (]: Finished running node model.northwind_dw.silver_dim_employees
[0m17:36:41.053147 [debug] [Thread-3 (]: Finished running node test.northwind_dw.not_null_bronze_employees_employee_id.9a322d5ce7
[0m17:36:41.053656 [debug] [Thread-2 (]: Re-using an available connection from the pool (formerly test.northwind_dw.unique_bronze_categories_category_id.73fe8c9fc1, now model.northwind_dw.silver_fact_orders)
[0m17:36:41.054303 [debug] [Thread-4 (]: Finished running node test.northwind_dw.unique_bronze_employees_employee_id.7c9377f0ec
[0m17:36:41.054695 [debug] [Thread-1 (]: Began running node test.northwind_dw.not_null_bronze_orders_order_id.24f68d0dd3
[0m17:36:41.055145 [debug] [Thread-3 (]: Began running node test.northwind_dw.unique_bronze_orders_order_id.eec6e86d13
[0m17:36:41.055687 [debug] [Thread-2 (]: Began compiling node model.northwind_dw.silver_fact_orders
[0m17:36:41.056059 [debug] [Thread-4 (]: Began running node test.northwind_dw.not_null_bronze_products_product_id.0e447b9d33
[0m17:36:41.056613 [debug] [Thread-1 (]: Re-using an available connection from the pool (formerly model.northwind_dw.silver_dim_employees, now test.northwind_dw.not_null_bronze_orders_order_id.24f68d0dd3)
[0m17:36:41.057261 [debug] [Thread-3 (]: Re-using an available connection from the pool (formerly test.northwind_dw.not_null_bronze_employees_employee_id.9a322d5ce7, now test.northwind_dw.unique_bronze_orders_order_id.eec6e86d13)
[0m17:36:41.059569 [debug] [Thread-2 (]: Writing injected SQL for node "model.northwind_dw.silver_fact_orders"
[0m17:36:41.060143 [debug] [Thread-4 (]: Re-using an available connection from the pool (formerly test.northwind_dw.unique_bronze_employees_employee_id.7c9377f0ec, now test.northwind_dw.not_null_bronze_products_product_id.0e447b9d33)
[0m17:36:41.060545 [debug] [Thread-1 (]: Began compiling node test.northwind_dw.not_null_bronze_orders_order_id.24f68d0dd3
[0m17:36:41.060868 [debug] [Thread-3 (]: Began compiling node test.northwind_dw.unique_bronze_orders_order_id.eec6e86d13
[0m17:36:41.061346 [debug] [Thread-4 (]: Began compiling node test.northwind_dw.not_null_bronze_products_product_id.0e447b9d33
[0m17:36:41.061713 [debug] [Thread-2 (]: Timing info for model.northwind_dw.silver_fact_orders (compile): 17:36:41.057512 => 17:36:41.061552
[0m17:36:41.064388 [debug] [Thread-1 (]: Writing injected SQL for node "test.northwind_dw.not_null_bronze_orders_order_id.24f68d0dd3"
[0m17:36:41.066963 [debug] [Thread-3 (]: Writing injected SQL for node "test.northwind_dw.unique_bronze_orders_order_id.eec6e86d13"
[0m17:36:41.069665 [debug] [Thread-4 (]: Writing injected SQL for node "test.northwind_dw.not_null_bronze_products_product_id.0e447b9d33"
[0m17:36:41.070105 [debug] [Thread-2 (]: Began executing node model.northwind_dw.silver_fact_orders
[0m17:36:41.070690 [debug] [Thread-1 (]: Timing info for test.northwind_dw.not_null_bronze_orders_order_id.24f68d0dd3 (compile): 17:36:41.061873 => 17:36:41.070522
[0m17:36:41.071216 [debug] [Thread-3 (]: Timing info for test.northwind_dw.unique_bronze_orders_order_id.eec6e86d13 (compile): 17:36:41.064627 => 17:36:41.071062
[0m17:36:41.071553 [debug] [Thread-2 (]: Timing info for model.northwind_dw.silver_fact_orders (execute): 17:36:41.071414 => 17:36:41.071419
[0m17:36:41.071903 [debug] [Thread-4 (]: Timing info for test.northwind_dw.not_null_bronze_products_product_id.0e447b9d33 (compile): 17:36:41.067211 => 17:36:41.071731
[0m17:36:41.072220 [debug] [Thread-1 (]: Began executing node test.northwind_dw.not_null_bronze_orders_order_id.24f68d0dd3
[0m17:36:41.072535 [debug] [Thread-3 (]: Began executing node test.northwind_dw.unique_bronze_orders_order_id.eec6e86d13
[0m17:36:41.073184 [debug] [Thread-2 (]: Finished running node model.northwind_dw.silver_fact_orders
[0m17:36:41.073550 [debug] [Thread-4 (]: Began executing node test.northwind_dw.not_null_bronze_products_product_id.0e447b9d33
[0m17:36:41.073933 [debug] [Thread-1 (]: Timing info for test.northwind_dw.not_null_bronze_orders_order_id.24f68d0dd3 (execute): 17:36:41.073763 => 17:36:41.073769
[0m17:36:41.074322 [debug] [Thread-3 (]: Timing info for test.northwind_dw.unique_bronze_orders_order_id.eec6e86d13 (execute): 17:36:41.074175 => 17:36:41.074181
[0m17:36:41.074732 [debug] [Thread-2 (]: Began running node test.northwind_dw.unique_bronze_products_product_id.c17035ba1c
[0m17:36:41.075266 [debug] [Thread-4 (]: Timing info for test.northwind_dw.not_null_bronze_products_product_id.0e447b9d33 (execute): 17:36:41.075093 => 17:36:41.075100
[0m17:36:41.076148 [debug] [Thread-1 (]: Finished running node test.northwind_dw.not_null_bronze_orders_order_id.24f68d0dd3
[0m17:36:41.076861 [debug] [Thread-3 (]: Finished running node test.northwind_dw.unique_bronze_orders_order_id.eec6e86d13
[0m17:36:41.077414 [debug] [Thread-2 (]: Re-using an available connection from the pool (formerly model.northwind_dw.silver_fact_orders, now test.northwind_dw.unique_bronze_products_product_id.c17035ba1c)
[0m17:36:41.078139 [debug] [Thread-4 (]: Finished running node test.northwind_dw.not_null_bronze_products_product_id.0e447b9d33
[0m17:36:41.078509 [debug] [Thread-1 (]: Began running node test.northwind_dw.not_null_bronze_shippers_shipper_id.12dd4ad53a
[0m17:36:41.079009 [debug] [Thread-3 (]: Began running node test.northwind_dw.unique_bronze_shippers_shipper_id.16aac97069
[0m17:36:41.079404 [debug] [Thread-2 (]: Began compiling node test.northwind_dw.unique_bronze_products_product_id.c17035ba1c
[0m17:36:41.079761 [debug] [Thread-4 (]: Began running node model.northwind_dw.silver_dim_products
[0m17:36:41.080290 [debug] [Thread-1 (]: Re-using an available connection from the pool (formerly test.northwind_dw.not_null_bronze_orders_order_id.24f68d0dd3, now test.northwind_dw.not_null_bronze_shippers_shipper_id.12dd4ad53a)
[0m17:36:41.080815 [debug] [Thread-3 (]: Re-using an available connection from the pool (formerly test.northwind_dw.unique_bronze_orders_order_id.eec6e86d13, now test.northwind_dw.unique_bronze_shippers_shipper_id.16aac97069)
[0m17:36:41.083806 [debug] [Thread-2 (]: Writing injected SQL for node "test.northwind_dw.unique_bronze_products_product_id.c17035ba1c"
[0m17:36:41.084371 [debug] [Thread-4 (]: Re-using an available connection from the pool (formerly test.northwind_dw.not_null_bronze_products_product_id.0e447b9d33, now model.northwind_dw.silver_dim_products)
[0m17:36:41.084772 [debug] [Thread-1 (]: Began compiling node test.northwind_dw.not_null_bronze_shippers_shipper_id.12dd4ad53a
[0m17:36:41.085087 [debug] [Thread-3 (]: Began compiling node test.northwind_dw.unique_bronze_shippers_shipper_id.16aac97069
[0m17:36:41.085541 [debug] [Thread-4 (]: Began compiling node model.northwind_dw.silver_dim_products
[0m17:36:41.089114 [debug] [Thread-1 (]: Writing injected SQL for node "test.northwind_dw.not_null_bronze_shippers_shipper_id.12dd4ad53a"
[0m17:36:41.089573 [debug] [Thread-2 (]: Timing info for test.northwind_dw.unique_bronze_products_product_id.c17035ba1c (compile): 17:36:41.081098 => 17:36:41.089417
[0m17:36:41.091946 [debug] [Thread-3 (]: Writing injected SQL for node "test.northwind_dw.unique_bronze_shippers_shipper_id.16aac97069"
[0m17:36:41.094249 [debug] [Thread-4 (]: Writing injected SQL for node "model.northwind_dw.silver_dim_products"
[0m17:36:41.094819 [debug] [Thread-2 (]: Began executing node test.northwind_dw.unique_bronze_products_product_id.c17035ba1c
[0m17:36:41.095266 [debug] [Thread-1 (]: Timing info for test.northwind_dw.not_null_bronze_shippers_shipper_id.12dd4ad53a (compile): 17:36:41.085777 => 17:36:41.095087
[0m17:36:41.095763 [debug] [Thread-3 (]: Timing info for test.northwind_dw.unique_bronze_shippers_shipper_id.16aac97069 (compile): 17:36:41.089739 => 17:36:41.095598
[0m17:36:41.096175 [debug] [Thread-2 (]: Timing info for test.northwind_dw.unique_bronze_products_product_id.c17035ba1c (execute): 17:36:41.096029 => 17:36:41.096035
[0m17:36:41.096507 [debug] [Thread-4 (]: Timing info for model.northwind_dw.silver_dim_products (compile): 17:36:41.092205 => 17:36:41.096337
[0m17:36:41.096875 [debug] [Thread-1 (]: Began executing node test.northwind_dw.not_null_bronze_shippers_shipper_id.12dd4ad53a
[0m17:36:41.097185 [debug] [Thread-3 (]: Began executing node test.northwind_dw.unique_bronze_shippers_shipper_id.16aac97069
[0m17:36:41.097834 [debug] [Thread-2 (]: Finished running node test.northwind_dw.unique_bronze_products_product_id.c17035ba1c
[0m17:36:41.098190 [debug] [Thread-4 (]: Began executing node model.northwind_dw.silver_dim_products
[0m17:36:41.098548 [debug] [Thread-1 (]: Timing info for test.northwind_dw.not_null_bronze_shippers_shipper_id.12dd4ad53a (execute): 17:36:41.098397 => 17:36:41.098402
[0m17:36:41.098934 [debug] [Thread-3 (]: Timing info for test.northwind_dw.unique_bronze_shippers_shipper_id.16aac97069 (execute): 17:36:41.098739 => 17:36:41.098743
[0m17:36:41.099311 [debug] [Thread-2 (]: Began running node test.northwind_dw.not_null_bronze_suppliers_supplier_id.af94a66b50
[0m17:36:41.099730 [debug] [Thread-4 (]: Timing info for model.northwind_dw.silver_dim_products (execute): 17:36:41.099579 => 17:36:41.099583
[0m17:36:41.100334 [debug] [Thread-1 (]: Finished running node test.northwind_dw.not_null_bronze_shippers_shipper_id.12dd4ad53a
[0m17:36:41.100990 [debug] [Thread-3 (]: Finished running node test.northwind_dw.unique_bronze_shippers_shipper_id.16aac97069
[0m17:36:41.101494 [debug] [Thread-2 (]: Re-using an available connection from the pool (formerly test.northwind_dw.unique_bronze_products_product_id.c17035ba1c, now test.northwind_dw.not_null_bronze_suppliers_supplier_id.af94a66b50)
[0m17:36:41.102150 [debug] [Thread-4 (]: Finished running node model.northwind_dw.silver_dim_products
[0m17:36:41.102552 [debug] [Thread-1 (]: Began running node test.northwind_dw.unique_bronze_suppliers_supplier_id.5dde350bab
[0m17:36:41.103056 [debug] [Thread-3 (]: Began running node test.northwind_dw.not_null_silver_dim_customers_customer_id.2c5ab665ef
[0m17:36:41.103446 [debug] [Thread-2 (]: Began compiling node test.northwind_dw.not_null_bronze_suppliers_supplier_id.af94a66b50
[0m17:36:41.103804 [debug] [Thread-4 (]: Began running node test.northwind_dw.unique_silver_dim_customers_customer_id.1db70683c6
[0m17:36:41.104384 [debug] [Thread-1 (]: Re-using an available connection from the pool (formerly test.northwind_dw.not_null_bronze_shippers_shipper_id.12dd4ad53a, now test.northwind_dw.unique_bronze_suppliers_supplier_id.5dde350bab)
[0m17:36:41.105068 [debug] [Thread-3 (]: Re-using an available connection from the pool (formerly test.northwind_dw.unique_bronze_shippers_shipper_id.16aac97069, now test.northwind_dw.not_null_silver_dim_customers_customer_id.2c5ab665ef)
[0m17:36:41.107855 [debug] [Thread-2 (]: Writing injected SQL for node "test.northwind_dw.not_null_bronze_suppliers_supplier_id.af94a66b50"
[0m17:36:41.108389 [debug] [Thread-4 (]: Re-using an available connection from the pool (formerly model.northwind_dw.silver_dim_products, now test.northwind_dw.unique_silver_dim_customers_customer_id.1db70683c6)
[0m17:36:41.108783 [debug] [Thread-1 (]: Began compiling node test.northwind_dw.unique_bronze_suppliers_supplier_id.5dde350bab
[0m17:36:41.109193 [debug] [Thread-3 (]: Began compiling node test.northwind_dw.not_null_silver_dim_customers_customer_id.2c5ab665ef
[0m17:36:41.109618 [debug] [Thread-4 (]: Began compiling node test.northwind_dw.unique_silver_dim_customers_customer_id.1db70683c6
[0m17:36:41.110040 [debug] [Thread-2 (]: Timing info for test.northwind_dw.not_null_bronze_suppliers_supplier_id.af94a66b50 (compile): 17:36:41.105361 => 17:36:41.109876
[0m17:36:41.112803 [debug] [Thread-1 (]: Writing injected SQL for node "test.northwind_dw.unique_bronze_suppliers_supplier_id.5dde350bab"
[0m17:36:41.115643 [debug] [Thread-3 (]: Writing injected SQL for node "test.northwind_dw.not_null_silver_dim_customers_customer_id.2c5ab665ef"
[0m17:36:41.118353 [debug] [Thread-4 (]: Writing injected SQL for node "test.northwind_dw.unique_silver_dim_customers_customer_id.1db70683c6"
[0m17:36:41.118767 [debug] [Thread-2 (]: Began executing node test.northwind_dw.not_null_bronze_suppliers_supplier_id.af94a66b50
[0m17:36:41.119448 [debug] [Thread-1 (]: Timing info for test.northwind_dw.unique_bronze_suppliers_supplier_id.5dde350bab (compile): 17:36:41.110204 => 17:36:41.119283
[0m17:36:41.120112 [debug] [Thread-2 (]: Timing info for test.northwind_dw.not_null_bronze_suppliers_supplier_id.af94a66b50 (execute): 17:36:41.119940 => 17:36:41.119947
[0m17:36:41.120423 [debug] [Thread-3 (]: Timing info for test.northwind_dw.not_null_silver_dim_customers_customer_id.2c5ab665ef (compile): 17:36:41.113117 => 17:36:41.120265
[0m17:36:41.120839 [debug] [Thread-4 (]: Timing info for test.northwind_dw.unique_silver_dim_customers_customer_id.1db70683c6 (compile): 17:36:41.115941 => 17:36:41.120695
[0m17:36:41.121106 [debug] [Thread-1 (]: Began executing node test.northwind_dw.unique_bronze_suppliers_supplier_id.5dde350bab
[0m17:36:41.121771 [debug] [Thread-2 (]: Finished running node test.northwind_dw.not_null_bronze_suppliers_supplier_id.af94a66b50
[0m17:36:41.122132 [debug] [Thread-3 (]: Began executing node test.northwind_dw.not_null_silver_dim_customers_customer_id.2c5ab665ef
[0m17:36:41.122447 [debug] [Thread-4 (]: Began executing node test.northwind_dw.unique_silver_dim_customers_customer_id.1db70683c6
[0m17:36:41.122795 [debug] [Thread-1 (]: Timing info for test.northwind_dw.unique_bronze_suppliers_supplier_id.5dde350bab (execute): 17:36:41.122646 => 17:36:41.122650
[0m17:36:41.123176 [debug] [Thread-2 (]: Began running node test.northwind_dw.not_null_silver_dim_employees_employee_id.1f3014084d
[0m17:36:41.123602 [debug] [Thread-3 (]: Timing info for test.northwind_dw.not_null_silver_dim_customers_customer_id.2c5ab665ef (execute): 17:36:41.123456 => 17:36:41.123460
[0m17:36:41.123966 [debug] [Thread-4 (]: Timing info for test.northwind_dw.unique_silver_dim_customers_customer_id.1db70683c6 (execute): 17:36:41.123798 => 17:36:41.123803
[0m17:36:41.124577 [debug] [Thread-1 (]: Finished running node test.northwind_dw.unique_bronze_suppliers_supplier_id.5dde350bab
[0m17:36:41.125047 [debug] [Thread-2 (]: Re-using an available connection from the pool (formerly test.northwind_dw.not_null_bronze_suppliers_supplier_id.af94a66b50, now test.northwind_dw.not_null_silver_dim_employees_employee_id.1f3014084d)
[0m17:36:41.125656 [debug] [Thread-3 (]: Finished running node test.northwind_dw.not_null_silver_dim_customers_customer_id.2c5ab665ef
[0m17:36:41.126337 [debug] [Thread-4 (]: Finished running node test.northwind_dw.unique_silver_dim_customers_customer_id.1db70683c6
[0m17:36:41.126759 [debug] [Thread-1 (]: Began running node test.northwind_dw.unique_silver_dim_employees_employee_id.dc831d0e51
[0m17:36:41.127196 [debug] [Thread-2 (]: Began compiling node test.northwind_dw.not_null_silver_dim_employees_employee_id.1f3014084d
[0m17:36:41.127602 [debug] [Thread-3 (]: Began running node model.northwind_dw.gold_customer_analytics
[0m17:36:41.128092 [debug] [Thread-4 (]: Began running node model.northwind_dw.gold_sales_by_country
[0m17:36:41.128644 [debug] [Thread-1 (]: Re-using an available connection from the pool (formerly test.northwind_dw.unique_bronze_suppliers_supplier_id.5dde350bab, now test.northwind_dw.unique_silver_dim_employees_employee_id.dc831d0e51)
[0m17:36:41.131493 [debug] [Thread-2 (]: Writing injected SQL for node "test.northwind_dw.not_null_silver_dim_employees_employee_id.1f3014084d"
[0m17:36:41.132092 [debug] [Thread-3 (]: Re-using an available connection from the pool (formerly test.northwind_dw.not_null_silver_dim_customers_customer_id.2c5ab665ef, now model.northwind_dw.gold_customer_analytics)
[0m17:36:41.132629 [debug] [Thread-4 (]: Re-using an available connection from the pool (formerly test.northwind_dw.unique_silver_dim_customers_customer_id.1db70683c6, now model.northwind_dw.gold_sales_by_country)
[0m17:36:41.133039 [debug] [Thread-1 (]: Began compiling node test.northwind_dw.unique_silver_dim_employees_employee_id.dc831d0e51
[0m17:36:41.133524 [debug] [Thread-2 (]: Timing info for test.northwind_dw.not_null_silver_dim_employees_employee_id.1f3014084d (compile): 17:36:41.128887 => 17:36:41.133370
[0m17:36:41.133783 [debug] [Thread-3 (]: Began compiling node model.northwind_dw.gold_customer_analytics
[0m17:36:41.134088 [debug] [Thread-4 (]: Began compiling node model.northwind_dw.gold_sales_by_country
[0m17:36:41.136702 [debug] [Thread-1 (]: Writing injected SQL for node "test.northwind_dw.unique_silver_dim_employees_employee_id.dc831d0e51"
[0m17:36:41.137077 [debug] [Thread-2 (]: Began executing node test.northwind_dw.not_null_silver_dim_employees_employee_id.1f3014084d
[0m17:36:41.139271 [debug] [Thread-3 (]: Writing injected SQL for node "model.northwind_dw.gold_customer_analytics"
[0m17:36:41.142348 [debug] [Thread-4 (]: Writing injected SQL for node "model.northwind_dw.gold_sales_by_country"
[0m17:36:41.142999 [debug] [Thread-2 (]: Timing info for test.northwind_dw.not_null_silver_dim_employees_employee_id.1f3014084d (execute): 17:36:41.142809 => 17:36:41.142816
[0m17:36:41.143361 [debug] [Thread-1 (]: Timing info for test.northwind_dw.unique_silver_dim_employees_employee_id.dc831d0e51 (compile): 17:36:41.134291 => 17:36:41.143194
[0m17:36:41.144261 [debug] [Thread-3 (]: Timing info for model.northwind_dw.gold_customer_analytics (compile): 17:36:41.137302 => 17:36:41.144089
[0m17:36:41.144991 [debug] [Thread-2 (]: Finished running node test.northwind_dw.not_null_silver_dim_employees_employee_id.1f3014084d
[0m17:36:41.145427 [debug] [Thread-4 (]: Timing info for model.northwind_dw.gold_sales_by_country (compile): 17:36:41.139510 => 17:36:41.145253
[0m17:36:41.145724 [debug] [Thread-1 (]: Began executing node test.northwind_dw.unique_silver_dim_employees_employee_id.dc831d0e51
[0m17:36:41.146076 [debug] [Thread-3 (]: Began executing node model.northwind_dw.gold_customer_analytics
[0m17:36:41.146455 [debug] [Thread-2 (]: Began running node test.northwind_dw.not_null_silver_fact_orders_order_id.e48bb6feed
[0m17:36:41.146850 [debug] [Thread-4 (]: Began executing node model.northwind_dw.gold_sales_by_country
[0m17:36:41.147246 [debug] [Thread-1 (]: Timing info for test.northwind_dw.unique_silver_dim_employees_employee_id.dc831d0e51 (execute): 17:36:41.147094 => 17:36:41.147099
[0m17:36:41.147585 [debug] [Thread-3 (]: Timing info for model.northwind_dw.gold_customer_analytics (execute): 17:36:41.147437 => 17:36:41.147441
[0m17:36:41.148051 [debug] [Thread-2 (]: Re-using an available connection from the pool (formerly test.northwind_dw.not_null_silver_dim_employees_employee_id.1f3014084d, now test.northwind_dw.not_null_silver_fact_orders_order_id.e48bb6feed)
[0m17:36:41.148462 [debug] [Thread-4 (]: Timing info for model.northwind_dw.gold_sales_by_country (execute): 17:36:41.148321 => 17:36:41.148325
[0m17:36:41.149052 [debug] [Thread-1 (]: Finished running node test.northwind_dw.unique_silver_dim_employees_employee_id.dc831d0e51
[0m17:36:41.149729 [debug] [Thread-3 (]: Finished running node model.northwind_dw.gold_customer_analytics
[0m17:36:41.150104 [debug] [Thread-2 (]: Began compiling node test.northwind_dw.not_null_silver_fact_orders_order_id.e48bb6feed
[0m17:36:41.150682 [debug] [Thread-4 (]: Finished running node model.northwind_dw.gold_sales_by_country
[0m17:36:41.151133 [debug] [Thread-1 (]: Began running node test.northwind_dw.not_null_silver_fact_orders_product_id.c60b4af2ac
[0m17:36:41.151559 [debug] [Thread-3 (]: Began running node model.northwind_dw.gold_sales_by_category
[0m17:36:41.154410 [debug] [Thread-2 (]: Writing injected SQL for node "test.northwind_dw.not_null_silver_fact_orders_order_id.e48bb6feed"
[0m17:36:41.154837 [debug] [Thread-4 (]: Began running node test.northwind_dw.not_null_silver_dim_products_product_id.223ad1b122
[0m17:36:41.155412 [debug] [Thread-1 (]: Re-using an available connection from the pool (formerly test.northwind_dw.unique_silver_dim_employees_employee_id.dc831d0e51, now test.northwind_dw.not_null_silver_fact_orders_product_id.c60b4af2ac)
[0m17:36:41.155949 [debug] [Thread-3 (]: Re-using an available connection from the pool (formerly model.northwind_dw.gold_customer_analytics, now model.northwind_dw.gold_sales_by_category)
[0m17:36:41.156644 [debug] [Thread-4 (]: Re-using an available connection from the pool (formerly model.northwind_dw.gold_sales_by_country, now test.northwind_dw.not_null_silver_dim_products_product_id.223ad1b122)
[0m17:36:41.157104 [debug] [Thread-2 (]: Timing info for test.northwind_dw.not_null_silver_fact_orders_order_id.e48bb6feed (compile): 17:36:41.151816 => 17:36:41.156947
[0m17:36:41.157385 [debug] [Thread-1 (]: Began compiling node test.northwind_dw.not_null_silver_fact_orders_product_id.c60b4af2ac
[0m17:36:41.157695 [debug] [Thread-3 (]: Began compiling node model.northwind_dw.gold_sales_by_category
[0m17:36:41.157988 [debug] [Thread-4 (]: Began compiling node test.northwind_dw.not_null_silver_dim_products_product_id.223ad1b122
[0m17:36:41.158335 [debug] [Thread-2 (]: Began executing node test.northwind_dw.not_null_silver_fact_orders_order_id.e48bb6feed
[0m17:36:41.160970 [debug] [Thread-1 (]: Writing injected SQL for node "test.northwind_dw.not_null_silver_fact_orders_product_id.c60b4af2ac"
[0m17:36:41.163171 [debug] [Thread-3 (]: Writing injected SQL for node "model.northwind_dw.gold_sales_by_category"
[0m17:36:41.165760 [debug] [Thread-4 (]: Writing injected SQL for node "test.northwind_dw.not_null_silver_dim_products_product_id.223ad1b122"
[0m17:36:41.166222 [debug] [Thread-2 (]: Timing info for test.northwind_dw.not_null_silver_fact_orders_order_id.e48bb6feed (execute): 17:36:41.166040 => 17:36:41.166046
[0m17:36:41.166843 [debug] [Thread-1 (]: Timing info for test.northwind_dw.not_null_silver_fact_orders_product_id.c60b4af2ac (compile): 17:36:41.158537 => 17:36:41.166660
[0m17:36:41.167445 [debug] [Thread-3 (]: Timing info for model.northwind_dw.gold_sales_by_category (compile): 17:36:41.161236 => 17:36:41.167268
[0m17:36:41.167788 [debug] [Thread-4 (]: Timing info for test.northwind_dw.not_null_silver_dim_products_product_id.223ad1b122 (compile): 17:36:41.163444 => 17:36:41.167630
[0m17:36:41.168435 [debug] [Thread-2 (]: Finished running node test.northwind_dw.not_null_silver_fact_orders_order_id.e48bb6feed
[0m17:36:41.168821 [debug] [Thread-1 (]: Began executing node test.northwind_dw.not_null_silver_fact_orders_product_id.c60b4af2ac
[0m17:36:41.169164 [debug] [Thread-3 (]: Began executing node model.northwind_dw.gold_sales_by_category
[0m17:36:41.169468 [debug] [Thread-4 (]: Began executing node test.northwind_dw.not_null_silver_dim_products_product_id.223ad1b122
[0m17:36:41.169813 [debug] [Thread-2 (]: Began running node test.northwind_dw.unique_silver_dim_products_product_id.1cca5c8850
[0m17:36:41.170210 [debug] [Thread-1 (]: Timing info for test.northwind_dw.not_null_silver_fact_orders_product_id.c60b4af2ac (execute): 17:36:41.170062 => 17:36:41.170066
[0m17:36:41.170543 [debug] [Thread-3 (]: Timing info for model.northwind_dw.gold_sales_by_category (execute): 17:36:41.170398 => 17:36:41.170403
[0m17:36:41.170876 [debug] [Thread-4 (]: Timing info for test.northwind_dw.not_null_silver_dim_products_product_id.223ad1b122 (execute): 17:36:41.170734 => 17:36:41.170738
[0m17:36:41.171419 [debug] [Thread-2 (]: Re-using an available connection from the pool (formerly test.northwind_dw.not_null_silver_fact_orders_order_id.e48bb6feed, now test.northwind_dw.unique_silver_dim_products_product_id.1cca5c8850)
[0m17:36:41.172105 [debug] [Thread-1 (]: Finished running node test.northwind_dw.not_null_silver_fact_orders_product_id.c60b4af2ac
[0m17:36:41.172819 [debug] [Thread-3 (]: Finished running node model.northwind_dw.gold_sales_by_category
[0m17:36:41.173506 [debug] [Thread-4 (]: Finished running node test.northwind_dw.not_null_silver_dim_products_product_id.223ad1b122
[0m17:36:41.173821 [debug] [Thread-2 (]: Began compiling node test.northwind_dw.unique_silver_dim_products_product_id.1cca5c8850
[0m17:36:41.176822 [debug] [Thread-2 (]: Writing injected SQL for node "test.northwind_dw.unique_silver_dim_products_product_id.1cca5c8850"
[0m17:36:41.177262 [debug] [Thread-2 (]: Timing info for test.northwind_dw.unique_silver_dim_products_product_id.1cca5c8850 (compile): 17:36:41.174467 => 17:36:41.177112
[0m17:36:41.177524 [debug] [Thread-2 (]: Began executing node test.northwind_dw.unique_silver_dim_products_product_id.1cca5c8850
[0m17:36:41.177809 [debug] [Thread-2 (]: Timing info for test.northwind_dw.unique_silver_dim_products_product_id.1cca5c8850 (execute): 17:36:41.177681 => 17:36:41.177684
[0m17:36:41.178360 [debug] [Thread-2 (]: Finished running node test.northwind_dw.unique_silver_dim_products_product_id.1cca5c8850
[0m17:36:41.179584 [debug] [MainThread]: Connection 'master' was properly closed.
[0m17:36:41.179879 [debug] [MainThread]: Connection 'model.northwind_dw.gold_sales_by_category' was properly closed.
[0m17:36:41.180108 [debug] [MainThread]: Connection 'test.northwind_dw.unique_silver_dim_products_product_id.1cca5c8850' was properly closed.
[0m17:36:41.180314 [debug] [MainThread]: Connection 'test.northwind_dw.not_null_silver_fact_orders_product_id.c60b4af2ac' was properly closed.
[0m17:36:41.180512 [debug] [MainThread]: Connection 'test.northwind_dw.not_null_silver_dim_products_product_id.223ad1b122' was properly closed.
[0m17:36:41.182950 [debug] [MainThread]: Command end result
[0m17:36:41.201850 [debug] [MainThread]: Acquiring new bigquery connection 'generate_catalog'
[0m17:36:41.202186 [info ] [MainThread]: Building catalog
[0m17:36:41.203772 [debug] [MainThread]: Opening a new connection, currently in state init
[0m17:36:42.020752 [debug] [ThreadPool]: Acquiring new bigquery connection 'portifolio-482811.information_schema'
[0m17:36:42.021750 [debug] [ThreadPool]: Acquiring new bigquery connection 'portifolio-482811.information_schema'
[0m17:36:42.022655 [debug] [ThreadPool]: Acquiring new bigquery connection 'portifolio-482811.information_schema'
[0m17:36:42.038546 [debug] [ThreadPool]: Opening a new connection, currently in state init
[0m17:36:42.040423 [debug] [ThreadPool]: Opening a new connection, currently in state init
[0m17:36:42.042061 [debug] [ThreadPool]: Opening a new connection, currently in state init
[0m17:36:42.071248 [debug] [ThreadPool]: On portifolio-482811.information_schema: /* {"app": "dbt", "dbt_version": "1.7.4", "profile_name": "northwind_dw", "target_name": "dev", "connection_name": "portifolio-482811.information_schema"} */

    with materialized_views as (
        select
            table_catalog as project_id,
            table_schema as dataset_id,
            table_name as table_id
        from `portifolio-482811`.`northwind_bronze`.INFORMATION_SCHEMA.MATERIALIZED_VIEWS
    ),
    tables as (
        select
            tables.project_id as table_database,
            tables.dataset_id as table_schema,
            tables.table_id as original_table_name,

            concat(tables.project_id, '.', tables.dataset_id, '.', tables.table_id) as relation_id,

            tables.row_count,
            tables.size_bytes as size_bytes,
            case
                when materialized_views.table_id is not null then 'materialized view'
                when tables.type = 1 then 'table'
                when tables.type = 2 then 'view'
                else 'external'
            end as table_type,

            REGEXP_CONTAINS(tables.table_id, '^.+[0-9]{8}$') and coalesce(type, 0) = 1 as is_date_shard,
            REGEXP_EXTRACT(tables.table_id, '^(.+)[0-9]{8}$') as shard_base_name,
            REGEXP_EXTRACT(tables.table_id, '^.+([0-9]{8})$') as shard_name

        from `portifolio-482811`.`northwind_bronze`.__TABLES__ tables
        left join materialized_views
            on materialized_views.project_id = tables.project_id
            and materialized_views.dataset_id = tables.dataset_id
            and materialized_views.table_id = tables.table_id
        where (upper(tables.dataset_id) = upper('northwind_bronze'))
    ),

    table_options as (
        select
            concat(table_catalog, '.', table_schema, '.', table_name) as relation_id,
            JSON_VALUE(option_value) as table_comment

        from `portifolio-482811`.`northwind_bronze`.INFORMATION_SCHEMA.TABLE_OPTIONS
        where option_name = 'description'
    ),
    extracted as (

        select *,
            case
                when is_date_shard then shard_base_name
                else original_table_name
            end as table_name

        from tables

    ),

    unsharded_tables as (

        select
            table_database,
            table_schema,
            table_name,
            coalesce(table_type, 'external') as table_type,
            is_date_shard,

            struct(
                min(shard_name) as shard_min,
                max(shard_name) as shard_max,
                count(*) as shard_count
            ) as table_shards,

            sum(size_bytes) as size_bytes,
            sum(row_count) as row_count,

            max(relation_id) as relation_id

        from extracted
        group by 1,2,3,4,5

    ),

    info_schema_columns as (

        select
            concat(table_catalog, '.', table_schema, '.', table_name) as relation_id,
            table_catalog as table_database,
            table_schema,
            table_name,

            -- use the "real" column name from the paths query below
            column_name as base_column_name,
            ordinal_position as column_index,

            is_partitioning_column,
            clustering_ordinal_position

        from `portifolio-482811`.`northwind_bronze`.INFORMATION_SCHEMA.COLUMNS
        where ordinal_position is not null

    ),

    info_schema_column_paths as (

        select
            concat(table_catalog, '.', table_schema, '.', table_name) as relation_id,
            field_path as column_name,
            data_type as column_type,
            column_name as base_column_name,
            description as column_comment

        from `portifolio-482811`.`northwind_bronze`.INFORMATION_SCHEMA.COLUMN_FIELD_PATHS

    ),

    columns as (

        select * except (base_column_name)
        from info_schema_columns
        join info_schema_column_paths using (relation_id, base_column_name)

    ),

    column_stats as (

        select
            table_database,
            table_schema,
            table_name,
            max(relation_id) as relation_id,
            max(case when is_partitioning_column = 'YES' then 1 else 0 end) = 1 as is_partitioned,
            max(case when is_partitioning_column = 'YES' then column_name else null end) as partition_column,
            max(case when clustering_ordinal_position is not null then 1 else 0 end) = 1 as is_clustered,
            array_to_string(
                array_agg(
                    case
                        when clustering_ordinal_position is not null then column_name
                        else null
                    end ignore nulls
                    order by clustering_ordinal_position
                ), ', '
            ) as clustering_columns

        from columns
        group by 1,2,3

    )

    select
        unsharded_tables.table_database,
        unsharded_tables.table_schema,
        case
            when is_date_shard then concat(unsharded_tables.table_name, '*')
            else unsharded_tables.table_name
        end as table_name,
        unsharded_tables.table_type,
        table_options.table_comment,

        -- coalesce name and type for External tables - these columns are not
        -- present in the COLUMN_FIELD_PATHS resultset
        coalesce(columns.column_name, '<unknown>') as column_name,
        -- invent a row number to account for nested fields -- BQ does
        -- not treat these nested properties as independent fields
        row_number() over (
            partition by relation_id
            order by columns.column_index, columns.column_name
        ) as column_index,
        coalesce(columns.column_type, '<unknown>') as column_type,
        columns.column_comment,

        'Shard count' as `stats__date_shards__label`,
        table_shards.shard_count as `stats__date_shards__value`,
        'The number of date shards in this table' as `stats__date_shards__description`,
        is_date_shard as `stats__date_shards__include`,

        'Shard (min)' as `stats__date_shard_min__label`,
        table_shards.shard_min as `stats__date_shard_min__value`,
        'The first date shard in this table' as `stats__date_shard_min__description`,
        is_date_shard as `stats__date_shard_min__include`,

        'Shard (max)' as `stats__date_shard_max__label`,
        table_shards.shard_max as `stats__date_shard_max__value`,
        'The last date shard in this table' as `stats__date_shard_max__description`,
        is_date_shard as `stats__date_shard_max__include`,

        '# Rows' as `stats__num_rows__label`,
        row_count as `stats__num_rows__value`,
        'Approximate count of rows in this table' as `stats__num_rows__description`,
        (unsharded_tables.table_type = 'table') as `stats__num_rows__include`,

        'Approximate Size' as `stats__num_bytes__label`,
        size_bytes as `stats__num_bytes__value`,
        'Approximate size of table as reported by BigQuery' as `stats__num_bytes__description`,
        (unsharded_tables.table_type = 'table') as `stats__num_bytes__include`,

        'Partitioned By' as `stats__partitioning_type__label`,
        partition_column as `stats__partitioning_type__value`,
        'The partitioning column for this table' as `stats__partitioning_type__description`,
        is_partitioned as `stats__partitioning_type__include`,

        'Clustered By' as `stats__clustering_fields__label`,
        clustering_columns as `stats__clustering_fields__value`,
        'The clustering columns for this table' as `stats__clustering_fields__description`,
        is_clustered as `stats__clustering_fields__include`

    -- join using relation_id (an actual relation, not a shard prefix) to make
    -- sure that column metadata is picked up through the join. This will only
    -- return the column information for the "max" table in a date-sharded table set
    from unsharded_tables
    left join table_options using (relation_id)
    left join columns using (relation_id)
    left join column_stats using (relation_id)
  
[0m17:36:42.072556 [debug] [ThreadPool]: On portifolio-482811.information_schema: /* {"app": "dbt", "dbt_version": "1.7.4", "profile_name": "northwind_dw", "target_name": "dev", "connection_name": "portifolio-482811.information_schema"} */

    with materialized_views as (
        select
            table_catalog as project_id,
            table_schema as dataset_id,
            table_name as table_id
        from `portifolio-482811`.`northwind_silver`.INFORMATION_SCHEMA.MATERIALIZED_VIEWS
    ),
    tables as (
        select
            tables.project_id as table_database,
            tables.dataset_id as table_schema,
            tables.table_id as original_table_name,

            concat(tables.project_id, '.', tables.dataset_id, '.', tables.table_id) as relation_id,

            tables.row_count,
            tables.size_bytes as size_bytes,
            case
                when materialized_views.table_id is not null then 'materialized view'
                when tables.type = 1 then 'table'
                when tables.type = 2 then 'view'
                else 'external'
            end as table_type,

            REGEXP_CONTAINS(tables.table_id, '^.+[0-9]{8}$') and coalesce(type, 0) = 1 as is_date_shard,
            REGEXP_EXTRACT(tables.table_id, '^(.+)[0-9]{8}$') as shard_base_name,
            REGEXP_EXTRACT(tables.table_id, '^.+([0-9]{8})$') as shard_name

        from `portifolio-482811`.`northwind_silver`.__TABLES__ tables
        left join materialized_views
            on materialized_views.project_id = tables.project_id
            and materialized_views.dataset_id = tables.dataset_id
            and materialized_views.table_id = tables.table_id
        where (upper(tables.dataset_id) = upper('northwind_silver'))
    ),

    table_options as (
        select
            concat(table_catalog, '.', table_schema, '.', table_name) as relation_id,
            JSON_VALUE(option_value) as table_comment

        from `portifolio-482811`.`northwind_silver`.INFORMATION_SCHEMA.TABLE_OPTIONS
        where option_name = 'description'
    ),
    extracted as (

        select *,
            case
                when is_date_shard then shard_base_name
                else original_table_name
            end as table_name

        from tables

    ),

    unsharded_tables as (

        select
            table_database,
            table_schema,
            table_name,
            coalesce(table_type, 'external') as table_type,
            is_date_shard,

            struct(
                min(shard_name) as shard_min,
                max(shard_name) as shard_max,
                count(*) as shard_count
            ) as table_shards,

            sum(size_bytes) as size_bytes,
            sum(row_count) as row_count,

            max(relation_id) as relation_id

        from extracted
        group by 1,2,3,4,5

    ),

    info_schema_columns as (

        select
            concat(table_catalog, '.', table_schema, '.', table_name) as relation_id,
            table_catalog as table_database,
            table_schema,
            table_name,

            -- use the "real" column name from the paths query below
            column_name as base_column_name,
            ordinal_position as column_index,

            is_partitioning_column,
            clustering_ordinal_position

        from `portifolio-482811`.`northwind_silver`.INFORMATION_SCHEMA.COLUMNS
        where ordinal_position is not null

    ),

    info_schema_column_paths as (

        select
            concat(table_catalog, '.', table_schema, '.', table_name) as relation_id,
            field_path as column_name,
            data_type as column_type,
            column_name as base_column_name,
            description as column_comment

        from `portifolio-482811`.`northwind_silver`.INFORMATION_SCHEMA.COLUMN_FIELD_PATHS

    ),

    columns as (

        select * except (base_column_name)
        from info_schema_columns
        join info_schema_column_paths using (relation_id, base_column_name)

    ),

    column_stats as (

        select
            table_database,
            table_schema,
            table_name,
            max(relation_id) as relation_id,
            max(case when is_partitioning_column = 'YES' then 1 else 0 end) = 1 as is_partitioned,
            max(case when is_partitioning_column = 'YES' then column_name else null end) as partition_column,
            max(case when clustering_ordinal_position is not null then 1 else 0 end) = 1 as is_clustered,
            array_to_string(
                array_agg(
                    case
                        when clustering_ordinal_position is not null then column_name
                        else null
                    end ignore nulls
                    order by clustering_ordinal_position
                ), ', '
            ) as clustering_columns

        from columns
        group by 1,2,3

    )

    select
        unsharded_tables.table_database,
        unsharded_tables.table_schema,
        case
            when is_date_shard then concat(unsharded_tables.table_name, '*')
            else unsharded_tables.table_name
        end as table_name,
        unsharded_tables.table_type,
        table_options.table_comment,

        -- coalesce name and type for External tables - these columns are not
        -- present in the COLUMN_FIELD_PATHS resultset
        coalesce(columns.column_name, '<unknown>') as column_name,
        -- invent a row number to account for nested fields -- BQ does
        -- not treat these nested properties as independent fields
        row_number() over (
            partition by relation_id
            order by columns.column_index, columns.column_name
        ) as column_index,
        coalesce(columns.column_type, '<unknown>') as column_type,
        columns.column_comment,

        'Shard count' as `stats__date_shards__label`,
        table_shards.shard_count as `stats__date_shards__value`,
        'The number of date shards in this table' as `stats__date_shards__description`,
        is_date_shard as `stats__date_shards__include`,

        'Shard (min)' as `stats__date_shard_min__label`,
        table_shards.shard_min as `stats__date_shard_min__value`,
        'The first date shard in this table' as `stats__date_shard_min__description`,
        is_date_shard as `stats__date_shard_min__include`,

        'Shard (max)' as `stats__date_shard_max__label`,
        table_shards.shard_max as `stats__date_shard_max__value`,
        'The last date shard in this table' as `stats__date_shard_max__description`,
        is_date_shard as `stats__date_shard_max__include`,

        '# Rows' as `stats__num_rows__label`,
        row_count as `stats__num_rows__value`,
        'Approximate count of rows in this table' as `stats__num_rows__description`,
        (unsharded_tables.table_type = 'table') as `stats__num_rows__include`,

        'Approximate Size' as `stats__num_bytes__label`,
        size_bytes as `stats__num_bytes__value`,
        'Approximate size of table as reported by BigQuery' as `stats__num_bytes__description`,
        (unsharded_tables.table_type = 'table') as `stats__num_bytes__include`,

        'Partitioned By' as `stats__partitioning_type__label`,
        partition_column as `stats__partitioning_type__value`,
        'The partitioning column for this table' as `stats__partitioning_type__description`,
        is_partitioned as `stats__partitioning_type__include`,

        'Clustered By' as `stats__clustering_fields__label`,
        clustering_columns as `stats__clustering_fields__value`,
        'The clustering columns for this table' as `stats__clustering_fields__description`,
        is_clustered as `stats__clustering_fields__include`

    -- join using relation_id (an actual relation, not a shard prefix) to make
    -- sure that column metadata is picked up through the join. This will only
    -- return the column information for the "max" table in a date-sharded table set
    from unsharded_tables
    left join table_options using (relation_id)
    left join columns using (relation_id)
    left join column_stats using (relation_id)
  
[0m17:36:42.074034 [debug] [ThreadPool]: On portifolio-482811.information_schema: /* {"app": "dbt", "dbt_version": "1.7.4", "profile_name": "northwind_dw", "target_name": "dev", "connection_name": "portifolio-482811.information_schema"} */

    with materialized_views as (
        select
            table_catalog as project_id,
            table_schema as dataset_id,
            table_name as table_id
        from `portifolio-482811`.`gold`.INFORMATION_SCHEMA.MATERIALIZED_VIEWS
    ),
    tables as (
        select
            tables.project_id as table_database,
            tables.dataset_id as table_schema,
            tables.table_id as original_table_name,

            concat(tables.project_id, '.', tables.dataset_id, '.', tables.table_id) as relation_id,

            tables.row_count,
            tables.size_bytes as size_bytes,
            case
                when materialized_views.table_id is not null then 'materialized view'
                when tables.type = 1 then 'table'
                when tables.type = 2 then 'view'
                else 'external'
            end as table_type,

            REGEXP_CONTAINS(tables.table_id, '^.+[0-9]{8}$') and coalesce(type, 0) = 1 as is_date_shard,
            REGEXP_EXTRACT(tables.table_id, '^(.+)[0-9]{8}$') as shard_base_name,
            REGEXP_EXTRACT(tables.table_id, '^.+([0-9]{8})$') as shard_name

        from `portifolio-482811`.`gold`.__TABLES__ tables
        left join materialized_views
            on materialized_views.project_id = tables.project_id
            and materialized_views.dataset_id = tables.dataset_id
            and materialized_views.table_id = tables.table_id
        where (upper(tables.dataset_id) = upper('gold'))
    ),

    table_options as (
        select
            concat(table_catalog, '.', table_schema, '.', table_name) as relation_id,
            JSON_VALUE(option_value) as table_comment

        from `portifolio-482811`.`gold`.INFORMATION_SCHEMA.TABLE_OPTIONS
        where option_name = 'description'
    ),
    extracted as (

        select *,
            case
                when is_date_shard then shard_base_name
                else original_table_name
            end as table_name

        from tables

    ),

    unsharded_tables as (

        select
            table_database,
            table_schema,
            table_name,
            coalesce(table_type, 'external') as table_type,
            is_date_shard,

            struct(
                min(shard_name) as shard_min,
                max(shard_name) as shard_max,
                count(*) as shard_count
            ) as table_shards,

            sum(size_bytes) as size_bytes,
            sum(row_count) as row_count,

            max(relation_id) as relation_id

        from extracted
        group by 1,2,3,4,5

    ),

    info_schema_columns as (

        select
            concat(table_catalog, '.', table_schema, '.', table_name) as relation_id,
            table_catalog as table_database,
            table_schema,
            table_name,

            -- use the "real" column name from the paths query below
            column_name as base_column_name,
            ordinal_position as column_index,

            is_partitioning_column,
            clustering_ordinal_position

        from `portifolio-482811`.`gold`.INFORMATION_SCHEMA.COLUMNS
        where ordinal_position is not null

    ),

    info_schema_column_paths as (

        select
            concat(table_catalog, '.', table_schema, '.', table_name) as relation_id,
            field_path as column_name,
            data_type as column_type,
            column_name as base_column_name,
            description as column_comment

        from `portifolio-482811`.`gold`.INFORMATION_SCHEMA.COLUMN_FIELD_PATHS

    ),

    columns as (

        select * except (base_column_name)
        from info_schema_columns
        join info_schema_column_paths using (relation_id, base_column_name)

    ),

    column_stats as (

        select
            table_database,
            table_schema,
            table_name,
            max(relation_id) as relation_id,
            max(case when is_partitioning_column = 'YES' then 1 else 0 end) = 1 as is_partitioned,
            max(case when is_partitioning_column = 'YES' then column_name else null end) as partition_column,
            max(case when clustering_ordinal_position is not null then 1 else 0 end) = 1 as is_clustered,
            array_to_string(
                array_agg(
                    case
                        when clustering_ordinal_position is not null then column_name
                        else null
                    end ignore nulls
                    order by clustering_ordinal_position
                ), ', '
            ) as clustering_columns

        from columns
        group by 1,2,3

    )

    select
        unsharded_tables.table_database,
        unsharded_tables.table_schema,
        case
            when is_date_shard then concat(unsharded_tables.table_name, '*')
            else unsharded_tables.table_name
        end as table_name,
        unsharded_tables.table_type,
        table_options.table_comment,

        -- coalesce name and type for External tables - these columns are not
        -- present in the COLUMN_FIELD_PATHS resultset
        coalesce(columns.column_name, '<unknown>') as column_name,
        -- invent a row number to account for nested fields -- BQ does
        -- not treat these nested properties as independent fields
        row_number() over (
            partition by relation_id
            order by columns.column_index, columns.column_name
        ) as column_index,
        coalesce(columns.column_type, '<unknown>') as column_type,
        columns.column_comment,

        'Shard count' as `stats__date_shards__label`,
        table_shards.shard_count as `stats__date_shards__value`,
        'The number of date shards in this table' as `stats__date_shards__description`,
        is_date_shard as `stats__date_shards__include`,

        'Shard (min)' as `stats__date_shard_min__label`,
        table_shards.shard_min as `stats__date_shard_min__value`,
        'The first date shard in this table' as `stats__date_shard_min__description`,
        is_date_shard as `stats__date_shard_min__include`,

        'Shard (max)' as `stats__date_shard_max__label`,
        table_shards.shard_max as `stats__date_shard_max__value`,
        'The last date shard in this table' as `stats__date_shard_max__description`,
        is_date_shard as `stats__date_shard_max__include`,

        '# Rows' as `stats__num_rows__label`,
        row_count as `stats__num_rows__value`,
        'Approximate count of rows in this table' as `stats__num_rows__description`,
        (unsharded_tables.table_type = 'table') as `stats__num_rows__include`,

        'Approximate Size' as `stats__num_bytes__label`,
        size_bytes as `stats__num_bytes__value`,
        'Approximate size of table as reported by BigQuery' as `stats__num_bytes__description`,
        (unsharded_tables.table_type = 'table') as `stats__num_bytes__include`,

        'Partitioned By' as `stats__partitioning_type__label`,
        partition_column as `stats__partitioning_type__value`,
        'The partitioning column for this table' as `stats__partitioning_type__description`,
        is_partitioned as `stats__partitioning_type__include`,

        'Clustered By' as `stats__clustering_fields__label`,
        clustering_columns as `stats__clustering_fields__value`,
        'The clustering columns for this table' as `stats__clustering_fields__description`,
        is_clustered as `stats__clustering_fields__include`

    -- join using relation_id (an actual relation, not a shard prefix) to make
    -- sure that column metadata is picked up through the join. This will only
    -- return the column information for the "max" table in a date-sharded table set
    from unsharded_tables
    left join table_options using (relation_id)
    left join columns using (relation_id)
    left join column_stats using (relation_id)
  
[0m17:36:43.167568 [debug] [ThreadPool]: BigQuery adapter: https://console.cloud.google.com/bigquery?project=portifolio-482811&j=bq:US:65c19a99-9cbe-4770-b82b-785e29950b8b&page=queryresults
[0m17:36:43.172003 [debug] [ThreadPool]: BigQuery adapter: https://console.cloud.google.com/bigquery?project=portifolio-482811&j=bq:US:74f3a601-01cf-4789-8be2-14e84e3ad336&page=queryresults
[0m17:36:43.252717 [debug] [ThreadPool]: BigQuery adapter: https://console.cloud.google.com/bigquery?project=portifolio-482811&j=bq:US:18d94053-eb29-4cfe-8250-43d246ae9466&page=queryresults
[0m17:36:45.718604 [info ] [MainThread]: Catalog written to /opt/airflow/dbt/northwind_dw/target/catalog.json
[0m17:36:45.719685 [debug] [MainThread]: Resource report: {"command_name": "generate", "command_success": true, "command_wall_clock_time": 6.5303445, "process_user_time": 3.500528, "process_kernel_time": 1.637652, "process_mem_max_rss": "235180", "process_out_blocks": "6296", "process_in_blocks": "0"}
[0m17:36:45.720157 [debug] [MainThread]: Command `dbt docs generate` succeeded at 17:36:45.720053 after 6.53 seconds
[0m17:36:45.720430 [debug] [MainThread]: Connection 'generate_catalog' was properly closed.
[0m17:36:45.720674 [debug] [MainThread]: Connection 'portifolio-482811.information_schema' was properly closed.
[0m17:36:45.720891 [debug] [MainThread]: Connection 'portifolio-482811.information_schema' was properly closed.
[0m17:36:45.721086 [debug] [MainThread]: Connection 'portifolio-482811.information_schema' was properly closed.
[0m17:36:45.721319 [debug] [MainThread]: Sending event: {'category': 'dbt', 'action': 'invocation', 'label': 'end', 'context': [<snowplow_tracker.self_describing_json.SelfDescribingJson object at 0x769db166c1d0>, <snowplow_tracker.self_describing_json.SelfDescribingJson object at 0x769dae36f5d0>, <snowplow_tracker.self_describing_json.SelfDescribingJson object at 0x769db2c5b650>]}
[0m17:36:45.721607 [debug] [MainThread]: Flushing usage events
[0m17:36:58.488350 [debug] [MainThread]: Sending event: {'category': 'dbt', 'action': 'invocation', 'label': 'start', 'context': [<snowplow_tracker.self_describing_json.SelfDescribingJson object at 0x7434f481e110>, <snowplow_tracker.self_describing_json.SelfDescribingJson object at 0x7434f484f290>, <snowplow_tracker.self_describing_json.SelfDescribingJson object at 0x7434f4f7b090>]}


============================== 17:36:58.492537 | 88fe4c64-1f06-4187-85f7-7e4e2720e4ff ==============================
[0m17:36:58.492537 [info ] [MainThread]: Running with dbt=1.7.4
[0m17:36:58.493017 [debug] [MainThread]: running dbt with arguments {'printer_width': '80', 'indirect_selection': 'eager', 'log_cache_events': 'False', 'write_json': 'True', 'partial_parse': 'True', 'cache_selected_only': 'False', 'warn_error': 'None', 'version_check': 'True', 'fail_fast': 'False', 'log_path': '/opt/airflow/dbt/northwind_dw/logs', 'debug': 'False', 'profiles_dir': '/opt/airflow/dbt', 'use_colors': 'True', 'use_experimental_parser': 'False', 'no_print': 'None', 'quiet': 'False', 'warn_error_options': 'WarnErrorOptions(include=[], exclude=[])', 'static_parser': 'True', 'log_format': 'default', 'invocation_command': 'dbt docs serve --port 8081 --profiles-dir /opt/airflow/dbt', 'target_path': 'None', 'introspect': 'True', 'send_anonymous_usage_stats': 'True'}
[0m17:36:59.146899 [debug] [MainThread]: Sending event: {'category': 'dbt', 'action': 'project_id', 'label': '88fe4c64-1f06-4187-85f7-7e4e2720e4ff', 'context': [<snowplow_tracker.self_describing_json.SelfDescribingJson object at 0x7434baeb5790>]}
[0m17:36:59.202968 [debug] [MainThread]: Sending event: {'category': 'dbt', 'action': 'adapter_info', 'label': '88fe4c64-1f06-4187-85f7-7e4e2720e4ff', 'context': [<snowplow_tracker.self_describing_json.SelfDescribingJson object at 0x7434bae80110>]}
[0m01:44:34.102519 [debug] [MainThread]: Sending event: {'category': 'dbt', 'action': 'invocation', 'label': 'start', 'context': [<snowplow_tracker.self_describing_json.SelfDescribingJson object at 0x7879ec5eda90>, <snowplow_tracker.self_describing_json.SelfDescribingJson object at 0x7879eaaa9890>, <snowplow_tracker.self_describing_json.SelfDescribingJson object at 0x7879eb44d950>]}


============================== 01:44:34.106462 | 0ca6298a-3e1f-4b89-a9df-946ffaae2912 ==============================
[0m01:44:34.106462 [info ] [MainThread]: Running with dbt=1.12.0
[0m01:44:34.107272 [debug] [MainThread]: running dbt with arguments {'warn_error': 'None', 'profiles_dir': '..', 'introspect': 'True', 'static_parser': 'True', 'warn_error_options': 'WarnErrorOptionsV2(error=[], warn=[], silence=[])', 'hints_enabled': 'True', 'debug': 'False', 'maximum_seed_size_mib': '1', 'fail_fast': 'False', 'indirect_selection': 'eager', 'empty': 'None', 'partial_parse': 'True', 'quiet': 'False', 'write_json': 'True', 'log_cache_events': 'False', 'invocation_command': 'dbt debug --profiles-dir ..', 'cache_selected_only': 'False', 'version_check': 'True', 'target_path': 'None', 'log_format': 'default', 'no_print': 'None', 'use_experimental_parser': 'False', 'log_path': '/app/dbt/northwind_dw/logs', 'send_anonymous_usage_stats': 'True', 'printer_width': '80', 'use_colors': 'True'}
[0m01:44:34.123301 [info ] [MainThread]: dbt version: 1.12.0
[0m01:44:34.124300 [info ] [MainThread]: python version: 3.11.15
[0m01:44:34.125064 [info ] [MainThread]: python path: /usr/local/bin/python3.11
[0m01:44:34.125957 [info ] [MainThread]: os info: Linux-6.6.87.2-microsoft-standard-WSL2-x86_64-with-glibc2.41
[0m01:44:35.712896 [info ] [MainThread]: Using profiles dir at ..
[0m01:44:35.714085 [info ] [MainThread]: Using profiles.yml file at ../profiles.yml
[0m01:44:35.715438 [info ] [MainThread]: Using dbt_project.yml file at /app/dbt/northwind_dw/dbt_project.yml
[0m01:44:35.716366 [info ] [MainThread]: adapter type: bigquery
[0m01:44:35.717289 [info ] [MainThread]: adapter version: 1.12.0
[0m01:44:35.969695 [info ] [MainThread]: Configuration:
[0m01:44:35.970613 [info ] [MainThread]:   profiles.yml file [[32mOK found and valid[0m]
[0m01:44:35.971409 [info ] [MainThread]:   dbt_project.yml file [[32mOK found and valid[0m]
[0m01:44:35.972264 [info ] [MainThread]: Required dependencies:
[0m01:44:35.973091 [debug] [MainThread]: Executing "git --help"
[0m01:44:35.975552 [info ] [MainThread]:  - git [[31mERROR[0m]

[0m01:44:35.976202 [info ] [MainThread]: Connection:
[0m01:44:35.977115 [info ] [MainThread]:   method: service-account
[0m01:44:35.978495 [info ] [MainThread]:   database: portifolio-482811
[0m01:44:35.979451 [info ] [MainThread]:   execution_project: portifolio-482811
[0m01:44:35.980317 [info ] [MainThread]:   schema: northwind_bronze
[0m01:44:35.981029 [info ] [MainThread]:   location: US
[0m01:44:35.981803 [info ] [MainThread]:   priority: interactive
[0m01:44:35.982438 [info ] [MainThread]:   maximum_bytes_billed: None
[0m01:44:35.983024 [info ] [MainThread]:   reservation: None
[0m01:44:35.983669 [info ] [MainThread]:   impersonate_service_account: None
[0m01:44:35.984307 [info ] [MainThread]:   job_retry_deadline_seconds: None
[0m01:44:35.984925 [info ] [MainThread]:   job_retries: 1
[0m01:44:35.985605 [info ] [MainThread]:   job_creation_timeout_seconds: None
[0m01:44:35.986253 [info ] [MainThread]:   job_execution_timeout_seconds: 300
[0m01:44:35.986744 [info ] [MainThread]:   job_link_info_level_log: False
[0m01:44:35.987293 [info ] [MainThread]:   timeout_seconds: 300
[0m01:44:35.987880 [info ] [MainThread]:   client_id: None
[0m01:44:35.988545 [info ] [MainThread]:   token_uri: None
[0m01:44:35.989274 [info ] [MainThread]:   compute_region: None
[0m01:44:35.989986 [info ] [MainThread]:   dataproc_cluster_name: None
[0m01:44:35.990686 [info ] [MainThread]:   gcs_bucket: None
[0m01:44:35.991378 [info ] [MainThread]:   dataproc_batch: None
[0m01:44:35.992452 [info ] [MainThread]: Registered adapter: bigquery=1.12.0
[0m01:44:36.310495 [debug] [MainThread]: Acquiring new bigquery connection 'debug'
[0m01:44:36.311063 [debug] [MainThread]: On debug: select 1 as id
[0m01:44:36.311628 [debug] [MainThread]: Opening a new connection, currently in state init
[0m01:44:36.312394 [debug] [MainThread]: BigQuery adapter: Got an error when attempting to create a bigquery " "client: '[Errno 2] No such file or directory: 'gcp-key.json''
[0m01:44:36.312939 [debug] [MainThread]: BigQuery adapter: Unhandled error while running:
select 1 as id
[0m01:44:36.313353 [debug] [MainThread]: BigQuery adapter: Database Error
  [Errno 2] No such file or directory: 'gcp-key.json'
[0m01:44:36.313771 [info ] [MainThread]:   Connection test: [[31mERROR[0m]

[0m01:44:36.314344 [info ] [MainThread]: [31m2 checks failed:[0m
[0m01:44:36.314884 [info ] [MainThread]: Error from git --help: Could not find command, ensure it is in the user's PATH: "git"

[0m01:44:36.315449 [info ] [MainThread]: dbt was unable to connect to the specified database.
The database returned the following error:

  >'NoneType' object has no attribute 'close'

Check your database credentials and try again. For more information, visit:
https://docs.getdbt.com/docs/configure-your-profile


[0m01:44:36.316678 [debug] [MainThread]: Resource report: {"command_name": "debug", "command_success": false, "command_wall_clock_time": 2.3148487, "process_in_blocks": "0", "process_kernel_time": 1.017985, "process_mem_max_rss": "228772", "process_out_blocks": "1544", "process_user_time": 4.460699}
[0m01:44:36.317736 [debug] [MainThread]: Command `dbt debug` failed at 01:44:36.317589 after 2.32 seconds
[0m01:44:36.318243 [debug] [MainThread]: Sending event: {'category': 'dbt', 'action': 'invocation', 'label': 'end', 'context': [<snowplow_tracker.self_describing_json.SelfDescribingJson object at 0x7879ead1e9d0>, <snowplow_tracker.self_describing_json.SelfDescribingJson object at 0x7879eaaf32d0>, <snowplow_tracker.self_describing_json.SelfDescribingJson object at 0x7879eaaf1e10>]}
[0m01:44:36.318764 [debug] [MainThread]: Flushing usage events
[0m01:44:36.935903 [debug] [MainThread]: An error was encountered while trying to flush usage events
[0m01:45:24.189331 [debug] [MainThread]: Sending event: {'category': 'dbt', 'action': 'invocation', 'label': 'start', 'context': [<snowplow_tracker.self_describing_json.SelfDescribingJson object at 0x79e300334f10>, <snowplow_tracker.self_describing_json.SelfDescribingJson object at 0x79e300335010>, <snowplow_tracker.self_describing_json.SelfDescribingJson object at 0x79e300335890>]}


============================== 01:45:24.193536 | e916e06f-b9b7-4901-8886-bf89cf065752 ==============================
[0m01:45:24.193536 [info ] [MainThread]: Running with dbt=1.12.0
[0m01:45:24.194451 [debug] [MainThread]: running dbt with arguments {'printer_width': '80', 'empty': 'None', 'log_cache_events': 'False', 'version_check': 'True', 'quiet': 'False', 'send_anonymous_usage_stats': 'True', 'cache_selected_only': 'False', 'use_colors': 'True', 'profiles_dir': '..', 'warn_error': 'None', 'target_path': 'None', 'partial_parse': 'True', 'fail_fast': 'False', 'write_json': 'True', 'log_path': '/app/dbt/northwind_dw/logs', 'no_print': 'None', 'introspect': 'True', 'invocation_command': 'dbt debug --profiles-dir ..', 'log_format': 'default', 'maximum_seed_size_mib': '1', 'hints_enabled': 'True', 'warn_error_options': 'WarnErrorOptionsV2(error=[], warn=[], silence=[])', 'static_parser': 'True', 'use_experimental_parser': 'False', 'debug': 'False', 'indirect_selection': 'eager'}
[0m01:45:24.207647 [info ] [MainThread]: dbt version: 1.12.0
[0m01:45:24.208346 [info ] [MainThread]: python version: 3.11.15
[0m01:45:24.209299 [info ] [MainThread]: python path: /usr/local/bin/python3.11
[0m01:45:24.210609 [info ] [MainThread]: os info: Linux-6.6.87.2-microsoft-standard-WSL2-x86_64-with-glibc2.41
[0m01:45:25.406717 [info ] [MainThread]: Using profiles dir at ..
[0m01:45:25.407410 [info ] [MainThread]: Using profiles.yml file at ../profiles.yml
[0m01:45:25.407939 [info ] [MainThread]: Using dbt_project.yml file at /app/dbt/northwind_dw/dbt_project.yml
[0m01:45:25.408522 [info ] [MainThread]: adapter type: bigquery
[0m01:45:25.409610 [info ] [MainThread]: adapter version: 1.12.0
[0m01:45:25.590914 [info ] [MainThread]: Configuration:
[0m01:45:25.591556 [info ] [MainThread]:   profiles.yml file [[32mOK found and valid[0m]
[0m01:45:25.592092 [info ] [MainThread]:   dbt_project.yml file [[32mOK found and valid[0m]
[0m01:45:25.592844 [info ] [MainThread]: Required dependencies:
[0m01:45:25.593579 [debug] [MainThread]: Executing "git --help"
[0m01:45:25.595191 [info ] [MainThread]:  - git [[31mERROR[0m]

[0m01:45:25.595771 [info ] [MainThread]: Connection:
[0m01:45:25.596391 [info ] [MainThread]:   method: service-account
[0m01:45:25.597114 [info ] [MainThread]:   database: portifolio-482811
[0m01:45:25.597833 [info ] [MainThread]:   execution_project: portifolio-482811
[0m01:45:25.598609 [info ] [MainThread]:   schema: northwind_bronze
[0m01:45:25.599252 [info ] [MainThread]:   location: US
[0m01:45:25.599884 [info ] [MainThread]:   priority: interactive
[0m01:45:25.600574 [info ] [MainThread]:   maximum_bytes_billed: None
[0m01:45:25.601198 [info ] [MainThread]:   reservation: None
[0m01:45:25.601873 [info ] [MainThread]:   impersonate_service_account: None
[0m01:45:25.602623 [info ] [MainThread]:   job_retry_deadline_seconds: None
[0m01:45:25.603768 [info ] [MainThread]:   job_retries: 1
[0m01:45:25.604778 [info ] [MainThread]:   job_creation_timeout_seconds: None
[0m01:45:25.605545 [info ] [MainThread]:   job_execution_timeout_seconds: 300
[0m01:45:25.606340 [info ] [MainThread]:   job_link_info_level_log: False
[0m01:45:25.607127 [info ] [MainThread]:   timeout_seconds: 300
[0m01:45:25.607923 [info ] [MainThread]:   client_id: None
[0m01:45:25.608730 [info ] [MainThread]:   token_uri: None
[0m01:45:25.609877 [info ] [MainThread]:   compute_region: None
[0m01:45:25.610766 [info ] [MainThread]:   dataproc_cluster_name: None
[0m01:45:25.611601 [info ] [MainThread]:   gcs_bucket: None
[0m01:45:25.612391 [info ] [MainThread]:   dataproc_batch: None
[0m01:45:25.613534 [info ] [MainThread]: Registered adapter: bigquery=1.12.0
[0m01:45:25.911483 [debug] [MainThread]: Acquiring new bigquery connection 'debug'
[0m01:45:25.912132 [debug] [MainThread]: On debug: select 1 as id
[0m01:45:25.912716 [debug] [MainThread]: Opening a new connection, currently in state init
[0m01:45:27.705937 [debug] [MainThread]: BigQuery adapter: https://console.cloud.google.com/bigquery?project=portifolio-482811&j=bq:US:a5968855-457a-4949-98e7-a65c4c0d28aa&page=queryresults
[0m01:45:28.022025 [debug] [MainThread]: SQL status: OK in 0.315 seconds
[0m01:45:28.571275 [info ] [MainThread]:   Connection test: [[32mOK connection ok[0m]

[0m01:45:28.572007 [info ] [MainThread]: [31m1 check failed:[0m
[0m01:45:28.572546 [info ] [MainThread]: Error from git --help: Could not find command, ensure it is in the user's PATH: "git"

[0m01:45:28.573595 [debug] [MainThread]: Resource report: {"command_name": "debug", "command_success": false, "command_wall_clock_time": 4.490059, "process_in_blocks": "0", "process_kernel_time": 0.989498, "process_mem_max_rss": "238316", "process_out_blocks": "16", "process_user_time": 3.849389}
[0m01:45:28.574312 [debug] [MainThread]: Command `dbt debug` failed at 01:45:28.574130 after 4.49 seconds
[0m01:45:28.574780 [debug] [MainThread]: Connection 'debug' was properly closed.
[0m01:45:28.575286 [debug] [MainThread]: Sending event: {'category': 'dbt', 'action': 'invocation', 'label': 'end', 'context': [<snowplow_tracker.self_describing_json.SelfDescribingJson object at 0x79e3001e0590>, <snowplow_tracker.self_describing_json.SelfDescribingJson object at 0x79e3001e3bd0>, <snowplow_tracker.self_describing_json.SelfDescribingJson object at 0x79e2dad52850>]}
[0m01:45:28.575857 [debug] [MainThread]: Flushing usage events
[0m01:45:29.159529 [debug] [MainThread]: An error was encountered while trying to flush usage events
[0m01:45:47.052786 [debug] [MainThread]: Sending event: {'category': 'dbt', 'action': 'invocation', 'label': 'start', 'context': [<snowplow_tracker.self_describing_json.SelfDescribingJson object at 0x7526bea8f450>, <snowplow_tracker.self_describing_json.SelfDescribingJson object at 0x7526bea8ed90>, <snowplow_tracker.self_describing_json.SelfDescribingJson object at 0x7526bea8c750>]}


============================== 01:45:47.056880 | 883250f4-7187-40a1-9844-503b63a997f2 ==============================
[0m01:45:47.056880 [info ] [MainThread]: Running with dbt=1.12.0
[0m01:45:47.057808 [debug] [MainThread]: running dbt with arguments {'quiet': 'False', 'warn_error_options': 'WarnErrorOptionsV2(error=[], warn=[], silence=[])', 'maximum_seed_size_mib': '1', 'no_print': 'None', 'log_format': 'default', 'target_path': 'None', 'profiles_dir': '..', 'printer_width': '80', 'use_experimental_parser': 'False', 'partial_parse': 'True', 'debug': 'False', 'indirect_selection': 'eager', 'empty': 'False', 'introspect': 'True', 'send_anonymous_usage_stats': 'True', 'write_json': 'True', 'invocation_command': 'dbt compile --profiles-dir ..', 'static_parser': 'True', 'warn_error': 'None', 'hints_enabled': 'True', 'version_check': 'True', 'fail_fast': 'False', 'log_path': '/app/dbt/northwind_dw/logs', 'log_cache_events': 'False', 'cache_selected_only': 'False', 'use_colors': 'True'}
[0m01:45:49.016290 [debug] [MainThread]: Sending event: {'category': 'dbt', 'action': 'project_id', 'label': '883250f4-7187-40a1-9844-503b63a997f2', 'context': [<snowplow_tracker.self_describing_json.SelfDescribingJson object at 0x75269967da50>]}
[0m01:45:49.121977 [debug] [MainThread]: Sending event: {'category': 'dbt', 'action': 'adapter_info', 'label': '883250f4-7187-40a1-9844-503b63a997f2', 'context': [<snowplow_tracker.self_describing_json.SelfDescribingJson object at 0x7526c1d4acd0>]}
[0m01:45:49.123293 [info ] [MainThread]: Registered adapter: bigquery=1.12.0
[0m01:45:49.521040 [debug] [MainThread]: checksum: d4f4ef13da6c3aad9ab454ee546b59192bf62b3fd0a217783ca98ed59e21247c, vars: {}, profile: northwind_dw, target: dev, version: 1.12.0
[0m01:45:49.714017 [info ] [MainThread]: Unable to do partial parsing because of a version mismatch
[0m01:45:49.714705 [debug] [MainThread]: Sending event: {'category': 'dbt', 'action': 'partial_parser', 'label': '883250f4-7187-40a1-9844-503b63a997f2', 'context': [<snowplow_tracker.self_describing_json.SelfDescribingJson object at 0x7526bfdd77d0>]}
[0m01:45:51.940377 [error] [MainThread]: [[31mERROR[0m]: Encountered an error:
Parsing Error
  Failed to render models/bronze/sources.yml from project northwind_dw: Parsing Error
    Env var required but not provided: 'GCP_PROJECT_ID'
[0m01:45:51.941522 [debug] [MainThread]: Resource report: {"command_name": "compile", "command_success": false, "command_wall_clock_time": 5.014088, "process_in_blocks": "1256", "process_kernel_time": 1.091201, "process_mem_max_rss": "236632", "process_out_blocks": "16", "process_user_time": 6.916293}
[0m01:45:51.942417 [debug] [MainThread]: Command `dbt compile` failed at 01:45:51.942257 after 5.02 seconds
[0m01:45:51.942935 [debug] [MainThread]: Sending event: {'category': 'dbt', 'action': 'invocation', 'label': 'end', 'context': [<snowplow_tracker.self_describing_json.SelfDescribingJson object at 0x7526bea83f90>, <snowplow_tracker.self_describing_json.SelfDescribingJson object at 0x752699132550>, <snowplow_tracker.self_describing_json.SelfDescribingJson object at 0x75269913ed90>]}
[0m01:45:51.943475 [debug] [MainThread]: Flushing usage events
[0m01:45:52.568496 [debug] [MainThread]: An error was encountered while trying to flush usage events
[0m01:46:28.797574 [debug] [MainThread]: Sending event: {'category': 'dbt', 'action': 'invocation', 'label': 'start', 'context': [<snowplow_tracker.self_describing_json.SelfDescribingJson object at 0x7525e2b294d0>, <snowplow_tracker.self_describing_json.SelfDescribingJson object at 0x7525e29b69d0>, <snowplow_tracker.self_describing_json.SelfDescribingJson object at 0x7525e2a6a110>]}


============================== 01:46:28.801660 | d6159e85-4f03-4020-953e-5c233959c834 ==============================
[0m01:46:28.801660 [info ] [MainThread]: Running with dbt=1.12.0
[0m01:46:28.802524 [debug] [MainThread]: running dbt with arguments {'target_path': 'None', 'warn_error_options': 'WarnErrorOptionsV2(error=[], warn=[], silence=[])', 'log_cache_events': 'False', 'send_anonymous_usage_stats': 'True', 'profiles_dir': '..', 'partial_parse': 'True', 'log_path': '/app/dbt/northwind_dw/logs', 'write_json': 'True', 'version_check': 'True', 'use_experimental_parser': 'False', 'introspect': 'True', 'log_format': 'default', 'fail_fast': 'False', 'quiet': 'False', 'maximum_seed_size_mib': '1', 'invocation_command': 'dbt compile --profiles-dir ..', 'indirect_selection': 'eager', 'use_colors': 'True', 'printer_width': '80', 'no_print': 'None', 'empty': 'False', 'static_parser': 'True', 'warn_error': 'None', 'debug': 'False', 'cache_selected_only': 'False', 'hints_enabled': 'True'}
[0m01:46:30.077524 [debug] [MainThread]: Sending event: {'category': 'dbt', 'action': 'project_id', 'label': 'd6159e85-4f03-4020-953e-5c233959c834', 'context': [<snowplow_tracker.self_describing_json.SelfDescribingJson object at 0x7525bd6276d0>]}
[0m01:46:30.174954 [debug] [MainThread]: Sending event: {'category': 'dbt', 'action': 'adapter_info', 'label': 'd6159e85-4f03-4020-953e-5c233959c834', 'context': [<snowplow_tracker.self_describing_json.SelfDescribingJson object at 0x7525e5e02f90>]}
[0m01:46:30.176106 [info ] [MainThread]: Registered adapter: bigquery=1.12.0
[0m01:46:30.482920 [debug] [MainThread]: checksum: d4f4ef13da6c3aad9ab454ee546b59192bf62b3fd0a217783ca98ed59e21247c, vars: {}, profile: northwind_dw, target: dev, version: 1.12.0
[0m01:46:30.704584 [info ] [MainThread]: Unable to do partial parsing because of a version mismatch
[0m01:46:30.705408 [debug] [MainThread]: Sending event: {'category': 'dbt', 'action': 'partial_parser', 'label': 'd6159e85-4f03-4020-953e-5c233959c834', 'context': [<snowplow_tracker.self_describing_json.SelfDescribingJson object at 0x7525e34bb4d0>]}
[0m01:46:33.276896 [warn ] [MainThread]: [[33mWARNING[0m]: Did not find matching node for patch with name 'gold_employee_performance' in the 'models' section of file 'models/gold/schema.yml'
[0m01:46:33.278880 [warn ] [MainThread]: [[33mWARNING[0m]: Did not find matching node for patch with name 'gold_product_performance' in the 'models' section of file 'models/gold/schema.yml'
[0m01:46:33.634797 [debug] [MainThread]: Sending event: {'category': 'dbt', 'action': 'load_project', 'label': 'd6159e85-4f03-4020-953e-5c233959c834', 'context': [<snowplow_tracker.self_describing_json.SelfDescribingJson object at 0x7525a7961250>]}
[0m01:46:33.818502 [debug] [MainThread]: Wrote artifact WritableManifest to /app/dbt/northwind_dw/target/manifest.json
[0m01:46:33.822130 [debug] [MainThread]: Wrote artifact SemanticManifest to /app/dbt/northwind_dw/target/semantic_manifest.json
[0m01:46:33.841077 [debug] [MainThread]: Wrote artifact OsiDocument to /app/dbt/northwind_dw/target/osi_document.json
[0m01:46:33.867575 [debug] [MainThread]: Sending event: {'category': 'dbt', 'action': 'resource_counts', 'label': 'd6159e85-4f03-4020-953e-5c233959c834', 'context': [<snowplow_tracker.self_describing_json.SelfDescribingJson object at 0x7525a79e0650>]}
[0m01:46:33.868326 [info ] [MainThread]: Found 15 models, 22 data tests, 8 sources, 676 macros
[0m01:46:33.868825 [debug] [MainThread]: Sending event: {'category': 'dbt', 'action': 'runnable_timing', 'label': 'd6159e85-4f03-4020-953e-5c233959c834', 'context': [<snowplow_tracker.self_describing_json.SelfDescribingJson object at 0x7525a7b4dad0>]}
[0m01:46:33.872577 [info ] [MainThread]: 
[0m01:46:33.873091 [info ] [MainThread]: Concurrency: 4 threads (target='dev')
[0m01:46:33.873555 [info ] [MainThread]: 
[0m01:46:33.874510 [debug] [MainThread]: Acquiring new bigquery connection 'master'
[0m01:46:33.882187 [debug] [ThreadPool]: Acquiring new bigquery connection 'list_portifolio-482811_northwind_silver'
[0m01:46:33.884760 [debug] [ThreadPool]: Acquiring new bigquery connection 'list_portifolio-482811_northwind_bronze'
[0m01:46:33.885267 [debug] [ThreadPool]: Opening a new connection, currently in state init
[0m01:46:33.886973 [debug] [ThreadPool]: Acquiring new bigquery connection 'list_portifolio-482811_gold'
[0m01:46:33.887649 [debug] [ThreadPool]: Opening a new connection, currently in state init
[0m01:46:33.959946 [debug] [ThreadPool]: Opening a new connection, currently in state init
[0m01:46:35.154498 [debug] [MainThread]: Sending event: {'category': 'dbt', 'action': 'runnable_timing', 'label': 'd6159e85-4f03-4020-953e-5c233959c834', 'context': [<snowplow_tracker.self_describing_json.SelfDescribingJson object at 0x7525a7c94890>]}
[0m01:46:35.155230 [debug] [MainThread]: Opening a new connection, currently in state init
[0m01:46:35.232640 [debug] [Thread-4 (]: Began running node model.northwind_dw.bronze_categories
[0m01:46:35.234267 [debug] [Thread-5 (]: Began running node model.northwind_dw.bronze_customers
[0m01:46:35.235610 [debug] [Thread-6 (]: Began running node model.northwind_dw.bronze_employees
[0m01:46:35.236334 [debug] [Thread-7 (]: Began running node model.northwind_dw.bronze_order_details
[0m01:46:35.237041 [debug] [Thread-4 (]: Re-using an available connection from the pool (formerly list_portifolio-482811_gold, now model.northwind_dw.bronze_categories)
[0m01:46:35.237736 [debug] [Thread-5 (]: Re-using an available connection from the pool (formerly list_portifolio-482811_northwind_silver, now model.northwind_dw.bronze_customers)
[0m01:46:35.238434 [debug] [Thread-6 (]: Re-using an available connection from the pool (formerly list_portifolio-482811_northwind_bronze, now model.northwind_dw.bronze_employees)
[0m01:46:35.239158 [debug] [Thread-7 (]: Acquiring new bigquery connection 'model.northwind_dw.bronze_order_details'
[0m01:46:35.239752 [debug] [Thread-4 (]: Began compiling node model.northwind_dw.bronze_categories
[0m01:46:35.240285 [debug] [Thread-5 (]: Began compiling node model.northwind_dw.bronze_customers
[0m01:46:35.240839 [debug] [Thread-6 (]: Began compiling node model.northwind_dw.bronze_employees
[0m01:46:35.241368 [debug] [Thread-7 (]: Began compiling node model.northwind_dw.bronze_order_details
[0m01:46:35.249734 [debug] [Thread-4 (]: Writing injected SQL for node "model.northwind_dw.bronze_categories"
[0m01:46:35.252194 [debug] [Thread-5 (]: Writing injected SQL for node "model.northwind_dw.bronze_customers"
[0m01:46:35.254396 [debug] [Thread-6 (]: Writing injected SQL for node "model.northwind_dw.bronze_employees"
[0m01:46:35.256383 [debug] [Thread-7 (]: Writing injected SQL for node "model.northwind_dw.bronze_order_details"
[0m01:46:35.258313 [debug] [Thread-6 (]: Began executing node model.northwind_dw.bronze_employees
[0m01:46:35.258789 [debug] [Thread-5 (]: Began executing node model.northwind_dw.bronze_customers
[0m01:46:35.259358 [debug] [Thread-4 (]: Began executing node model.northwind_dw.bronze_categories
[0m01:46:35.260100 [debug] [Thread-6 (]: Opening a new connection, currently in state closed
[0m01:46:35.260754 [debug] [Thread-5 (]: Opening a new connection, currently in state closed
[0m01:46:35.261230 [debug] [Thread-7 (]: Began executing node model.northwind_dw.bronze_order_details
[0m01:46:35.261854 [debug] [Thread-4 (]: Opening a new connection, currently in state closed
[0m01:46:35.332330 [debug] [Thread-5 (]: Finished running node model.northwind_dw.bronze_customers
[0m01:46:35.399084 [debug] [Thread-7 (]: Opening a new connection, currently in state init
[0m01:46:35.400625 [debug] [Thread-6 (]: Finished running node model.northwind_dw.bronze_employees
[0m01:46:35.401569 [debug] [Thread-5 (]: Began running node model.northwind_dw.bronze_orders
[0m01:46:35.468691 [debug] [Thread-4 (]: Finished running node model.northwind_dw.bronze_categories
[0m01:46:35.470007 [debug] [Thread-6 (]: Began running node model.northwind_dw.bronze_products
[0m01:46:35.540552 [debug] [Thread-7 (]: Finished running node model.northwind_dw.bronze_order_details
[0m01:46:35.541125 [debug] [Thread-5 (]: Re-using an available connection from the pool (formerly model.northwind_dw.bronze_customers, now model.northwind_dw.bronze_orders)
[0m01:46:35.541886 [debug] [Thread-4 (]: Began running node model.northwind_dw.bronze_shippers
[0m01:46:35.542779 [debug] [Thread-6 (]: Re-using an available connection from the pool (formerly model.northwind_dw.bronze_employees, now model.northwind_dw.bronze_products)
[0m01:46:35.543774 [debug] [Thread-7 (]: Began running node model.northwind_dw.bronze_suppliers
[0m01:46:35.544484 [debug] [Thread-5 (]: Began compiling node model.northwind_dw.bronze_orders
[0m01:46:35.545075 [debug] [Thread-4 (]: Re-using an available connection from the pool (formerly model.northwind_dw.bronze_categories, now model.northwind_dw.bronze_shippers)
[0m01:46:35.545702 [debug] [Thread-6 (]: Began compiling node model.northwind_dw.bronze_products
[0m01:46:35.546392 [debug] [Thread-7 (]: Re-using an available connection from the pool (formerly model.northwind_dw.bronze_order_details, now model.northwind_dw.bronze_suppliers)
[0m01:46:35.549045 [debug] [Thread-5 (]: Writing injected SQL for node "model.northwind_dw.bronze_orders"
[0m01:46:35.550157 [debug] [Thread-4 (]: Began compiling node model.northwind_dw.bronze_shippers
[0m01:46:35.552869 [debug] [Thread-6 (]: Writing injected SQL for node "model.northwind_dw.bronze_products"
[0m01:46:35.553608 [debug] [Thread-7 (]: Began compiling node model.northwind_dw.bronze_suppliers
[0m01:46:35.563130 [debug] [Thread-4 (]: Writing injected SQL for node "model.northwind_dw.bronze_shippers"
[0m01:46:35.563926 [debug] [Thread-5 (]: Began executing node model.northwind_dw.bronze_orders
[0m01:46:35.567913 [debug] [Thread-7 (]: Writing injected SQL for node "model.northwind_dw.bronze_suppliers"
[0m01:46:35.569634 [debug] [Thread-6 (]: Began executing node model.northwind_dw.bronze_products
[0m01:46:35.570824 [debug] [Thread-5 (]: Opening a new connection, currently in state closed
[0m01:46:35.571894 [debug] [Thread-4 (]: Began executing node model.northwind_dw.bronze_shippers
[0m01:46:35.572685 [debug] [Thread-6 (]: Opening a new connection, currently in state closed
[0m01:46:35.574058 [debug] [Thread-7 (]: Began executing node model.northwind_dw.bronze_suppliers
[0m01:46:35.643606 [debug] [Thread-4 (]: Opening a new connection, currently in state closed
[0m01:46:35.645102 [debug] [Thread-5 (]: Finished running node model.northwind_dw.bronze_orders
[0m01:46:35.719707 [debug] [Thread-7 (]: Opening a new connection, currently in state closed
[0m01:46:35.721242 [debug] [Thread-6 (]: Finished running node model.northwind_dw.bronze_products
[0m01:46:35.791455 [debug] [Thread-4 (]: Finished running node model.northwind_dw.bronze_shippers
[0m01:46:35.792310 [debug] [Thread-5 (]: Began running node model.northwind_dw.silver_dim_customers
[0m01:46:35.862426 [debug] [Thread-7 (]: Finished running node model.northwind_dw.bronze_suppliers
[0m01:46:35.863167 [debug] [Thread-6 (]: Began running node test.northwind_dw.not_null_bronze_customers_customer_id.254c74eb6e
[0m01:46:35.864215 [debug] [Thread-4 (]: Began running node test.northwind_dw.unique_bronze_customers_customer_id.f8660c11fe
[0m01:46:35.865247 [debug] [Thread-5 (]: Re-using an available connection from the pool (formerly model.northwind_dw.bronze_orders, now model.northwind_dw.silver_dim_customers)
[0m01:46:35.866756 [debug] [Thread-7 (]: Began running node model.northwind_dw.silver_dim_employees
[0m01:46:35.868398 [debug] [Thread-6 (]: Re-using an available connection from the pool (formerly model.northwind_dw.bronze_products, now test.northwind_dw.not_null_bronze_customers_customer_id.254c74eb6e)
[0m01:46:35.869166 [debug] [Thread-4 (]: Re-using an available connection from the pool (formerly model.northwind_dw.bronze_shippers, now test.northwind_dw.unique_bronze_customers_customer_id.f8660c11fe)
[0m01:46:35.869764 [debug] [Thread-5 (]: Began compiling node model.northwind_dw.silver_dim_customers
[0m01:46:35.870467 [debug] [Thread-7 (]: Re-using an available connection from the pool (formerly model.northwind_dw.bronze_suppliers, now model.northwind_dw.silver_dim_employees)
[0m01:46:35.871034 [debug] [Thread-6 (]: Began compiling node test.northwind_dw.not_null_bronze_customers_customer_id.254c74eb6e
[0m01:46:35.871595 [debug] [Thread-4 (]: Began compiling node test.northwind_dw.unique_bronze_customers_customer_id.f8660c11fe
[0m01:46:35.874611 [debug] [Thread-5 (]: Writing injected SQL for node "model.northwind_dw.silver_dim_customers"
[0m01:46:35.875299 [debug] [Thread-7 (]: Began compiling node model.northwind_dw.silver_dim_employees
[0m01:46:35.904911 [debug] [Thread-4 (]: Writing injected SQL for node "test.northwind_dw.unique_bronze_customers_customer_id.f8660c11fe"
[0m01:46:35.909136 [debug] [Thread-6 (]: Writing injected SQL for node "test.northwind_dw.not_null_bronze_customers_customer_id.254c74eb6e"
[0m01:46:35.912002 [debug] [Thread-7 (]: Writing injected SQL for node "model.northwind_dw.silver_dim_employees"
[0m01:46:35.913003 [debug] [Thread-5 (]: Began executing node model.northwind_dw.silver_dim_customers
[0m01:46:35.914346 [debug] [Thread-5 (]: Opening a new connection, currently in state closed
[0m01:46:35.915198 [debug] [Thread-7 (]: Began executing node model.northwind_dw.silver_dim_employees
[0m01:46:35.916012 [debug] [Thread-4 (]: Began executing node test.northwind_dw.unique_bronze_customers_customer_id.f8660c11fe
[0m01:46:35.917226 [debug] [Thread-7 (]: Opening a new connection, currently in state closed
[0m01:46:35.985074 [debug] [Thread-6 (]: Began executing node test.northwind_dw.not_null_bronze_customers_customer_id.254c74eb6e
[0m01:46:35.986725 [debug] [Thread-5 (]: Finished running node model.northwind_dw.silver_dim_customers
[0m01:46:35.987277 [debug] [Thread-4 (]: Opening a new connection, currently in state closed
[0m01:46:36.054384 [debug] [Thread-6 (]: Opening a new connection, currently in state closed
[0m01:46:36.055827 [debug] [Thread-7 (]: Finished running node model.northwind_dw.silver_dim_employees
[0m01:46:36.056581 [debug] [Thread-5 (]: Began running node test.northwind_dw.not_null_bronze_employees_employee_id.9a322d5ce7
[0m01:46:36.125168 [debug] [Thread-4 (]: Finished running node test.northwind_dw.unique_bronze_customers_customer_id.f8660c11fe
[0m01:46:36.125861 [debug] [Thread-7 (]: Began running node test.northwind_dw.unique_bronze_employees_employee_id.7c9377f0ec
[0m01:46:36.193711 [debug] [Thread-6 (]: Finished running node test.northwind_dw.not_null_bronze_customers_customer_id.254c74eb6e
[0m01:46:36.194629 [debug] [Thread-5 (]: Re-using an available connection from the pool (formerly model.northwind_dw.silver_dim_customers, now test.northwind_dw.not_null_bronze_employees_employee_id.9a322d5ce7)
[0m01:46:36.195323 [debug] [Thread-4 (]: Began running node test.northwind_dw.not_null_bronze_categories_category_id.a831d0caf8
[0m01:46:36.196090 [debug] [Thread-7 (]: Re-using an available connection from the pool (formerly model.northwind_dw.silver_dim_employees, now test.northwind_dw.unique_bronze_employees_employee_id.7c9377f0ec)
[0m01:46:36.196740 [debug] [Thread-6 (]: Began running node test.northwind_dw.unique_bronze_categories_category_id.73fe8c9fc1
[0m01:46:36.197427 [debug] [Thread-5 (]: Began compiling node test.northwind_dw.not_null_bronze_employees_employee_id.9a322d5ce7
[0m01:46:36.198092 [debug] [Thread-4 (]: Re-using an available connection from the pool (formerly test.northwind_dw.unique_bronze_customers_customer_id.f8660c11fe, now test.northwind_dw.not_null_bronze_categories_category_id.a831d0caf8)
[0m01:46:36.198890 [debug] [Thread-7 (]: Began compiling node test.northwind_dw.unique_bronze_employees_employee_id.7c9377f0ec
[0m01:46:36.199583 [debug] [Thread-6 (]: Re-using an available connection from the pool (formerly test.northwind_dw.not_null_bronze_customers_customer_id.254c74eb6e, now test.northwind_dw.unique_bronze_categories_category_id.73fe8c9fc1)
[0m01:46:36.208208 [debug] [Thread-5 (]: Writing injected SQL for node "test.northwind_dw.not_null_bronze_employees_employee_id.9a322d5ce7"
[0m01:46:36.208849 [debug] [Thread-4 (]: Began compiling node test.northwind_dw.not_null_bronze_categories_category_id.a831d0caf8
[0m01:46:36.217583 [debug] [Thread-7 (]: Writing injected SQL for node "test.northwind_dw.unique_bronze_employees_employee_id.7c9377f0ec"
[0m01:46:36.218409 [debug] [Thread-6 (]: Began compiling node test.northwind_dw.unique_bronze_categories_category_id.73fe8c9fc1
[0m01:46:36.226610 [debug] [Thread-4 (]: Writing injected SQL for node "test.northwind_dw.not_null_bronze_categories_category_id.a831d0caf8"
[0m01:46:36.227668 [debug] [Thread-5 (]: Began executing node test.northwind_dw.not_null_bronze_employees_employee_id.9a322d5ce7
[0m01:46:36.228185 [debug] [Thread-7 (]: Began executing node test.northwind_dw.unique_bronze_employees_employee_id.7c9377f0ec
[0m01:46:36.237662 [debug] [Thread-6 (]: Writing injected SQL for node "test.northwind_dw.unique_bronze_categories_category_id.73fe8c9fc1"
[0m01:46:36.238700 [debug] [Thread-5 (]: Opening a new connection, currently in state closed
[0m01:46:36.239396 [debug] [Thread-7 (]: Opening a new connection, currently in state closed
[0m01:46:36.240028 [debug] [Thread-4 (]: Began executing node test.northwind_dw.not_null_bronze_categories_category_id.a831d0caf8
[0m01:46:36.308293 [debug] [Thread-5 (]: Finished running node test.northwind_dw.not_null_bronze_employees_employee_id.9a322d5ce7
[0m01:46:36.377419 [debug] [Thread-7 (]: Finished running node test.northwind_dw.unique_bronze_employees_employee_id.7c9377f0ec
[0m01:46:36.378025 [debug] [Thread-6 (]: Began executing node test.northwind_dw.unique_bronze_categories_category_id.73fe8c9fc1
[0m01:46:36.378583 [debug] [Thread-4 (]: Opening a new connection, currently in state closed
[0m01:46:36.379257 [debug] [Thread-5 (]: Began running node model.northwind_dw.silver_fact_orders
[0m01:46:36.379997 [debug] [Thread-7 (]: Began running node test.northwind_dw.not_null_bronze_orders_order_id.24f68d0dd3
[0m01:46:36.380754 [debug] [Thread-6 (]: Opening a new connection, currently in state closed
[0m01:46:36.447070 [debug] [Thread-5 (]: Re-using an available connection from the pool (formerly test.northwind_dw.not_null_bronze_employees_employee_id.9a322d5ce7, now model.northwind_dw.silver_fact_orders)
[0m01:46:36.448611 [debug] [Thread-4 (]: Finished running node test.northwind_dw.not_null_bronze_categories_category_id.a831d0caf8
[0m01:46:36.449547 [debug] [Thread-7 (]: Re-using an available connection from the pool (formerly test.northwind_dw.unique_bronze_employees_employee_id.7c9377f0ec, now test.northwind_dw.not_null_bronze_orders_order_id.24f68d0dd3)
[0m01:46:36.450661 [debug] [Thread-5 (]: Began compiling node model.northwind_dw.silver_fact_orders
[0m01:46:36.520103 [debug] [Thread-6 (]: Finished running node test.northwind_dw.unique_bronze_categories_category_id.73fe8c9fc1
[0m01:46:36.520906 [debug] [Thread-4 (]: Began running node test.northwind_dw.unique_bronze_orders_order_id.eec6e86d13
[0m01:46:36.521727 [debug] [Thread-7 (]: Began compiling node test.northwind_dw.not_null_bronze_orders_order_id.24f68d0dd3
[0m01:46:36.525332 [debug] [Thread-5 (]: Writing injected SQL for node "model.northwind_dw.silver_fact_orders"
[0m01:46:36.526286 [debug] [Thread-6 (]: Began running node test.northwind_dw.not_null_bronze_products_product_id.0e447b9d33
[0m01:46:36.527148 [debug] [Thread-4 (]: Re-using an available connection from the pool (formerly test.northwind_dw.not_null_bronze_categories_category_id.a831d0caf8, now test.northwind_dw.unique_bronze_orders_order_id.eec6e86d13)
[0m01:46:36.537322 [debug] [Thread-7 (]: Writing injected SQL for node "test.northwind_dw.not_null_bronze_orders_order_id.24f68d0dd3"
[0m01:46:36.538477 [debug] [Thread-6 (]: Re-using an available connection from the pool (formerly test.northwind_dw.unique_bronze_categories_category_id.73fe8c9fc1, now test.northwind_dw.not_null_bronze_products_product_id.0e447b9d33)
[0m01:46:36.539214 [debug] [Thread-4 (]: Began compiling node test.northwind_dw.unique_bronze_orders_order_id.eec6e86d13
[0m01:46:36.539878 [debug] [Thread-5 (]: Began executing node model.northwind_dw.silver_fact_orders
[0m01:46:36.540587 [debug] [Thread-6 (]: Began compiling node test.northwind_dw.not_null_bronze_products_product_id.0e447b9d33
[0m01:46:36.546489 [debug] [Thread-7 (]: Began executing node test.northwind_dw.not_null_bronze_orders_order_id.24f68d0dd3
[0m01:46:36.549759 [debug] [Thread-4 (]: Writing injected SQL for node "test.northwind_dw.unique_bronze_orders_order_id.eec6e86d13"
[0m01:46:36.550976 [debug] [Thread-5 (]: Opening a new connection, currently in state closed
[0m01:46:36.559434 [debug] [Thread-6 (]: Writing injected SQL for node "test.northwind_dw.not_null_bronze_products_product_id.0e447b9d33"
[0m01:46:36.560090 [debug] [Thread-7 (]: Opening a new connection, currently in state closed
[0m01:46:36.562091 [debug] [Thread-4 (]: Began executing node test.northwind_dw.unique_bronze_orders_order_id.eec6e86d13
[0m01:46:36.629307 [debug] [Thread-5 (]: Finished running node model.northwind_dw.silver_fact_orders
[0m01:46:36.630144 [debug] [Thread-6 (]: Began executing node test.northwind_dw.not_null_bronze_products_product_id.0e447b9d33
[0m01:46:36.705937 [debug] [Thread-4 (]: Opening a new connection, currently in state closed
[0m01:46:36.708600 [debug] [Thread-7 (]: Finished running node test.northwind_dw.not_null_bronze_orders_order_id.24f68d0dd3
[0m01:46:36.709837 [debug] [Thread-5 (]: Began running node test.northwind_dw.unique_bronze_products_product_id.c17035ba1c
[0m01:46:36.711073 [debug] [Thread-6 (]: Opening a new connection, currently in state closed
[0m01:46:36.712847 [debug] [Thread-7 (]: Began running node test.northwind_dw.not_null_bronze_shippers_shipper_id.12dd4ad53a
[0m01:46:36.814893 [debug] [Thread-4 (]: Finished running node test.northwind_dw.unique_bronze_orders_order_id.eec6e86d13
[0m01:46:36.816174 [debug] [Thread-5 (]: Re-using an available connection from the pool (formerly model.northwind_dw.silver_fact_orders, now test.northwind_dw.unique_bronze_products_product_id.c17035ba1c)
[0m01:46:36.892476 [debug] [Thread-6 (]: Finished running node test.northwind_dw.not_null_bronze_products_product_id.0e447b9d33
[0m01:46:36.893245 [debug] [Thread-7 (]: Re-using an available connection from the pool (formerly test.northwind_dw.not_null_bronze_orders_order_id.24f68d0dd3, now test.northwind_dw.not_null_bronze_shippers_shipper_id.12dd4ad53a)
[0m01:46:36.894015 [debug] [Thread-4 (]: Began running node test.northwind_dw.unique_bronze_shippers_shipper_id.16aac97069
[0m01:46:36.894774 [debug] [Thread-5 (]: Began compiling node test.northwind_dw.unique_bronze_products_product_id.c17035ba1c
[0m01:46:36.895468 [debug] [Thread-6 (]: Began running node model.northwind_dw.silver_dim_products
[0m01:46:36.896171 [debug] [Thread-7 (]: Began compiling node test.northwind_dw.not_null_bronze_shippers_shipper_id.12dd4ad53a
[0m01:46:36.896833 [debug] [Thread-4 (]: Re-using an available connection from the pool (formerly test.northwind_dw.unique_bronze_orders_order_id.eec6e86d13, now test.northwind_dw.unique_bronze_shippers_shipper_id.16aac97069)
[0m01:46:36.906764 [debug] [Thread-5 (]: Writing injected SQL for node "test.northwind_dw.unique_bronze_products_product_id.c17035ba1c"
[0m01:46:36.907605 [debug] [Thread-6 (]: Re-using an available connection from the pool (formerly test.northwind_dw.not_null_bronze_products_product_id.0e447b9d33, now model.northwind_dw.silver_dim_products)
[0m01:46:36.916425 [debug] [Thread-7 (]: Writing injected SQL for node "test.northwind_dw.not_null_bronze_shippers_shipper_id.12dd4ad53a"
[0m01:46:36.917456 [debug] [Thread-4 (]: Began compiling node test.northwind_dw.unique_bronze_shippers_shipper_id.16aac97069
[0m01:46:36.918509 [debug] [Thread-6 (]: Began compiling node model.northwind_dw.silver_dim_products
[0m01:46:36.919405 [debug] [Thread-5 (]: Began executing node test.northwind_dw.unique_bronze_products_product_id.c17035ba1c
[0m01:46:36.928928 [debug] [Thread-4 (]: Writing injected SQL for node "test.northwind_dw.unique_bronze_shippers_shipper_id.16aac97069"
[0m01:46:36.932440 [debug] [Thread-6 (]: Writing injected SQL for node "model.northwind_dw.silver_dim_products"
[0m01:46:36.933322 [debug] [Thread-7 (]: Began executing node test.northwind_dw.not_null_bronze_shippers_shipper_id.12dd4ad53a
[0m01:46:36.934128 [debug] [Thread-5 (]: Opening a new connection, currently in state closed
[0m01:46:36.935555 [debug] [Thread-7 (]: Opening a new connection, currently in state closed
[0m01:46:36.936198 [debug] [Thread-4 (]: Began executing node test.northwind_dw.unique_bronze_shippers_shipper_id.16aac97069
[0m01:46:36.936897 [debug] [Thread-6 (]: Began executing node model.northwind_dw.silver_dim_products
[0m01:46:37.004952 [debug] [Thread-5 (]: Finished running node test.northwind_dw.unique_bronze_products_product_id.c17035ba1c
[0m01:46:37.006032 [debug] [Thread-4 (]: Opening a new connection, currently in state closed
[0m01:46:37.078286 [debug] [Thread-7 (]: Finished running node test.northwind_dw.not_null_bronze_shippers_shipper_id.12dd4ad53a
[0m01:46:37.078888 [debug] [Thread-6 (]: Opening a new connection, currently in state closed
[0m01:46:37.079589 [debug] [Thread-5 (]: Began running node test.northwind_dw.not_null_bronze_suppliers_supplier_id.af94a66b50
[0m01:46:37.147042 [debug] [Thread-4 (]: Finished running node test.northwind_dw.unique_bronze_shippers_shipper_id.16aac97069
[0m01:46:37.147854 [debug] [Thread-7 (]: Began running node test.northwind_dw.unique_bronze_suppliers_supplier_id.5dde350bab
[0m01:46:37.217451 [debug] [Thread-5 (]: Re-using an available connection from the pool (formerly test.northwind_dw.unique_bronze_products_product_id.c17035ba1c, now test.northwind_dw.not_null_bronze_suppliers_supplier_id.af94a66b50)
[0m01:46:37.219220 [debug] [Thread-6 (]: Finished running node model.northwind_dw.silver_dim_products
[0m01:46:37.220009 [debug] [Thread-4 (]: Began running node test.northwind_dw.not_null_silver_dim_customers_customer_id.2c5ab665ef
[0m01:46:37.221216 [debug] [Thread-7 (]: Re-using an available connection from the pool (formerly test.northwind_dw.not_null_bronze_shippers_shipper_id.12dd4ad53a, now test.northwind_dw.unique_bronze_suppliers_supplier_id.5dde350bab)
[0m01:46:37.221907 [debug] [Thread-5 (]: Began compiling node test.northwind_dw.not_null_bronze_suppliers_supplier_id.af94a66b50
[0m01:46:37.222609 [debug] [Thread-6 (]: Began running node test.northwind_dw.unique_silver_dim_customers_customer_id.1db70683c6
[0m01:46:37.223748 [debug] [Thread-4 (]: Re-using an available connection from the pool (formerly test.northwind_dw.unique_bronze_shippers_shipper_id.16aac97069, now test.northwind_dw.not_null_silver_dim_customers_customer_id.2c5ab665ef)
[0m01:46:37.224353 [debug] [Thread-7 (]: Began compiling node test.northwind_dw.unique_bronze_suppliers_supplier_id.5dde350bab
[0m01:46:37.233324 [debug] [Thread-5 (]: Writing injected SQL for node "test.northwind_dw.not_null_bronze_suppliers_supplier_id.af94a66b50"
[0m01:46:37.234528 [debug] [Thread-6 (]: Re-using an available connection from the pool (formerly model.northwind_dw.silver_dim_products, now test.northwind_dw.unique_silver_dim_customers_customer_id.1db70683c6)
[0m01:46:37.235324 [debug] [Thread-4 (]: Began compiling node test.northwind_dw.not_null_silver_dim_customers_customer_id.2c5ab665ef
[0m01:46:37.243802 [debug] [Thread-7 (]: Writing injected SQL for node "test.northwind_dw.unique_bronze_suppliers_supplier_id.5dde350bab"
[0m01:46:37.244736 [debug] [Thread-6 (]: Began compiling node test.northwind_dw.unique_silver_dim_customers_customer_id.1db70683c6
[0m01:46:37.250771 [debug] [Thread-5 (]: Began executing node test.northwind_dw.not_null_bronze_suppliers_supplier_id.af94a66b50
[0m01:46:37.254470 [debug] [Thread-4 (]: Writing injected SQL for node "test.northwind_dw.not_null_silver_dim_customers_customer_id.2c5ab665ef"
[0m01:46:37.263541 [debug] [Thread-6 (]: Writing injected SQL for node "test.northwind_dw.unique_silver_dim_customers_customer_id.1db70683c6"
[0m01:46:37.264407 [debug] [Thread-5 (]: Opening a new connection, currently in state closed
[0m01:46:37.265287 [debug] [Thread-7 (]: Began executing node test.northwind_dw.unique_bronze_suppliers_supplier_id.5dde350bab
[0m01:46:37.338065 [debug] [Thread-5 (]: Finished running node test.northwind_dw.not_null_bronze_suppliers_supplier_id.af94a66b50
[0m01:46:37.338817 [debug] [Thread-4 (]: Began executing node test.northwind_dw.not_null_silver_dim_customers_customer_id.2c5ab665ef
[0m01:46:37.339587 [debug] [Thread-7 (]: Opening a new connection, currently in state closed
[0m01:46:37.340126 [debug] [Thread-6 (]: Began executing node test.northwind_dw.unique_silver_dim_customers_customer_id.1db70683c6
[0m01:46:37.340900 [debug] [Thread-5 (]: Began running node test.northwind_dw.not_null_silver_dim_employees_employee_id.1f3014084d
[0m01:46:37.341688 [debug] [Thread-4 (]: Opening a new connection, currently in state closed
[0m01:46:37.410223 [debug] [Thread-7 (]: Finished running node test.northwind_dw.unique_bronze_suppliers_supplier_id.5dde350bab
[0m01:46:37.410932 [debug] [Thread-6 (]: Opening a new connection, currently in state closed
[0m01:46:37.411626 [debug] [Thread-5 (]: Re-using an available connection from the pool (formerly test.northwind_dw.not_null_bronze_suppliers_supplier_id.af94a66b50, now test.northwind_dw.not_null_silver_dim_employees_employee_id.1f3014084d)
[0m01:46:37.480052 [debug] [Thread-4 (]: Finished running node test.northwind_dw.not_null_silver_dim_customers_customer_id.2c5ab665ef
[0m01:46:37.480906 [debug] [Thread-7 (]: Began running node test.northwind_dw.unique_silver_dim_employees_employee_id.dc831d0e51
[0m01:46:37.482126 [debug] [Thread-5 (]: Began compiling node test.northwind_dw.not_null_silver_dim_employees_employee_id.1f3014084d
[0m01:46:37.551571 [debug] [Thread-6 (]: Finished running node test.northwind_dw.unique_silver_dim_customers_customer_id.1db70683c6
[0m01:46:37.552414 [debug] [Thread-4 (]: Began running node model.northwind_dw.gold_customer_analytics
[0m01:46:37.553250 [debug] [Thread-7 (]: Re-using an available connection from the pool (formerly test.northwind_dw.unique_bronze_suppliers_supplier_id.5dde350bab, now test.northwind_dw.unique_silver_dim_employees_employee_id.dc831d0e51)
[0m01:46:37.562075 [debug] [Thread-5 (]: Writing injected SQL for node "test.northwind_dw.not_null_silver_dim_employees_employee_id.1f3014084d"
[0m01:46:37.562802 [debug] [Thread-6 (]: Began running node model.northwind_dw.gold_sales_by_country
[0m01:46:37.563583 [debug] [Thread-4 (]: Re-using an available connection from the pool (formerly test.northwind_dw.not_null_silver_dim_customers_customer_id.2c5ab665ef, now model.northwind_dw.gold_customer_analytics)
[0m01:46:37.564202 [debug] [Thread-7 (]: Began compiling node test.northwind_dw.unique_silver_dim_employees_employee_id.dc831d0e51
[0m01:46:37.565047 [debug] [Thread-6 (]: Re-using an available connection from the pool (formerly test.northwind_dw.unique_silver_dim_customers_customer_id.1db70683c6, now model.northwind_dw.gold_sales_by_country)
[0m01:46:37.566009 [debug] [Thread-4 (]: Began compiling node model.northwind_dw.gold_customer_analytics
[0m01:46:37.566740 [debug] [Thread-5 (]: Began executing node test.northwind_dw.not_null_silver_dim_employees_employee_id.1f3014084d
[0m01:46:37.575527 [debug] [Thread-7 (]: Writing injected SQL for node "test.northwind_dw.unique_silver_dim_employees_employee_id.dc831d0e51"
[0m01:46:37.576244 [debug] [Thread-6 (]: Began compiling node model.northwind_dw.gold_sales_by_country
[0m01:46:37.579446 [debug] [Thread-4 (]: Writing injected SQL for node "model.northwind_dw.gold_customer_analytics"
[0m01:46:37.580123 [debug] [Thread-5 (]: Opening a new connection, currently in state closed
[0m01:46:37.584113 [debug] [Thread-6 (]: Writing injected SQL for node "model.northwind_dw.gold_sales_by_country"
[0m01:46:37.585481 [debug] [Thread-7 (]: Began executing node test.northwind_dw.unique_silver_dim_employees_employee_id.dc831d0e51
[0m01:46:37.655578 [debug] [Thread-5 (]: Finished running node test.northwind_dw.not_null_silver_dim_employees_employee_id.1f3014084d
[0m01:46:37.656700 [debug] [Thread-7 (]: Opening a new connection, currently in state closed
[0m01:46:37.657520 [debug] [Thread-4 (]: Began executing node model.northwind_dw.gold_customer_analytics
[0m01:46:37.658278 [debug] [Thread-5 (]: Began running node test.northwind_dw.not_null_silver_fact_orders_order_id.e48bb6feed
[0m01:46:37.658780 [debug] [Thread-6 (]: Began executing node model.northwind_dw.gold_sales_by_country
[0m01:46:37.726383 [debug] [Thread-4 (]: Opening a new connection, currently in state closed
[0m01:46:37.727943 [debug] [Thread-7 (]: Finished running node test.northwind_dw.unique_silver_dim_employees_employee_id.dc831d0e51
[0m01:46:37.730174 [debug] [Thread-5 (]: Re-using an available connection from the pool (formerly test.northwind_dw.not_null_silver_dim_employees_employee_id.1f3014084d, now test.northwind_dw.not_null_silver_fact_orders_order_id.e48bb6feed)
[0m01:46:37.730862 [debug] [Thread-6 (]: Opening a new connection, currently in state closed
[0m01:46:37.798310 [debug] [Thread-7 (]: Began running node test.northwind_dw.not_null_silver_fact_orders_product_id.c60b4af2ac
[0m01:46:37.801125 [debug] [Thread-4 (]: Finished running node model.northwind_dw.gold_customer_analytics
[0m01:46:37.802522 [debug] [Thread-5 (]: Began compiling node test.northwind_dw.not_null_silver_fact_orders_order_id.e48bb6feed
[0m01:46:37.803928 [debug] [Thread-7 (]: Re-using an available connection from the pool (formerly test.northwind_dw.unique_silver_dim_employees_employee_id.dc831d0e51, now test.northwind_dw.not_null_silver_fact_orders_product_id.c60b4af2ac)
[0m01:46:37.886300 [debug] [Thread-6 (]: Finished running node model.northwind_dw.gold_sales_by_country
[0m01:46:37.887103 [debug] [Thread-4 (]: Began running node model.northwind_dw.gold_sales_by_category
[0m01:46:37.895714 [debug] [Thread-5 (]: Writing injected SQL for node "test.northwind_dw.not_null_silver_fact_orders_order_id.e48bb6feed"
[0m01:46:37.896434 [debug] [Thread-7 (]: Began compiling node test.northwind_dw.not_null_silver_fact_orders_product_id.c60b4af2ac
[0m01:46:37.897118 [debug] [Thread-6 (]: Began running node test.northwind_dw.not_null_silver_dim_products_product_id.223ad1b122
[0m01:46:37.897932 [debug] [Thread-4 (]: Re-using an available connection from the pool (formerly model.northwind_dw.gold_customer_analytics, now model.northwind_dw.gold_sales_by_category)
[0m01:46:37.907274 [debug] [Thread-7 (]: Writing injected SQL for node "test.northwind_dw.not_null_silver_fact_orders_product_id.c60b4af2ac"
[0m01:46:37.908161 [debug] [Thread-6 (]: Re-using an available connection from the pool (formerly model.northwind_dw.gold_sales_by_country, now test.northwind_dw.not_null_silver_dim_products_product_id.223ad1b122)
[0m01:46:37.908785 [debug] [Thread-5 (]: Began executing node test.northwind_dw.not_null_silver_fact_orders_order_id.e48bb6feed
[0m01:46:37.909365 [debug] [Thread-4 (]: Began compiling node model.northwind_dw.gold_sales_by_category
[0m01:46:37.910247 [debug] [Thread-6 (]: Began compiling node test.northwind_dw.not_null_silver_dim_products_product_id.223ad1b122
[0m01:46:37.910939 [debug] [Thread-7 (]: Began executing node test.northwind_dw.not_null_silver_fact_orders_product_id.c60b4af2ac
[0m01:46:37.911474 [debug] [Thread-5 (]: Opening a new connection, currently in state closed
[0m01:46:37.914529 [debug] [Thread-4 (]: Writing injected SQL for node "model.northwind_dw.gold_sales_by_category"
[0m01:46:37.923448 [debug] [Thread-6 (]: Writing injected SQL for node "test.northwind_dw.not_null_silver_dim_products_product_id.223ad1b122"
[0m01:46:37.924212 [debug] [Thread-7 (]: Opening a new connection, currently in state closed
[0m01:46:37.992098 [debug] [Thread-5 (]: Finished running node test.northwind_dw.not_null_silver_fact_orders_order_id.e48bb6feed
[0m01:46:37.993717 [debug] [Thread-4 (]: Began executing node model.northwind_dw.gold_sales_by_category
[0m01:46:37.994376 [debug] [Thread-6 (]: Began executing node test.northwind_dw.not_null_silver_dim_products_product_id.223ad1b122
[0m01:46:38.060920 [debug] [Thread-5 (]: Began running node test.northwind_dw.unique_silver_dim_products_product_id.1cca5c8850
[0m01:46:38.062505 [debug] [Thread-7 (]: Finished running node test.northwind_dw.not_null_silver_fact_orders_product_id.c60b4af2ac
[0m01:46:38.063363 [debug] [Thread-4 (]: Opening a new connection, currently in state closed
[0m01:46:38.064016 [debug] [Thread-6 (]: Opening a new connection, currently in state closed
[0m01:46:38.064671 [debug] [Thread-5 (]: Re-using an available connection from the pool (formerly test.northwind_dw.not_null_silver_fact_orders_order_id.e48bb6feed, now test.northwind_dw.unique_silver_dim_products_product_id.1cca5c8850)
[0m01:46:38.132558 [debug] [Thread-4 (]: Finished running node model.northwind_dw.gold_sales_by_category
[0m01:46:38.200969 [debug] [Thread-5 (]: Began compiling node test.northwind_dw.unique_silver_dim_products_product_id.1cca5c8850
[0m01:46:38.204204 [debug] [Thread-6 (]: Finished running node test.northwind_dw.not_null_silver_dim_products_product_id.223ad1b122
[0m01:46:38.217153 [debug] [Thread-5 (]: Writing injected SQL for node "test.northwind_dw.unique_silver_dim_products_product_id.1cca5c8850"
[0m01:46:38.218842 [debug] [Thread-5 (]: Began executing node test.northwind_dw.unique_silver_dim_products_product_id.1cca5c8850
[0m01:46:38.219770 [debug] [Thread-5 (]: Opening a new connection, currently in state closed
[0m01:46:38.304072 [debug] [Thread-5 (]: Finished running node test.northwind_dw.unique_silver_dim_products_product_id.1cca5c8850
[0m01:46:38.307270 [debug] [MainThread]: Connection 'master' was properly closed.
[0m01:46:38.307825 [debug] [MainThread]: Connection 'test.northwind_dw.unique_silver_dim_products_product_id.1cca5c8850' was properly closed.
[0m01:46:38.308233 [debug] [MainThread]: Connection 'test.northwind_dw.not_null_silver_dim_products_product_id.223ad1b122' was properly closed.
[0m01:46:38.308628 [debug] [MainThread]: Connection 'model.northwind_dw.gold_sales_by_category' was properly closed.
[0m01:46:38.309015 [debug] [MainThread]: Connection 'test.northwind_dw.not_null_silver_fact_orders_product_id.c60b4af2ac' was properly closed.
[0m01:46:38.318563 [debug] [MainThread]: Command end result
[0m01:46:38.416087 [debug] [MainThread]: Wrote artifact WritableManifest to /app/dbt/northwind_dw/target/manifest.json
[0m01:46:38.423009 [debug] [MainThread]: Wrote artifact SemanticManifest to /app/dbt/northwind_dw/target/semantic_manifest.json
[0m01:46:38.427603 [debug] [MainThread]: Wrote artifact OsiDocument to /app/dbt/northwind_dw/target/osi_document.json
[0m01:46:38.443275 [debug] [MainThread]: Wrote artifact RunExecutionResult to /app/dbt/northwind_dw/target/run_results.json
[0m01:46:38.444295 [debug] [MainThread]: Resource report: {"command_name": "compile", "command_success": true, "command_wall_clock_time": 9.761966, "process_in_blocks": "0", "process_kernel_time": 1.027585, "process_mem_max_rss": "259196", "process_out_blocks": "6056", "process_user_time": 10.898023}
[0m01:46:38.444928 [debug] [MainThread]: Command `dbt compile` succeeded at 01:46:38.444783 after 9.76 seconds
[0m01:46:38.445432 [debug] [MainThread]: Sending event: {'category': 'dbt', 'action': 'invocation', 'label': 'end', 'context': [<snowplow_tracker.self_describing_json.SelfDescribingJson object at 0x7525e2c3f290>, <snowplow_tracker.self_describing_json.SelfDescribingJson object at 0x7525e2b23490>, <snowplow_tracker.self_describing_json.SelfDescribingJson object at 0x7525e2b0d010>]}
[0m01:46:38.445973 [debug] [MainThread]: Flushing usage events
[0m01:46:39.006602 [debug] [MainThread]: An error was encountered while trying to flush usage events
[0m01:46:57.270050 [debug] [MainThread]: Sending event: {'category': 'dbt', 'action': 'invocation', 'label': 'start', 'context': [<snowplow_tracker.self_describing_json.SelfDescribingJson object at 0x7719343b4e90>, <snowplow_tracker.self_describing_json.SelfDescribingJson object at 0x7719343af590>, <snowplow_tracker.self_describing_json.SelfDescribingJson object at 0x7719343b6210>]}


============================== 01:46:57.274932 | 845e7311-a0d7-4819-81f2-f7db063648fa ==============================
[0m01:46:57.274932 [info ] [MainThread]: Running with dbt=1.12.0
[0m01:46:57.275802 [debug] [MainThread]: running dbt with arguments {'warn_error': 'None', 'quiet': 'False', 'introspect': 'True', 'log_path': '/app/dbt/northwind_dw/logs', 'target_path': 'None', 'warn_error_options': 'WarnErrorOptionsV2(error=[], warn=[], silence=[])', 'indirect_selection': 'eager', 'static_parser': 'True', 'cache_selected_only': 'False', 'invocation_command': 'dbt run --profiles-dir ..', 'partial_parse': 'True', 'log_format': 'default', 'use_experimental_parser': 'False', 'log_cache_events': 'False', 'printer_width': '80', 'send_anonymous_usage_stats': 'True', 'hints_enabled': 'True', 'maximum_seed_size_mib': '1', 'use_colors': 'True', 'version_check': 'True', 'fail_fast': 'False', 'profiles_dir': '..', 'write_json': 'True', 'empty': 'False', 'debug': 'False', 'no_print': 'None'}
[0m01:46:58.593477 [debug] [MainThread]: Sending event: {'category': 'dbt', 'action': 'project_id', 'label': '845e7311-a0d7-4819-81f2-f7db063648fa', 'context': [<snowplow_tracker.self_describing_json.SelfDescribingJson object at 0x77192f985c90>]}
[0m01:46:58.740010 [debug] [MainThread]: Sending event: {'category': 'dbt', 'action': 'adapter_info', 'label': '845e7311-a0d7-4819-81f2-f7db063648fa', 'context': [<snowplow_tracker.self_describing_json.SelfDescribingJson object at 0x771937672c10>]}
[0m01:46:58.741965 [info ] [MainThread]: Registered adapter: bigquery=1.12.0
[0m01:46:59.079291 [debug] [MainThread]: checksum: d4f4ef13da6c3aad9ab454ee546b59192bf62b3fd0a217783ca98ed59e21247c, vars: {}, profile: northwind_dw, target: dev, version: 1.12.0
[0m01:46:59.301910 [debug] [MainThread]: Partial parsing enabled: 0 files deleted, 0 files added, 0 files changed.
[0m01:46:59.302477 [debug] [MainThread]: Nothing changed, skipping partial parsing.
[0m01:46:59.302847 [debug] [MainThread]: Partial parsing enabled, no changes found, skipping parsing
[0m01:46:59.317650 [debug] [MainThread]: Sending event: {'category': 'dbt', 'action': 'load_project', 'label': '845e7311-a0d7-4819-81f2-f7db063648fa', 'context': [<snowplow_tracker.self_describing_json.SelfDescribingJson object at 0x77190e7f0350>]}
[0m01:46:59.566657 [debug] [MainThread]: Wrote artifact WritableManifest to /app/dbt/northwind_dw/target/manifest.json
[0m01:46:59.570398 [debug] [MainThread]: Wrote artifact SemanticManifest to /app/dbt/northwind_dw/target/semantic_manifest.json
[0m01:46:59.588225 [debug] [MainThread]: Wrote artifact OsiDocument to /app/dbt/northwind_dw/target/osi_document.json
[0m01:46:59.602442 [debug] [MainThread]: Sending event: {'category': 'dbt', 'action': 'resource_counts', 'label': '845e7311-a0d7-4819-81f2-f7db063648fa', 'context': [<snowplow_tracker.self_describing_json.SelfDescribingJson object at 0x77190ea1bb50>]}
[0m01:46:59.603175 [info ] [MainThread]: Found 15 models, 22 data tests, 8 sources, 676 macros
[0m01:46:59.603661 [debug] [MainThread]: Sending event: {'category': 'dbt', 'action': 'runnable_timing', 'label': '845e7311-a0d7-4819-81f2-f7db063648fa', 'context': [<snowplow_tracker.self_describing_json.SelfDescribingJson object at 0x7719343af490>]}
[0m01:46:59.607498 [info ] [MainThread]: 
[0m01:46:59.608253 [info ] [MainThread]: Concurrency: 4 threads (target='dev')
[0m01:46:59.608819 [info ] [MainThread]: 
[0m01:46:59.609825 [debug] [MainThread]: Acquiring new bigquery connection 'master'
[0m01:46:59.617117 [debug] [ThreadPool]: Acquiring new bigquery connection 'list_portifolio-482811'
[0m01:46:59.618294 [debug] [ThreadPool]: Acquiring new bigquery connection 'list_portifolio-482811'
[0m01:46:59.618790 [debug] [ThreadPool]: Opening a new connection, currently in state init
[0m01:46:59.619699 [debug] [ThreadPool]: Acquiring new bigquery connection 'list_portifolio-482811'
[0m01:46:59.620350 [debug] [ThreadPool]: Opening a new connection, currently in state init
[0m01:46:59.691872 [debug] [ThreadPool]: Opening a new connection, currently in state init
[0m01:47:01.076584 [debug] [ThreadPool]: Re-using an available connection from the pool (formerly list_portifolio-482811, now list_portifolio-482811_northwind_silver)
[0m01:47:01.078199 [debug] [ThreadPool]: Re-using an available connection from the pool (formerly list_portifolio-482811, now list_portifolio-482811_gold)
[0m01:47:01.079806 [debug] [ThreadPool]: Re-using an available connection from the pool (formerly list_portifolio-482811, now list_portifolio-482811_northwind_bronze)
[0m01:47:01.080389 [debug] [ThreadPool]: Opening a new connection, currently in state closed
[0m01:47:01.081073 [debug] [ThreadPool]: Opening a new connection, currently in state closed
[0m01:47:01.081624 [debug] [ThreadPool]: Opening a new connection, currently in state closed
[0m01:47:02.267224 [debug] [MainThread]: Sending event: {'category': 'dbt', 'action': 'runnable_timing', 'label': '845e7311-a0d7-4819-81f2-f7db063648fa', 'context': [<snowplow_tracker.self_describing_json.SelfDescribingJson object at 0x771936bf3250>]}
[0m01:47:02.268095 [debug] [MainThread]: Opening a new connection, currently in state init
[0m01:47:02.372656 [debug] [Thread-7 (]: Began running node model.northwind_dw.bronze_categories
[0m01:47:02.375669 [debug] [Thread-8 (]: Began running node model.northwind_dw.bronze_customers
[0m01:47:02.377501 [debug] [Thread-9 (]: Began running node model.northwind_dw.bronze_employees
[0m01:47:02.378502 [debug] [Thread-10 ]: Began running node model.northwind_dw.bronze_order_details
[0m01:47:02.379363 [info ] [Thread-7 (]: 1 of 15 START sql view model northwind_bronze.bronze_categories ................ [RUN]
[0m01:47:02.380816 [info ] [Thread-8 (]: 2 of 15 START sql view model northwind_bronze.bronze_customers ................. [RUN]
[0m01:47:02.381881 [info ] [Thread-9 (]: 3 of 15 START sql view model northwind_bronze.bronze_employees ................. [RUN]
[0m01:47:02.383335 [info ] [Thread-10 ]: 4 of 15 START sql view model northwind_bronze.bronze_order_details ............. [RUN]
[0m01:47:02.384770 [debug] [Thread-7 (]: Re-using an available connection from the pool (formerly list_portifolio-482811_gold, now model.northwind_dw.bronze_categories)
[0m01:47:02.385633 [debug] [Thread-8 (]: Re-using an available connection from the pool (formerly list_portifolio-482811_northwind_bronze, now model.northwind_dw.bronze_customers)
[0m01:47:02.386692 [debug] [Thread-9 (]: Re-using an available connection from the pool (formerly list_portifolio-482811_northwind_silver, now model.northwind_dw.bronze_employees)
[0m01:47:02.387871 [debug] [Thread-10 ]: Acquiring new bigquery connection 'model.northwind_dw.bronze_order_details'
[0m01:47:02.388753 [debug] [Thread-7 (]: Began compiling node model.northwind_dw.bronze_categories
[0m01:47:02.389604 [debug] [Thread-8 (]: Began compiling node model.northwind_dw.bronze_customers
[0m01:47:02.390446 [debug] [Thread-9 (]: Began compiling node model.northwind_dw.bronze_employees
[0m01:47:02.391203 [debug] [Thread-10 ]: Began compiling node model.northwind_dw.bronze_order_details
[0m01:47:02.410184 [debug] [Thread-7 (]: Writing injected SQL for node "model.northwind_dw.bronze_categories"
[0m01:47:02.413147 [debug] [Thread-8 (]: Writing injected SQL for node "model.northwind_dw.bronze_customers"
[0m01:47:02.415988 [debug] [Thread-9 (]: Writing injected SQL for node "model.northwind_dw.bronze_employees"
[0m01:47:02.419754 [debug] [Thread-10 ]: Writing injected SQL for node "model.northwind_dw.bronze_order_details"
[0m01:47:02.422255 [debug] [Thread-7 (]: Began executing node model.northwind_dw.bronze_categories
[0m01:47:02.423857 [debug] [Thread-8 (]: Began executing node model.northwind_dw.bronze_customers
[0m01:47:02.426480 [debug] [Thread-9 (]: Began executing node model.northwind_dw.bronze_employees
[0m01:47:02.439077 [debug] [Thread-10 ]: Began executing node model.northwind_dw.bronze_order_details
[0m01:47:02.482936 [debug] [Thread-8 (]: Opening a new connection, currently in state closed
[0m01:47:02.484216 [debug] [Thread-7 (]: Opening a new connection, currently in state closed
[0m01:47:02.487115 [debug] [Thread-9 (]: Opening a new connection, currently in state closed
[0m01:47:02.489673 [debug] [Thread-10 ]: Opening a new connection, currently in state init
[0m01:47:02.824350 [debug] [Thread-8 (]: Compilation Error in model bronze_customers (models/bronze/bronze_customers.sql)
  Trying to create view `portifolio-482811`.`northwind_bronze`.`bronze_customers`, but it currently exists as a table. Either drop `portifolio-482811`.`northwind_bronze`.`bronze_customers` manually, or run dbt with `--full-refresh` and dbt will drop it for you.
  
  > in macro bigquery__handle_existing_table (macros/materializations/view.sql)
  > called by macro handle_existing_table (macros/relations/view/replace.sql)
  > called by macro bigquery__create_or_replace_view (macros/relations/view/replace.sql)
  > called by macro materialization_view_bigquery (macros/materializations/view.sql)
  > called by model bronze_customers (models/bronze/bronze_customers.sql)
[0m01:47:02.827202 [debug] [Thread-10 ]: Compilation Error in model bronze_order_details (models/bronze/bronze_order_details.sql)
  Trying to create view `portifolio-482811`.`northwind_bronze`.`bronze_order_details`, but it currently exists as a table. Either drop `portifolio-482811`.`northwind_bronze`.`bronze_order_details` manually, or run dbt with `--full-refresh` and dbt will drop it for you.
  
  > in macro bigquery__handle_existing_table (macros/materializations/view.sql)
  > called by macro handle_existing_table (macros/relations/view/replace.sql)
  > called by macro bigquery__create_or_replace_view (macros/relations/view/replace.sql)
  > called by macro materialization_view_bigquery (macros/materializations/view.sql)
  > called by model bronze_order_details (models/bronze/bronze_order_details.sql)
[0m01:47:02.829427 [debug] [Thread-9 (]: Compilation Error in model bronze_employees (models/bronze/bronze_employees.sql)
  Trying to create view `portifolio-482811`.`northwind_bronze`.`bronze_employees`, but it currently exists as a table. Either drop `portifolio-482811`.`northwind_bronze`.`bronze_employees` manually, or run dbt with `--full-refresh` and dbt will drop it for you.
  
  > in macro bigquery__handle_existing_table (macros/materializations/view.sql)
  > called by macro handle_existing_table (macros/relations/view/replace.sql)
  > called by macro bigquery__create_or_replace_view (macros/relations/view/replace.sql)
  > called by macro materialization_view_bigquery (macros/materializations/view.sql)
  > called by model bronze_employees (models/bronze/bronze_employees.sql)
[0m01:47:02.833483 [debug] [Thread-7 (]: Compilation Error in model bronze_categories (models/bronze/bronze_categories.sql)
  Trying to create view `portifolio-482811`.`northwind_bronze`.`bronze_categories`, but it currently exists as a table. Either drop `portifolio-482811`.`northwind_bronze`.`bronze_categories` manually, or run dbt with `--full-refresh` and dbt will drop it for you.
  
  > in macro bigquery__handle_existing_table (macros/materializations/view.sql)
  > called by macro handle_existing_table (macros/relations/view/replace.sql)
  > called by macro bigquery__create_or_replace_view (macros/relations/view/replace.sql)
  > called by macro materialization_view_bigquery (macros/materializations/view.sql)
  > called by model bronze_categories (models/bronze/bronze_categories.sql)
[0m01:47:02.834664 [debug] [Thread-8 (]: Sending event: {'category': 'dbt', 'action': 'run_model', 'label': '845e7311-a0d7-4819-81f2-f7db063648fa', 'context': [<snowplow_tracker.self_describing_json.SelfDescribingJson object at 0x77190ef90e10>]}
[0m01:47:02.835123 [debug] [Thread-10 ]: Sending event: {'category': 'dbt', 'action': 'run_model', 'label': '845e7311-a0d7-4819-81f2-f7db063648fa', 'context': [<snowplow_tracker.self_describing_json.SelfDescribingJson object at 0x77190ea46e50>]}
[0m01:47:02.835801 [debug] [Thread-9 (]: Sending event: {'category': 'dbt', 'action': 'run_model', 'label': '845e7311-a0d7-4819-81f2-f7db063648fa', 'context': [<snowplow_tracker.self_describing_json.SelfDescribingJson object at 0x77190ea6fc50>]}
[0m01:47:02.836512 [debug] [Thread-7 (]: Sending event: {'category': 'dbt', 'action': 'run_model', 'label': '845e7311-a0d7-4819-81f2-f7db063648fa', 'context': [<snowplow_tracker.self_describing_json.SelfDescribingJson object at 0x77190ed52ad0>]}
[0m01:47:02.837468 [error] [Thread-8 (]: 2 of 15 ERROR creating sql view model northwind_bronze.bronze_customers ........ [[31mERROR[0m in 0.44s]
[0m01:47:02.838513 [error] [Thread-10 ]: 4 of 15 ERROR creating sql view model northwind_bronze.bronze_order_details .... [[31mERROR[0m in 0.45s]
[0m01:47:02.839679 [error] [Thread-9 (]: 3 of 15 ERROR creating sql view model northwind_bronze.bronze_employees ........ [[31mERROR[0m in 0.45s]
[0m01:47:02.841132 [error] [Thread-7 (]: 1 of 15 ERROR creating sql view model northwind_bronze.bronze_categories ....... [[31mERROR[0m in 0.45s]
[0m01:47:02.842662 [debug] [Thread-8 (]: Finished running node model.northwind_dw.bronze_customers
[0m01:47:02.843925 [debug] [Thread-10 ]: Finished running node model.northwind_dw.bronze_order_details
[0m01:47:02.844851 [debug] [Thread-9 (]: Finished running node model.northwind_dw.bronze_employees
[0m01:47:02.845742 [debug] [Thread-7 (]: Finished running node model.northwind_dw.bronze_categories
[0m01:47:02.846460 [debug] [Thread-8 (]: Began running node model.northwind_dw.bronze_orders
[0m01:47:02.847319 [debug] [Thread-13 ]: Marking all children of 'model.northwind_dw.bronze_customers' to be skipped because of status 'error'.  Reason: Compilation Error in model bronze_customers (models/bronze/bronze_customers.sql)
  Trying to create view `portifolio-482811`.`northwind_bronze`.`bronze_customers`, but it currently exists as a table. Either drop `portifolio-482811`.`northwind_bronze`.`bronze_customers` manually, or run dbt with `--full-refresh` and dbt will drop it for you.
  
  > in macro bigquery__handle_existing_table (macros/materializations/view.sql)
  > called by macro handle_existing_table (macros/relations/view/replace.sql)
  > called by macro bigquery__create_or_replace_view (macros/relations/view/replace.sql)
  > called by macro materialization_view_bigquery (macros/materializations/view.sql)
  > called by model bronze_customers (models/bronze/bronze_customers.sql).
[0m01:47:02.848002 [debug] [Thread-10 ]: Began running node model.northwind_dw.bronze_products
[0m01:47:02.848694 [debug] [Thread-9 (]: Began running node model.northwind_dw.bronze_shippers
[0m01:47:02.849294 [debug] [Thread-7 (]: Began running node model.northwind_dw.bronze_suppliers
[0m01:47:02.850017 [info ] [Thread-8 (]: 5 of 15 START sql view model northwind_bronze.bronze_orders .................... [RUN]
[0m01:47:02.851864 [debug] [Thread-13 ]: Marking all children of 'model.northwind_dw.bronze_order_details' to be skipped because of status 'error'.  Reason: Compilation Error in model bronze_order_details (models/bronze/bronze_order_details.sql)
  Trying to create view `portifolio-482811`.`northwind_bronze`.`bronze_order_details`, but it currently exists as a table. Either drop `portifolio-482811`.`northwind_bronze`.`bronze_order_details` manually, or run dbt with `--full-refresh` and dbt will drop it for you.
  
  > in macro bigquery__handle_existing_table (macros/materializations/view.sql)
  > called by macro handle_existing_table (macros/relations/view/replace.sql)
  > called by macro bigquery__create_or_replace_view (macros/relations/view/replace.sql)
  > called by macro materialization_view_bigquery (macros/materializations/view.sql)
  > called by model bronze_order_details (models/bronze/bronze_order_details.sql).
[0m01:47:02.852852 [info ] [Thread-10 ]: 6 of 15 START sql view model northwind_bronze.bronze_products .................. [RUN]
[0m01:47:02.854274 [info ] [Thread-9 (]: 7 of 15 START sql view model northwind_bronze.bronze_shippers .................. [RUN]
[0m01:47:02.855288 [info ] [Thread-7 (]: 8 of 15 START sql view model northwind_bronze.bronze_suppliers ................. [RUN]
[0m01:47:02.856309 [debug] [Thread-8 (]: Re-using an available connection from the pool (formerly model.northwind_dw.bronze_customers, now model.northwind_dw.bronze_orders)
[0m01:47:02.858455 [debug] [Thread-13 ]: Marking all children of 'model.northwind_dw.bronze_employees' to be skipped because of status 'error'.  Reason: Compilation Error in model bronze_employees (models/bronze/bronze_employees.sql)
  Trying to create view `portifolio-482811`.`northwind_bronze`.`bronze_employees`, but it currently exists as a table. Either drop `portifolio-482811`.`northwind_bronze`.`bronze_employees` manually, or run dbt with `--full-refresh` and dbt will drop it for you.
  
  > in macro bigquery__handle_existing_table (macros/materializations/view.sql)
  > called by macro handle_existing_table (macros/relations/view/replace.sql)
  > called by macro bigquery__create_or_replace_view (macros/relations/view/replace.sql)
  > called by macro materialization_view_bigquery (macros/materializations/view.sql)
  > called by model bronze_employees (models/bronze/bronze_employees.sql).
[0m01:47:02.859617 [debug] [Thread-10 ]: Re-using an available connection from the pool (formerly model.northwind_dw.bronze_order_details, now model.northwind_dw.bronze_products)
[0m01:47:02.860625 [debug] [Thread-9 (]: Re-using an available connection from the pool (formerly model.northwind_dw.bronze_employees, now model.northwind_dw.bronze_shippers)
[0m01:47:02.861293 [debug] [Thread-7 (]: Re-using an available connection from the pool (formerly model.northwind_dw.bronze_categories, now model.northwind_dw.bronze_suppliers)
[0m01:47:02.861906 [debug] [Thread-8 (]: Began compiling node model.northwind_dw.bronze_orders
[0m01:47:02.862850 [debug] [Thread-13 ]: Marking all children of 'model.northwind_dw.bronze_categories' to be skipped because of status 'error'.  Reason: Compilation Error in model bronze_categories (models/bronze/bronze_categories.sql)
  Trying to create view `portifolio-482811`.`northwind_bronze`.`bronze_categories`, but it currently exists as a table. Either drop `portifolio-482811`.`northwind_bronze`.`bronze_categories` manually, or run dbt with `--full-refresh` and dbt will drop it for you.
  
  > in macro bigquery__handle_existing_table (macros/materializations/view.sql)
  > called by macro handle_existing_table (macros/relations/view/replace.sql)
  > called by macro bigquery__create_or_replace_view (macros/relations/view/replace.sql)
  > called by macro materialization_view_bigquery (macros/materializations/view.sql)
  > called by model bronze_categories (models/bronze/bronze_categories.sql).
[0m01:47:02.863737 [debug] [Thread-10 ]: Began compiling node model.northwind_dw.bronze_products
[0m01:47:02.864727 [debug] [Thread-9 (]: Began compiling node model.northwind_dw.bronze_shippers
[0m01:47:02.865291 [debug] [Thread-7 (]: Began compiling node model.northwind_dw.bronze_suppliers
[0m01:47:02.867748 [debug] [Thread-8 (]: Writing injected SQL for node "model.northwind_dw.bronze_orders"
[0m01:47:02.870588 [debug] [Thread-10 ]: Writing injected SQL for node "model.northwind_dw.bronze_products"
[0m01:47:02.874042 [debug] [Thread-9 (]: Writing injected SQL for node "model.northwind_dw.bronze_shippers"
[0m01:47:02.876939 [debug] [Thread-7 (]: Writing injected SQL for node "model.northwind_dw.bronze_suppliers"
[0m01:47:02.879270 [debug] [Thread-10 ]: Began executing node model.northwind_dw.bronze_products
[0m01:47:02.879896 [debug] [Thread-8 (]: Began executing node model.northwind_dw.bronze_orders
[0m01:47:02.880463 [debug] [Thread-9 (]: Began executing node model.northwind_dw.bronze_shippers
[0m01:47:02.882893 [debug] [Thread-10 ]: Opening a new connection, currently in state closed
[0m01:47:02.885256 [debug] [Thread-8 (]: Opening a new connection, currently in state closed
[0m01:47:02.885927 [debug] [Thread-7 (]: Began executing node model.northwind_dw.bronze_suppliers
[0m01:47:02.962978 [debug] [Thread-9 (]: Opening a new connection, currently in state closed
[0m01:47:03.035985 [debug] [Thread-7 (]: Opening a new connection, currently in state closed
[0m01:47:03.040147 [debug] [Thread-10 ]: Compilation Error in model bronze_products (models/bronze/bronze_products.sql)
  Trying to create view `portifolio-482811`.`northwind_bronze`.`bronze_products`, but it currently exists as a table. Either drop `portifolio-482811`.`northwind_bronze`.`bronze_products` manually, or run dbt with `--full-refresh` and dbt will drop it for you.
  
  > in macro bigquery__handle_existing_table (macros/materializations/view.sql)
  > called by macro handle_existing_table (macros/relations/view/replace.sql)
  > called by macro bigquery__create_or_replace_view (macros/relations/view/replace.sql)
  > called by macro materialization_view_bigquery (macros/materializations/view.sql)
  > called by model bronze_products (models/bronze/bronze_products.sql)
[0m01:47:03.043286 [debug] [Thread-8 (]: Compilation Error in model bronze_orders (models/bronze/bronze_orders.sql)
  Trying to create view `portifolio-482811`.`northwind_bronze`.`bronze_orders`, but it currently exists as a table. Either drop `portifolio-482811`.`northwind_bronze`.`bronze_orders` manually, or run dbt with `--full-refresh` and dbt will drop it for you.
  
  > in macro bigquery__handle_existing_table (macros/materializations/view.sql)
  > called by macro handle_existing_table (macros/relations/view/replace.sql)
  > called by macro bigquery__create_or_replace_view (macros/relations/view/replace.sql)
  > called by macro materialization_view_bigquery (macros/materializations/view.sql)
  > called by model bronze_orders (models/bronze/bronze_orders.sql)
[0m01:47:03.113113 [debug] [Thread-9 (]: Compilation Error in model bronze_shippers (models/bronze/bronze_shippers.sql)
  Trying to create view `portifolio-482811`.`northwind_bronze`.`bronze_shippers`, but it currently exists as a table. Either drop `portifolio-482811`.`northwind_bronze`.`bronze_shippers` manually, or run dbt with `--full-refresh` and dbt will drop it for you.
  
  > in macro bigquery__handle_existing_table (macros/materializations/view.sql)
  > called by macro handle_existing_table (macros/relations/view/replace.sql)
  > called by macro bigquery__create_or_replace_view (macros/relations/view/replace.sql)
  > called by macro materialization_view_bigquery (macros/materializations/view.sql)
  > called by model bronze_shippers (models/bronze/bronze_shippers.sql)
[0m01:47:03.114209 [debug] [Thread-10 ]: Sending event: {'category': 'dbt', 'action': 'run_model', 'label': '845e7311-a0d7-4819-81f2-f7db063648fa', 'context': [<snowplow_tracker.self_describing_json.SelfDescribingJson object at 0x77190ea6df50>]}
[0m01:47:03.192694 [debug] [Thread-7 (]: Compilation Error in model bronze_suppliers (models/bronze/bronze_suppliers.sql)
  Trying to create view `portifolio-482811`.`northwind_bronze`.`bronze_suppliers`, but it currently exists as a table. Either drop `portifolio-482811`.`northwind_bronze`.`bronze_suppliers` manually, or run dbt with `--full-refresh` and dbt will drop it for you.
  
  > in macro bigquery__handle_existing_table (macros/materializations/view.sql)
  > called by macro handle_existing_table (macros/relations/view/replace.sql)
  > called by macro bigquery__create_or_replace_view (macros/relations/view/replace.sql)
  > called by macro materialization_view_bigquery (macros/materializations/view.sql)
  > called by model bronze_suppliers (models/bronze/bronze_suppliers.sql)
[0m01:47:03.193632 [debug] [Thread-8 (]: Sending event: {'category': 'dbt', 'action': 'run_model', 'label': '845e7311-a0d7-4819-81f2-f7db063648fa', 'context': [<snowplow_tracker.self_describing_json.SelfDescribingJson object at 0x77190ea8cdd0>]}
[0m01:47:03.194473 [debug] [Thread-9 (]: Sending event: {'category': 'dbt', 'action': 'run_model', 'label': '845e7311-a0d7-4819-81f2-f7db063648fa', 'context': [<snowplow_tracker.self_describing_json.SelfDescribingJson object at 0x77190e8bcf90>]}
[0m01:47:03.195454 [error] [Thread-10 ]: 6 of 15 ERROR creating sql view model northwind_bronze.bronze_products ......... [[31mERROR[0m in 0.25s]
[0m01:47:03.196390 [debug] [Thread-7 (]: Sending event: {'category': 'dbt', 'action': 'run_model', 'label': '845e7311-a0d7-4819-81f2-f7db063648fa', 'context': [<snowplow_tracker.self_describing_json.SelfDescribingJson object at 0x77190ea7db50>]}
[0m01:47:03.197220 [error] [Thread-8 (]: 5 of 15 ERROR creating sql view model northwind_bronze.bronze_orders ........... [[31mERROR[0m in 0.34s]
[0m01:47:03.198311 [error] [Thread-9 (]: 7 of 15 ERROR creating sql view model northwind_bronze.bronze_shippers ......... [[31mERROR[0m in 0.33s]
[0m01:47:03.199448 [debug] [Thread-10 ]: Finished running node model.northwind_dw.bronze_products
[0m01:47:03.200374 [error] [Thread-7 (]: 8 of 15 ERROR creating sql view model northwind_bronze.bronze_suppliers ........ [[31mERROR[0m in 0.34s]
[0m01:47:03.201347 [debug] [Thread-8 (]: Finished running node model.northwind_dw.bronze_orders
[0m01:47:03.202182 [debug] [Thread-9 (]: Finished running node model.northwind_dw.bronze_shippers
[0m01:47:03.202873 [debug] [Thread-10 ]: Began running node model.northwind_dw.silver_dim_customers
[0m01:47:03.203800 [debug] [Thread-13 ]: Marking all children of 'model.northwind_dw.bronze_products' to be skipped because of status 'error'.  Reason: Compilation Error in model bronze_products (models/bronze/bronze_products.sql)
  Trying to create view `portifolio-482811`.`northwind_bronze`.`bronze_products`, but it currently exists as a table. Either drop `portifolio-482811`.`northwind_bronze`.`bronze_products` manually, or run dbt with `--full-refresh` and dbt will drop it for you.
  
  > in macro bigquery__handle_existing_table (macros/materializations/view.sql)
  > called by macro handle_existing_table (macros/relations/view/replace.sql)
  > called by macro bigquery__create_or_replace_view (macros/relations/view/replace.sql)
  > called by macro materialization_view_bigquery (macros/materializations/view.sql)
  > called by model bronze_products (models/bronze/bronze_products.sql).
[0m01:47:03.204688 [debug] [Thread-7 (]: Finished running node model.northwind_dw.bronze_suppliers
[0m01:47:03.205306 [debug] [Thread-8 (]: Began running node model.northwind_dw.silver_dim_employees
[0m01:47:03.206142 [info ] [Thread-10 ]: 9 of 15 SKIP relation northwind_silver.silver_dim_customers .................... [[33mSKIP[0m]
[0m01:47:03.207445 [debug] [Thread-13 ]: Marking all children of 'model.northwind_dw.bronze_orders' to be skipped because of status 'error'.  Reason: Compilation Error in model bronze_orders (models/bronze/bronze_orders.sql)
  Trying to create view `portifolio-482811`.`northwind_bronze`.`bronze_orders`, but it currently exists as a table. Either drop `portifolio-482811`.`northwind_bronze`.`bronze_orders` manually, or run dbt with `--full-refresh` and dbt will drop it for you.
  
  > in macro bigquery__handle_existing_table (macros/materializations/view.sql)
  > called by macro handle_existing_table (macros/relations/view/replace.sql)
  > called by macro bigquery__create_or_replace_view (macros/relations/view/replace.sql)
  > called by macro materialization_view_bigquery (macros/materializations/view.sql)
  > called by model bronze_orders (models/bronze/bronze_orders.sql).
[0m01:47:03.208756 [info ] [Thread-8 (]: 10 of 15 SKIP relation northwind_silver.silver_dim_employees ................... [[33mSKIP[0m]
[0m01:47:03.210069 [debug] [Thread-10 ]: Finished running node model.northwind_dw.silver_dim_customers
[0m01:47:03.211177 [debug] [Thread-13 ]: Marking all children of 'model.northwind_dw.bronze_shippers' to be skipped because of status 'error'.  Reason: Compilation Error in model bronze_shippers (models/bronze/bronze_shippers.sql)
  Trying to create view `portifolio-482811`.`northwind_bronze`.`bronze_shippers`, but it currently exists as a table. Either drop `portifolio-482811`.`northwind_bronze`.`bronze_shippers` manually, or run dbt with `--full-refresh` and dbt will drop it for you.
  
  > in macro bigquery__handle_existing_table (macros/materializations/view.sql)
  > called by macro handle_existing_table (macros/relations/view/replace.sql)
  > called by macro bigquery__create_or_replace_view (macros/relations/view/replace.sql)
  > called by macro materialization_view_bigquery (macros/materializations/view.sql)
  > called by model bronze_shippers (models/bronze/bronze_shippers.sql).
[0m01:47:03.212238 [debug] [Thread-9 (]: Began running node model.northwind_dw.silver_fact_orders
[0m01:47:03.212816 [debug] [Thread-8 (]: Finished running node model.northwind_dw.silver_dim_employees
[0m01:47:03.213890 [debug] [Thread-13 ]: Marking all children of 'model.northwind_dw.bronze_suppliers' to be skipped because of status 'error'.  Reason: Compilation Error in model bronze_suppliers (models/bronze/bronze_suppliers.sql)
  Trying to create view `portifolio-482811`.`northwind_bronze`.`bronze_suppliers`, but it currently exists as a table. Either drop `portifolio-482811`.`northwind_bronze`.`bronze_suppliers` manually, or run dbt with `--full-refresh` and dbt will drop it for you.
  
  > in macro bigquery__handle_existing_table (macros/materializations/view.sql)
  > called by macro handle_existing_table (macros/relations/view/replace.sql)
  > called by macro bigquery__create_or_replace_view (macros/relations/view/replace.sql)
  > called by macro materialization_view_bigquery (macros/materializations/view.sql)
  > called by model bronze_suppliers (models/bronze/bronze_suppliers.sql).
[0m01:47:03.214570 [info ] [Thread-9 (]: 11 of 15 SKIP relation northwind_silver.silver_fact_orders ..................... [[33mSKIP[0m]
[0m01:47:03.216271 [debug] [Thread-9 (]: Finished running node model.northwind_dw.silver_fact_orders
[0m01:47:03.216892 [debug] [Thread-7 (]: Began running node model.northwind_dw.silver_dim_products
[0m01:47:03.217883 [info ] [Thread-7 (]: 12 of 15 SKIP relation northwind_silver.silver_dim_products .................... [[33mSKIP[0m]
[0m01:47:03.218864 [debug] [Thread-8 (]: Began running node model.northwind_dw.gold_customer_analytics
[0m01:47:03.219394 [debug] [Thread-7 (]: Finished running node model.northwind_dw.silver_dim_products
[0m01:47:03.219877 [debug] [Thread-9 (]: Began running node model.northwind_dw.gold_sales_by_country
[0m01:47:03.220634 [info ] [Thread-8 (]: 13 of 15 SKIP relation gold.gold_customer_analytics ............................ [[33mSKIP[0m]
[0m01:47:03.222517 [debug] [Thread-10 ]: Began running node model.northwind_dw.gold_sales_by_category
[0m01:47:03.221780 [info ] [Thread-9 (]: 14 of 15 SKIP relation gold.gold_sales_by_country .............................. [[33mSKIP[0m]
[0m01:47:03.223796 [debug] [Thread-8 (]: Finished running node model.northwind_dw.gold_customer_analytics
[0m01:47:03.224718 [info ] [Thread-10 ]: 15 of 15 SKIP relation gold.gold_sales_by_category ............................. [[33mSKIP[0m]
[0m01:47:03.225728 [debug] [Thread-9 (]: Finished running node model.northwind_dw.gold_sales_by_country
[0m01:47:03.226891 [debug] [Thread-10 ]: Finished running node model.northwind_dw.gold_sales_by_category
[0m01:47:03.230910 [debug] [MainThread]: Opening a new connection, currently in state closed
[0m01:47:03.300180 [debug] [MainThread]: Connection 'master' was properly closed.
[0m01:47:03.300712 [debug] [MainThread]: Connection 'model.northwind_dw.bronze_orders' was properly closed.
[0m01:47:03.301096 [debug] [MainThread]: Connection 'model.northwind_dw.bronze_shippers' was properly closed.
[0m01:47:03.301475 [debug] [MainThread]: Connection 'model.northwind_dw.bronze_suppliers' was properly closed.
[0m01:47:03.301847 [debug] [MainThread]: Connection 'model.northwind_dw.bronze_products' was properly closed.
[0m01:47:03.302402 [info ] [MainThread]: 
[0m01:47:03.302917 [info ] [MainThread]: Finished running 7 table models, 8 view models in 0 hours 0 minutes and 3.69 seconds (3.69s).
[0m01:47:03.306001 [debug] [MainThread]: Command end result
[0m01:47:03.396362 [debug] [MainThread]: Wrote artifact WritableManifest to /app/dbt/northwind_dw/target/manifest.json
[0m01:47:03.400716 [debug] [MainThread]: Wrote artifact SemanticManifest to /app/dbt/northwind_dw/target/semantic_manifest.json
[0m01:47:03.403968 [debug] [MainThread]: Wrote artifact OsiDocument to /app/dbt/northwind_dw/target/osi_document.json
[0m01:47:03.415900 [debug] [MainThread]: Wrote artifact RunExecutionResult to /app/dbt/northwind_dw/target/run_results.json
[0m01:47:03.416623 [info ] [MainThread]: 
[0m01:47:03.417301 [info ] [MainThread]: [31mCompleted with 8 errors, 0 partial successes, and 0 warnings:[0m
[0m01:47:03.418058 [info ] [MainThread]: 
[0m01:47:03.419180 [error] [MainThread]: [[31mERROR[0m]: in model bronze_customers (models/bronze/bronze_customers.sql)
[0m01:47:03.420262 [error] [MainThread]:   Compilation Error in model bronze_customers (models/bronze/bronze_customers.sql)
  Trying to create view `portifolio-482811`.`northwind_bronze`.`bronze_customers`, but it currently exists as a table. Either drop `portifolio-482811`.`northwind_bronze`.`bronze_customers` manually, or run dbt with `--full-refresh` and dbt will drop it for you.
  
  > in macro bigquery__handle_existing_table (macros/materializations/view.sql)
  > called by macro handle_existing_table (macros/relations/view/replace.sql)
  > called by macro bigquery__create_or_replace_view (macros/relations/view/replace.sql)
  > called by macro materialization_view_bigquery (macros/materializations/view.sql)
  > called by model bronze_customers (models/bronze/bronze_customers.sql)
[0m01:47:03.421058 [info ] [MainThread]: 
[0m01:47:03.421891 [info ] [MainThread]:   compiled code at target/compiled/northwind_dw/models/bronze/bronze_customers.sql
[0m01:47:03.422761 [info ] [MainThread]: 
[0m01:47:03.423858 [error] [MainThread]: [[31mERROR[0m]: in model bronze_order_details (models/bronze/bronze_order_details.sql)
[0m01:47:03.425816 [error] [MainThread]:   Compilation Error in model bronze_order_details (models/bronze/bronze_order_details.sql)
  Trying to create view `portifolio-482811`.`northwind_bronze`.`bronze_order_details`, but it currently exists as a table. Either drop `portifolio-482811`.`northwind_bronze`.`bronze_order_details` manually, or run dbt with `--full-refresh` and dbt will drop it for you.
  
  > in macro bigquery__handle_existing_table (macros/materializations/view.sql)
  > called by macro handle_existing_table (macros/relations/view/replace.sql)
  > called by macro bigquery__create_or_replace_view (macros/relations/view/replace.sql)
  > called by macro materialization_view_bigquery (macros/materializations/view.sql)
  > called by model bronze_order_details (models/bronze/bronze_order_details.sql)
[0m01:47:03.427049 [info ] [MainThread]: 
[0m01:47:03.428140 [info ] [MainThread]:   compiled code at target/compiled/northwind_dw/models/bronze/bronze_order_details.sql
[0m01:47:03.428941 [info ] [MainThread]: 
[0m01:47:03.429842 [error] [MainThread]: [[31mERROR[0m]: in model bronze_employees (models/bronze/bronze_employees.sql)
[0m01:47:03.431102 [error] [MainThread]:   Compilation Error in model bronze_employees (models/bronze/bronze_employees.sql)
  Trying to create view `portifolio-482811`.`northwind_bronze`.`bronze_employees`, but it currently exists as a table. Either drop `portifolio-482811`.`northwind_bronze`.`bronze_employees` manually, or run dbt with `--full-refresh` and dbt will drop it for you.
  
  > in macro bigquery__handle_existing_table (macros/materializations/view.sql)
  > called by macro handle_existing_table (macros/relations/view/replace.sql)
  > called by macro bigquery__create_or_replace_view (macros/relations/view/replace.sql)
  > called by macro materialization_view_bigquery (macros/materializations/view.sql)
  > called by model bronze_employees (models/bronze/bronze_employees.sql)
[0m01:47:03.432331 [info ] [MainThread]: 
[0m01:47:03.433762 [info ] [MainThread]:   compiled code at target/compiled/northwind_dw/models/bronze/bronze_employees.sql
[0m01:47:03.434789 [info ] [MainThread]: 
[0m01:47:03.435836 [error] [MainThread]: [[31mERROR[0m]: in model bronze_categories (models/bronze/bronze_categories.sql)
[0m01:47:03.437034 [error] [MainThread]:   Compilation Error in model bronze_categories (models/bronze/bronze_categories.sql)
  Trying to create view `portifolio-482811`.`northwind_bronze`.`bronze_categories`, but it currently exists as a table. Either drop `portifolio-482811`.`northwind_bronze`.`bronze_categories` manually, or run dbt with `--full-refresh` and dbt will drop it for you.
  
  > in macro bigquery__handle_existing_table (macros/materializations/view.sql)
  > called by macro handle_existing_table (macros/relations/view/replace.sql)
  > called by macro bigquery__create_or_replace_view (macros/relations/view/replace.sql)
  > called by macro materialization_view_bigquery (macros/materializations/view.sql)
  > called by model bronze_categories (models/bronze/bronze_categories.sql)
[0m01:47:03.438070 [info ] [MainThread]: 
[0m01:47:03.439130 [info ] [MainThread]:   compiled code at target/compiled/northwind_dw/models/bronze/bronze_categories.sql
[0m01:47:03.440005 [info ] [MainThread]: 
[0m01:47:03.441284 [error] [MainThread]: [[31mERROR[0m]: in model bronze_products (models/bronze/bronze_products.sql)
[0m01:47:03.442448 [error] [MainThread]:   Compilation Error in model bronze_products (models/bronze/bronze_products.sql)
  Trying to create view `portifolio-482811`.`northwind_bronze`.`bronze_products`, but it currently exists as a table. Either drop `portifolio-482811`.`northwind_bronze`.`bronze_products` manually, or run dbt with `--full-refresh` and dbt will drop it for you.
  
  > in macro bigquery__handle_existing_table (macros/materializations/view.sql)
  > called by macro handle_existing_table (macros/relations/view/replace.sql)
  > called by macro bigquery__create_or_replace_view (macros/relations/view/replace.sql)
  > called by macro materialization_view_bigquery (macros/materializations/view.sql)
  > called by model bronze_products (models/bronze/bronze_products.sql)
[0m01:47:03.443413 [info ] [MainThread]: 
[0m01:47:03.444373 [info ] [MainThread]:   compiled code at target/compiled/northwind_dw/models/bronze/bronze_products.sql
[0m01:47:03.444998 [info ] [MainThread]: 
[0m01:47:03.446530 [error] [MainThread]: [[31mERROR[0m]: in model bronze_orders (models/bronze/bronze_orders.sql)
[0m01:47:03.447983 [error] [MainThread]:   Compilation Error in model bronze_orders (models/bronze/bronze_orders.sql)
  Trying to create view `portifolio-482811`.`northwind_bronze`.`bronze_orders`, but it currently exists as a table. Either drop `portifolio-482811`.`northwind_bronze`.`bronze_orders` manually, or run dbt with `--full-refresh` and dbt will drop it for you.
  
  > in macro bigquery__handle_existing_table (macros/materializations/view.sql)
  > called by macro handle_existing_table (macros/relations/view/replace.sql)
  > called by macro bigquery__create_or_replace_view (macros/relations/view/replace.sql)
  > called by macro materialization_view_bigquery (macros/materializations/view.sql)
  > called by model bronze_orders (models/bronze/bronze_orders.sql)
[0m01:47:03.449138 [info ] [MainThread]: 
[0m01:47:03.450077 [info ] [MainThread]:   compiled code at target/compiled/northwind_dw/models/bronze/bronze_orders.sql
[0m01:47:03.450898 [info ] [MainThread]: 
[0m01:47:03.452049 [error] [MainThread]: [[31mERROR[0m]: in model bronze_shippers (models/bronze/bronze_shippers.sql)
[0m01:47:03.453328 [error] [MainThread]:   Compilation Error in model bronze_shippers (models/bronze/bronze_shippers.sql)
  Trying to create view `portifolio-482811`.`northwind_bronze`.`bronze_shippers`, but it currently exists as a table. Either drop `portifolio-482811`.`northwind_bronze`.`bronze_shippers` manually, or run dbt with `--full-refresh` and dbt will drop it for you.
  
  > in macro bigquery__handle_existing_table (macros/materializations/view.sql)
  > called by macro handle_existing_table (macros/relations/view/replace.sql)
  > called by macro bigquery__create_or_replace_view (macros/relations/view/replace.sql)
  > called by macro materialization_view_bigquery (macros/materializations/view.sql)
  > called by model bronze_shippers (models/bronze/bronze_shippers.sql)
[0m01:47:03.453948 [info ] [MainThread]: 
[0m01:47:03.454948 [info ] [MainThread]:   compiled code at target/compiled/northwind_dw/models/bronze/bronze_shippers.sql
[0m01:47:03.455676 [info ] [MainThread]: 
[0m01:47:03.456865 [error] [MainThread]: [[31mERROR[0m]: in model bronze_suppliers (models/bronze/bronze_suppliers.sql)
[0m01:47:03.458320 [error] [MainThread]:   Compilation Error in model bronze_suppliers (models/bronze/bronze_suppliers.sql)
  Trying to create view `portifolio-482811`.`northwind_bronze`.`bronze_suppliers`, but it currently exists as a table. Either drop `portifolio-482811`.`northwind_bronze`.`bronze_suppliers` manually, or run dbt with `--full-refresh` and dbt will drop it for you.
  
  > in macro bigquery__handle_existing_table (macros/materializations/view.sql)
  > called by macro handle_existing_table (macros/relations/view/replace.sql)
  > called by macro bigquery__create_or_replace_view (macros/relations/view/replace.sql)
  > called by macro materialization_view_bigquery (macros/materializations/view.sql)
  > called by model bronze_suppliers (models/bronze/bronze_suppliers.sql)
[0m01:47:03.459143 [info ] [MainThread]: 
[0m01:47:03.460212 [info ] [MainThread]:   compiled code at target/compiled/northwind_dw/models/bronze/bronze_suppliers.sql
[0m01:47:03.461017 [info ] [MainThread]: 
[0m01:47:03.461778 [info ] [MainThread]: Done. PASS=0 WARN=0 ERROR=8 SKIP=7 NO-OP=0 REUSED=0 TOTAL=15
[0m01:47:03.462982 [debug] [MainThread]: Resource report: {"command_name": "run", "command_success": false, "command_wall_clock_time": 6.3043685, "process_in_blocks": "0", "process_kernel_time": 0.970663, "process_mem_max_rss": "251544", "process_out_blocks": "3928", "process_user_time": 6.694366}
[0m01:47:03.463670 [debug] [MainThread]: Command `dbt run` failed at 01:47:03.463501 after 6.31 seconds
[0m01:47:03.464295 [debug] [MainThread]: Sending event: {'category': 'dbt', 'action': 'invocation', 'label': 'end', 'context': [<snowplow_tracker.self_describing_json.SelfDescribingJson object at 0x7719342f6050>, <snowplow_tracker.self_describing_json.SelfDescribingJson object at 0x7719342f5810>, <snowplow_tracker.self_describing_json.SelfDescribingJson object at 0x771937655d50>]}
[0m01:47:03.464857 [debug] [MainThread]: Flushing usage events
[0m01:47:04.192902 [debug] [MainThread]: An error was encountered while trying to flush usage events
[0m01:47:16.591201 [debug] [MainThread]: Sending event: {'category': 'dbt', 'action': 'invocation', 'label': 'start', 'context': [<snowplow_tracker.self_describing_json.SelfDescribingJson object at 0x72658ad4a890>, <snowplow_tracker.self_describing_json.SelfDescribingJson object at 0x72658ad48690>, <snowplow_tracker.self_describing_json.SelfDescribingJson object at 0x72658ad48ed0>]}


============================== 01:47:16.595032 | 6fea3318-7168-45d2-b2fc-ccdc91de12e9 ==============================
[0m01:47:16.595032 [info ] [MainThread]: Running with dbt=1.12.0
[0m01:47:16.595828 [debug] [MainThread]: running dbt with arguments {'warn_error': 'None', 'partial_parse': 'True', 'version_check': 'True', 'hints_enabled': 'True', 'log_cache_events': 'False', 'send_anonymous_usage_stats': 'True', 'indirect_selection': 'eager', 'debug': 'False', 'static_parser': 'True', 'cache_selected_only': 'False', 'use_colors': 'True', 'profiles_dir': '..', 'introspect': 'True', 'printer_width': '80', 'warn_error_options': 'WarnErrorOptionsV2(error=[], warn=[], silence=[])', 'write_json': 'True', 'maximum_seed_size_mib': '1', 'quiet': 'False', 'log_path': '/app/dbt/northwind_dw/logs', 'fail_fast': 'False', 'use_experimental_parser': 'False', 'log_format': 'default', 'no_print': 'None', 'empty': 'False', 'invocation_command': 'dbt run --full-refresh --profiles-dir ..', 'target_path': 'None'}
[0m01:47:17.866465 [debug] [MainThread]: Sending event: {'category': 'dbt', 'action': 'project_id', 'label': '6fea3318-7168-45d2-b2fc-ccdc91de12e9', 'context': [<snowplow_tracker.self_describing_json.SelfDescribingJson object at 0x7265658c0990>]}
[0m01:47:17.959529 [debug] [MainThread]: Sending event: {'category': 'dbt', 'action': 'adapter_info', 'label': '6fea3318-7168-45d2-b2fc-ccdc91de12e9', 'context': [<snowplow_tracker.self_describing_json.SelfDescribingJson object at 0x72658e26ad50>]}
[0m01:47:17.960896 [info ] [MainThread]: Registered adapter: bigquery=1.12.0
[0m01:47:18.473277 [debug] [MainThread]: checksum: d4f4ef13da6c3aad9ab454ee546b59192bf62b3fd0a217783ca98ed59e21247c, vars: {}, profile: northwind_dw, target: dev, version: 1.12.0
[0m01:47:18.754116 [debug] [MainThread]: Partial parsing enabled: 0 files deleted, 0 files added, 0 files changed.
[0m01:47:18.754800 [debug] [MainThread]: Nothing changed, skipping partial parsing.
[0m01:47:18.755188 [debug] [MainThread]: Partial parsing enabled, no changes found, skipping parsing
[0m01:47:18.771317 [debug] [MainThread]: Sending event: {'category': 'dbt', 'action': 'load_project', 'label': '6fea3318-7168-45d2-b2fc-ccdc91de12e9', 'context': [<snowplow_tracker.self_describing_json.SelfDescribingJson object at 0x726565585d10>]}
[0m01:47:19.042864 [debug] [MainThread]: Wrote artifact WritableManifest to /app/dbt/northwind_dw/target/manifest.json
[0m01:47:19.047321 [debug] [MainThread]: Wrote artifact SemanticManifest to /app/dbt/northwind_dw/target/semantic_manifest.json
[0m01:47:19.065366 [debug] [MainThread]: Wrote artifact OsiDocument to /app/dbt/northwind_dw/target/osi_document.json
[0m01:47:19.079734 [debug] [MainThread]: Sending event: {'category': 'dbt', 'action': 'resource_counts', 'label': '6fea3318-7168-45d2-b2fc-ccdc91de12e9', 'context': [<snowplow_tracker.self_describing_json.SelfDescribingJson object at 0x726565633a10>]}
[0m01:47:19.080553 [info ] [MainThread]: Found 15 models, 22 data tests, 8 sources, 676 macros
[0m01:47:19.081191 [debug] [MainThread]: Sending event: {'category': 'dbt', 'action': 'runnable_timing', 'label': '6fea3318-7168-45d2-b2fc-ccdc91de12e9', 'context': [<snowplow_tracker.self_describing_json.SelfDescribingJson object at 0x7265655befd0>]}
[0m01:47:19.084879 [info ] [MainThread]: 
[0m01:47:19.085422 [info ] [MainThread]: Concurrency: 4 threads (target='dev')
[0m01:47:19.086066 [info ] [MainThread]: 
[0m01:47:19.087129 [debug] [MainThread]: Acquiring new bigquery connection 'master'
[0m01:47:19.094674 [debug] [ThreadPool]: Acquiring new bigquery connection 'list_portifolio-482811'
[0m01:47:19.096036 [debug] [ThreadPool]: Opening a new connection, currently in state init
[0m01:47:19.096815 [debug] [ThreadPool]: Acquiring new bigquery connection 'list_portifolio-482811'
[0m01:47:19.098145 [debug] [ThreadPool]: Acquiring new bigquery connection 'list_portifolio-482811'
[0m01:47:19.099043 [debug] [ThreadPool]: Opening a new connection, currently in state init
[0m01:47:19.171132 [debug] [ThreadPool]: Opening a new connection, currently in state init
[0m01:47:20.141498 [debug] [ThreadPool]: Re-using an available connection from the pool (formerly list_portifolio-482811, now list_portifolio-482811_gold)
[0m01:47:20.142646 [debug] [ThreadPool]: Opening a new connection, currently in state closed
[0m01:47:20.144945 [debug] [ThreadPool]: Re-using an available connection from the pool (formerly list_portifolio-482811, now list_portifolio-482811_northwind_bronze)
[0m01:47:20.148051 [debug] [ThreadPool]: Re-using an available connection from the pool (formerly list_portifolio-482811, now list_portifolio-482811_northwind_silver)
[0m01:47:20.221731 [debug] [ThreadPool]: Opening a new connection, currently in state closed
[0m01:47:20.223399 [debug] [ThreadPool]: Opening a new connection, currently in state closed
[0m01:47:21.355308 [debug] [MainThread]: Sending event: {'category': 'dbt', 'action': 'runnable_timing', 'label': '6fea3318-7168-45d2-b2fc-ccdc91de12e9', 'context': [<snowplow_tracker.self_describing_json.SelfDescribingJson object at 0x72658e373a90>]}
[0m01:47:21.356751 [debug] [MainThread]: Opening a new connection, currently in state init
[0m01:47:21.438413 [debug] [Thread-7 (]: Began running node model.northwind_dw.bronze_categories
[0m01:47:21.439960 [debug] [Thread-8 (]: Began running node model.northwind_dw.bronze_customers
[0m01:47:21.441397 [debug] [Thread-9 (]: Began running node model.northwind_dw.bronze_employees
[0m01:47:21.442097 [debug] [Thread-10 ]: Began running node model.northwind_dw.bronze_order_details
[0m01:47:21.442854 [info ] [Thread-7 (]: 1 of 15 START sql view model northwind_bronze.bronze_categories ................ [RUN]
[0m01:47:21.444214 [info ] [Thread-8 (]: 2 of 15 START sql view model northwind_bronze.bronze_customers ................. [RUN]
[0m01:47:21.445610 [info ] [Thread-9 (]: 3 of 15 START sql view model northwind_bronze.bronze_employees ................. [RUN]
[0m01:47:21.446889 [info ] [Thread-10 ]: 4 of 15 START sql view model northwind_bronze.bronze_order_details ............. [RUN]
[0m01:47:21.448107 [debug] [Thread-7 (]: Re-using an available connection from the pool (formerly list_portifolio-482811_gold, now model.northwind_dw.bronze_categories)
[0m01:47:21.448804 [debug] [Thread-8 (]: Re-using an available connection from the pool (formerly list_portifolio-482811_northwind_bronze, now model.northwind_dw.bronze_customers)
[0m01:47:21.449538 [debug] [Thread-9 (]: Re-using an available connection from the pool (formerly list_portifolio-482811_northwind_silver, now model.northwind_dw.bronze_employees)
[0m01:47:21.450347 [debug] [Thread-10 ]: Acquiring new bigquery connection 'model.northwind_dw.bronze_order_details'
[0m01:47:21.451081 [debug] [Thread-7 (]: Began compiling node model.northwind_dw.bronze_categories
[0m01:47:21.451699 [debug] [Thread-8 (]: Began compiling node model.northwind_dw.bronze_customers
[0m01:47:21.452290 [debug] [Thread-9 (]: Began compiling node model.northwind_dw.bronze_employees
[0m01:47:21.452879 [debug] [Thread-10 ]: Began compiling node model.northwind_dw.bronze_order_details
[0m01:47:21.464562 [debug] [Thread-7 (]: Writing injected SQL for node "model.northwind_dw.bronze_categories"
[0m01:47:21.467436 [debug] [Thread-8 (]: Writing injected SQL for node "model.northwind_dw.bronze_customers"
[0m01:47:21.469746 [debug] [Thread-9 (]: Writing injected SQL for node "model.northwind_dw.bronze_employees"
[0m01:47:21.472169 [debug] [Thread-10 ]: Writing injected SQL for node "model.northwind_dw.bronze_order_details"
[0m01:47:21.474728 [debug] [Thread-7 (]: Began executing node model.northwind_dw.bronze_categories
[0m01:47:21.475706 [debug] [Thread-8 (]: Began executing node model.northwind_dw.bronze_customers
[0m01:47:21.476332 [debug] [Thread-9 (]: Began executing node model.northwind_dw.bronze_employees
[0m01:47:21.499763 [debug] [Thread-10 ]: Began executing node model.northwind_dw.bronze_order_details
[0m01:47:21.512968 [debug] [Thread-7 (]: Opening a new connection, currently in state closed
[0m01:47:21.510270 [debug] [Thread-8 (]: Opening a new connection, currently in state closed
[0m01:47:21.518196 [debug] [Thread-9 (]: Opening a new connection, currently in state closed
[0m01:47:21.521794 [debug] [Thread-10 ]: Opening a new connection, currently in state init
[0m01:47:22.409021 [debug] [Thread-7 (]: Writing runtime sql for node "model.northwind_dw.bronze_categories"
[0m01:47:22.410110 [debug] [Thread-7 (]: On model.northwind_dw.bronze_categories: /* {"app": "dbt", "dbt_version": "1.12.0", "profile_name": "northwind_dw", "target_name": "dev", "node_id": "model.northwind_dw.bronze_categories"} */


  create or replace view `portifolio-482811`.`northwind_bronze`.`bronze_categories`
  OPTIONS()
  as -- Bronze layer: Raw data from PostgreSQL ingestion



SELECT *
FROM `portifolio-482811.northwind_bronze.bronze_categories`;


[0m01:47:22.456469 [debug] [Thread-8 (]: Writing runtime sql for node "model.northwind_dw.bronze_customers"
[0m01:47:22.457668 [debug] [Thread-8 (]: On model.northwind_dw.bronze_customers: /* {"app": "dbt", "dbt_version": "1.12.0", "profile_name": "northwind_dw", "target_name": "dev", "node_id": "model.northwind_dw.bronze_customers"} */


  create or replace view `portifolio-482811`.`northwind_bronze`.`bronze_customers`
  OPTIONS()
  as -- Bronze layer: Raw data from PostgreSQL ingestion



SELECT *
FROM `portifolio-482811.northwind_bronze.bronze_customers`;


[0m01:47:22.496499 [debug] [Thread-9 (]: Writing runtime sql for node "model.northwind_dw.bronze_employees"
[0m01:47:22.498509 [debug] [Thread-9 (]: On model.northwind_dw.bronze_employees: /* {"app": "dbt", "dbt_version": "1.12.0", "profile_name": "northwind_dw", "target_name": "dev", "node_id": "model.northwind_dw.bronze_employees"} */


  create or replace view `portifolio-482811`.`northwind_bronze`.`bronze_employees`
  OPTIONS()
  as -- Bronze layer: Raw data from PostgreSQL ingestion



SELECT *
FROM `portifolio-482811.northwind_bronze.bronze_employees`;


[0m01:47:22.530374 [debug] [Thread-10 ]: Writing runtime sql for node "model.northwind_dw.bronze_order_details"
[0m01:47:22.532578 [debug] [Thread-10 ]: On model.northwind_dw.bronze_order_details: /* {"app": "dbt", "dbt_version": "1.12.0", "profile_name": "northwind_dw", "target_name": "dev", "node_id": "model.northwind_dw.bronze_order_details"} */


  create or replace view `portifolio-482811`.`northwind_bronze`.`bronze_order_details`
  OPTIONS()
  as -- Bronze layer: Raw data from PostgreSQL ingestion



SELECT *
FROM `portifolio-482811.northwind_bronze.bronze_order_details`;


[0m01:47:23.036361 [debug] [Thread-7 (]: BigQuery adapter: https://console.cloud.google.com/bigquery?project=portifolio-482811&j=bq:US:5243c194-4ff8-4965-99e4-6cc034a5437e&page=queryresults
[0m01:47:23.037273 [error] [Thread-7 (]: BigQuery adapter: https://console.cloud.google.com/bigquery?project=portifolio-482811&j=bq:US:5243c194-4ff8-4965-99e4-6cc034a5437e&page=queryresults
[0m01:47:23.043809 [debug] [Thread-9 (]: BigQuery adapter: https://console.cloud.google.com/bigquery?project=portifolio-482811&j=bq:US:8d9cd4e2-036c-45b6-8588-81725a9ce590&page=queryresults
[0m01:47:23.044786 [error] [Thread-9 (]: BigQuery adapter: https://console.cloud.google.com/bigquery?project=portifolio-482811&j=bq:US:8d9cd4e2-036c-45b6-8588-81725a9ce590&page=queryresults
[0m01:47:23.061261 [debug] [Thread-7 (]: Database Error in model bronze_categories (models/bronze/bronze_categories.sql)
  Not found: Table portifolio-482811:northwind_bronze.bronze_categories was not found in location US
  compiled code at target/run/northwind_dw/models/bronze/bronze_categories.sql
[0m01:47:23.068655 [debug] [Thread-9 (]: Database Error in model bronze_employees (models/bronze/bronze_employees.sql)
  Not found: Table portifolio-482811:northwind_bronze.bronze_employees was not found in location US
  compiled code at target/run/northwind_dw/models/bronze/bronze_employees.sql
[0m01:47:23.070251 [debug] [Thread-7 (]: Sending event: {'category': 'dbt', 'action': 'run_model', 'label': '6fea3318-7168-45d2-b2fc-ccdc91de12e9', 'context': [<snowplow_tracker.self_describing_json.SelfDescribingJson object at 0x72658adbe110>]}
[0m01:47:23.071006 [debug] [Thread-9 (]: Sending event: {'category': 'dbt', 'action': 'run_model', 'label': '6fea3318-7168-45d2-b2fc-ccdc91de12e9', 'context': [<snowplow_tracker.self_describing_json.SelfDescribingJson object at 0x72658b616ed0>]}
[0m01:47:23.071989 [error] [Thread-7 (]: 1 of 15 ERROR creating sql view model northwind_bronze.bronze_categories ....... [[31mERROR[0m in 1.62s]
[0m01:47:23.073155 [error] [Thread-9 (]: 3 of 15 ERROR creating sql view model northwind_bronze.bronze_employees ........ [[31mERROR[0m in 1.62s]
[0m01:47:23.074251 [debug] [Thread-7 (]: Finished running node model.northwind_dw.bronze_categories
[0m01:47:23.075115 [debug] [Thread-9 (]: Finished running node model.northwind_dw.bronze_employees
[0m01:47:23.075853 [debug] [Thread-7 (]: Began running node model.northwind_dw.bronze_orders
[0m01:47:23.076678 [debug] [Thread-13 ]: Marking all children of 'model.northwind_dw.bronze_categories' to be skipped because of status 'error'.  Reason: Database Error in model bronze_categories (models/bronze/bronze_categories.sql)
  Not found: Table portifolio-482811:northwind_bronze.bronze_categories was not found in location US
  compiled code at target/run/northwind_dw/models/bronze/bronze_categories.sql.
[0m01:47:23.077255 [debug] [Thread-9 (]: Began running node model.northwind_dw.bronze_products
[0m01:47:23.078011 [info ] [Thread-7 (]: 5 of 15 START sql view model northwind_bronze.bronze_orders .................... [RUN]
[0m01:47:23.080431 [debug] [Thread-13 ]: Marking all children of 'model.northwind_dw.bronze_employees' to be skipped because of status 'error'.  Reason: Database Error in model bronze_employees (models/bronze/bronze_employees.sql)
  Not found: Table portifolio-482811:northwind_bronze.bronze_employees was not found in location US
  compiled code at target/run/northwind_dw/models/bronze/bronze_employees.sql.
[0m01:47:23.081778 [info ] [Thread-9 (]: 6 of 15 START sql view model northwind_bronze.bronze_products .................. [RUN]
[0m01:47:23.083071 [debug] [Thread-7 (]: Re-using an available connection from the pool (formerly model.northwind_dw.bronze_categories, now model.northwind_dw.bronze_orders)
[0m01:47:23.084645 [debug] [Thread-9 (]: Re-using an available connection from the pool (formerly model.northwind_dw.bronze_employees, now model.northwind_dw.bronze_products)
[0m01:47:23.085314 [debug] [Thread-7 (]: Began compiling node model.northwind_dw.bronze_orders
[0m01:47:23.085905 [debug] [Thread-9 (]: Began compiling node model.northwind_dw.bronze_products
[0m01:47:23.088567 [debug] [Thread-7 (]: Writing injected SQL for node "model.northwind_dw.bronze_orders"
[0m01:47:23.091374 [debug] [Thread-9 (]: Writing injected SQL for node "model.northwind_dw.bronze_products"
[0m01:47:23.092517 [debug] [Thread-9 (]: Began executing node model.northwind_dw.bronze_products
[0m01:47:23.093063 [debug] [Thread-7 (]: Began executing node model.northwind_dw.bronze_orders
[0m01:47:23.096489 [debug] [Thread-9 (]: Opening a new connection, currently in state closed
[0m01:47:23.101642 [debug] [Thread-7 (]: Opening a new connection, currently in state closed
[0m01:47:23.102677 [debug] [Thread-8 (]: BigQuery adapter: https://console.cloud.google.com/bigquery?project=portifolio-482811&j=bq:US:079947b8-384e-43c7-aede-84f9c9bfc12c&page=queryresults
[0m01:47:23.242211 [error] [Thread-8 (]: BigQuery adapter: https://console.cloud.google.com/bigquery?project=portifolio-482811&j=bq:US:079947b8-384e-43c7-aede-84f9c9bfc12c&page=queryresults
[0m01:47:23.247657 [debug] [Thread-10 ]: BigQuery adapter: https://console.cloud.google.com/bigquery?project=portifolio-482811&j=bq:US:f3ab9658-8f31-4572-b247-070779f01ecb&page=queryresults
[0m01:47:23.253623 [error] [Thread-10 ]: BigQuery adapter: https://console.cloud.google.com/bigquery?project=portifolio-482811&j=bq:US:f3ab9658-8f31-4572-b247-070779f01ecb&page=queryresults
[0m01:47:23.261370 [debug] [Thread-8 (]: Database Error in model bronze_customers (models/bronze/bronze_customers.sql)
  Not found: Table portifolio-482811:northwind_bronze.bronze_customers was not found in location US
  compiled code at target/run/northwind_dw/models/bronze/bronze_customers.sql
[0m01:47:23.263338 [debug] [Thread-8 (]: Sending event: {'category': 'dbt', 'action': 'run_model', 'label': '6fea3318-7168-45d2-b2fc-ccdc91de12e9', 'context': [<snowplow_tracker.self_describing_json.SelfDescribingJson object at 0x72656565ecd0>]}
[0m01:47:23.265895 [error] [Thread-8 (]: 2 of 15 ERROR creating sql view model northwind_bronze.bronze_customers ........ [[31mERROR[0m in 1.81s]
[0m01:47:23.268395 [debug] [Thread-8 (]: Finished running node model.northwind_dw.bronze_customers
[0m01:47:23.271743 [debug] [Thread-10 ]: Database Error in model bronze_order_details (models/bronze/bronze_order_details.sql)
  Not found: Table portifolio-482811:northwind_bronze.bronze_order_details was not found in location US
  compiled code at target/run/northwind_dw/models/bronze/bronze_order_details.sql
[0m01:47:23.272640 [debug] [Thread-8 (]: Began running node model.northwind_dw.bronze_shippers
[0m01:47:23.273435 [debug] [Thread-13 ]: Marking all children of 'model.northwind_dw.bronze_customers' to be skipped because of status 'error'.  Reason: Database Error in model bronze_customers (models/bronze/bronze_customers.sql)
  Not found: Table portifolio-482811:northwind_bronze.bronze_customers was not found in location US
  compiled code at target/run/northwind_dw/models/bronze/bronze_customers.sql.
[0m01:47:23.274510 [debug] [Thread-10 ]: Sending event: {'category': 'dbt', 'action': 'run_model', 'label': '6fea3318-7168-45d2-b2fc-ccdc91de12e9', 'context': [<snowplow_tracker.self_describing_json.SelfDescribingJson object at 0x7265654bbad0>]}
[0m01:47:23.275569 [info ] [Thread-8 (]: 7 of 15 START sql view model northwind_bronze.bronze_shippers .................. [RUN]
[0m01:47:23.277464 [error] [Thread-10 ]: 4 of 15 ERROR creating sql view model northwind_bronze.bronze_order_details .... [[31mERROR[0m in 1.82s]
[0m01:47:23.278806 [debug] [Thread-8 (]: Re-using an available connection from the pool (formerly model.northwind_dw.bronze_customers, now model.northwind_dw.bronze_shippers)
[0m01:47:23.280273 [debug] [Thread-10 ]: Finished running node model.northwind_dw.bronze_order_details
[0m01:47:23.281097 [debug] [Thread-8 (]: Began compiling node model.northwind_dw.bronze_shippers
[0m01:47:23.281963 [debug] [Thread-10 ]: Began running node model.northwind_dw.bronze_suppliers
[0m01:47:23.283074 [debug] [Thread-13 ]: Marking all children of 'model.northwind_dw.bronze_order_details' to be skipped because of status 'error'.  Reason: Database Error in model bronze_order_details (models/bronze/bronze_order_details.sql)
  Not found: Table portifolio-482811:northwind_bronze.bronze_order_details was not found in location US
  compiled code at target/run/northwind_dw/models/bronze/bronze_order_details.sql.
[0m01:47:23.286156 [debug] [Thread-8 (]: Writing injected SQL for node "model.northwind_dw.bronze_shippers"
[0m01:47:23.287139 [info ] [Thread-10 ]: 8 of 15 START sql view model northwind_bronze.bronze_suppliers ................. [RUN]
[0m01:47:23.288608 [debug] [Thread-10 ]: Re-using an available connection from the pool (formerly model.northwind_dw.bronze_order_details, now model.northwind_dw.bronze_suppliers)
[0m01:47:23.289288 [debug] [Thread-10 ]: Began compiling node model.northwind_dw.bronze_suppliers
[0m01:47:23.292053 [debug] [Thread-10 ]: Writing injected SQL for node "model.northwind_dw.bronze_suppliers"
[0m01:47:23.292574 [debug] [Thread-8 (]: Began executing node model.northwind_dw.bronze_shippers
[0m01:47:23.295440 [debug] [Thread-8 (]: Opening a new connection, currently in state closed
[0m01:47:23.367721 [debug] [Thread-10 ]: Began executing node model.northwind_dw.bronze_suppliers
[0m01:47:23.372713 [debug] [Thread-10 ]: Opening a new connection, currently in state closed
[0m01:47:23.990602 [debug] [Thread-7 (]: Writing runtime sql for node "model.northwind_dw.bronze_orders"
[0m01:47:23.991956 [debug] [Thread-7 (]: On model.northwind_dw.bronze_orders: /* {"app": "dbt", "dbt_version": "1.12.0", "profile_name": "northwind_dw", "target_name": "dev", "node_id": "model.northwind_dw.bronze_orders"} */


  create or replace view `portifolio-482811`.`northwind_bronze`.`bronze_orders`
  OPTIONS()
  as -- Bronze layer: Raw data from PostgreSQL ingestion



SELECT *
FROM `portifolio-482811.northwind_bronze.bronze_orders`;


[0m01:47:24.067516 [debug] [Thread-8 (]: Writing runtime sql for node "model.northwind_dw.bronze_shippers"
[0m01:47:24.068931 [debug] [Thread-8 (]: On model.northwind_dw.bronze_shippers: /* {"app": "dbt", "dbt_version": "1.12.0", "profile_name": "northwind_dw", "target_name": "dev", "node_id": "model.northwind_dw.bronze_shippers"} */


  create or replace view `portifolio-482811`.`northwind_bronze`.`bronze_shippers`
  OPTIONS()
  as -- Bronze layer: Raw data from PostgreSQL ingestion



SELECT *
FROM `portifolio-482811.northwind_bronze.bronze_shippers`;


[0m01:47:24.078379 [debug] [Thread-9 (]: Writing runtime sql for node "model.northwind_dw.bronze_products"
[0m01:47:24.080179 [debug] [Thread-9 (]: On model.northwind_dw.bronze_products: /* {"app": "dbt", "dbt_version": "1.12.0", "profile_name": "northwind_dw", "target_name": "dev", "node_id": "model.northwind_dw.bronze_products"} */


  create or replace view `portifolio-482811`.`northwind_bronze`.`bronze_products`
  OPTIONS()
  as -- Bronze layer: Raw data from PostgreSQL ingestion



SELECT *
FROM `portifolio-482811.northwind_bronze.bronze_products`;


[0m01:47:24.099963 [debug] [Thread-10 ]: Writing runtime sql for node "model.northwind_dw.bronze_suppliers"
[0m01:47:24.101149 [debug] [Thread-10 ]: On model.northwind_dw.bronze_suppliers: /* {"app": "dbt", "dbt_version": "1.12.0", "profile_name": "northwind_dw", "target_name": "dev", "node_id": "model.northwind_dw.bronze_suppliers"} */


  create or replace view `portifolio-482811`.`northwind_bronze`.`bronze_suppliers`
  OPTIONS()
  as -- Bronze layer: Raw data from PostgreSQL ingestion



SELECT *
FROM `portifolio-482811.northwind_bronze.bronze_suppliers`;


[0m01:47:24.464800 [debug] [Thread-7 (]: BigQuery adapter: https://console.cloud.google.com/bigquery?project=portifolio-482811&j=bq:US:2e89ec67-f29c-4834-a8c1-9917bf935c77&page=queryresults
[0m01:47:24.466085 [error] [Thread-7 (]: BigQuery adapter: https://console.cloud.google.com/bigquery?project=portifolio-482811&j=bq:US:2e89ec67-f29c-4834-a8c1-9917bf935c77&page=queryresults
[0m01:47:24.478580 [debug] [Thread-7 (]: Database Error in model bronze_orders (models/bronze/bronze_orders.sql)
  Not found: Table portifolio-482811:northwind_bronze.bronze_orders was not found in location US
  compiled code at target/run/northwind_dw/models/bronze/bronze_orders.sql
[0m01:47:24.480374 [debug] [Thread-7 (]: Sending event: {'category': 'dbt', 'action': 'run_model', 'label': '6fea3318-7168-45d2-b2fc-ccdc91de12e9', 'context': [<snowplow_tracker.self_describing_json.SelfDescribingJson object at 0x726565638790>]}
[0m01:47:24.482529 [error] [Thread-7 (]: 5 of 15 ERROR creating sql view model northwind_bronze.bronze_orders ........... [[31mERROR[0m in 1.40s]
[0m01:47:24.484551 [debug] [Thread-7 (]: Finished running node model.northwind_dw.bronze_orders
[0m01:47:24.485380 [debug] [Thread-7 (]: Began running node model.northwind_dw.silver_dim_employees
[0m01:47:24.486122 [debug] [Thread-13 ]: Marking all children of 'model.northwind_dw.bronze_orders' to be skipped because of status 'error'.  Reason: Database Error in model bronze_orders (models/bronze/bronze_orders.sql)
  Not found: Table portifolio-482811:northwind_bronze.bronze_orders was not found in location US
  compiled code at target/run/northwind_dw/models/bronze/bronze_orders.sql.
[0m01:47:24.486957 [info ] [Thread-7 (]: 9 of 15 SKIP relation northwind_silver.silver_dim_employees .................... [[33mSKIP[0m]
[0m01:47:24.488493 [debug] [Thread-7 (]: Finished running node model.northwind_dw.silver_dim_employees
[0m01:47:24.489813 [debug] [Thread-7 (]: Began running node model.northwind_dw.silver_dim_customers
[0m01:47:24.490622 [info ] [Thread-7 (]: 10 of 15 SKIP relation northwind_silver.silver_dim_customers ................... [[33mSKIP[0m]
[0m01:47:24.491516 [debug] [Thread-7 (]: Finished running node model.northwind_dw.silver_dim_customers
[0m01:47:24.492247 [debug] [Thread-7 (]: Began running node model.northwind_dw.silver_fact_orders
[0m01:47:24.493403 [info ] [Thread-7 (]: 11 of 15 SKIP relation northwind_silver.silver_fact_orders ..................... [[33mSKIP[0m]
[0m01:47:24.494252 [debug] [Thread-7 (]: Finished running node model.northwind_dw.silver_fact_orders
[0m01:47:24.495608 [debug] [Thread-7 (]: Began running node model.northwind_dw.gold_customer_analytics
[0m01:47:24.496264 [info ] [Thread-7 (]: 12 of 15 SKIP relation gold.gold_customer_analytics ............................ [[33mSKIP[0m]
[0m01:47:24.497437 [debug] [Thread-7 (]: Finished running node model.northwind_dw.gold_customer_analytics
[0m01:47:24.498364 [debug] [Thread-7 (]: Began running node model.northwind_dw.gold_sales_by_country
[0m01:47:24.499192 [info ] [Thread-7 (]: 13 of 15 SKIP relation gold.gold_sales_by_country .............................. [[33mSKIP[0m]
[0m01:47:24.500298 [debug] [Thread-7 (]: Finished running node model.northwind_dw.gold_sales_by_country
[0m01:47:24.620347 [debug] [Thread-8 (]: BigQuery adapter: https://console.cloud.google.com/bigquery?project=portifolio-482811&j=bq:US:f0e94a19-67e9-489b-b682-7cbf9e96ed5d&page=queryresults
[0m01:47:24.621223 [error] [Thread-8 (]: BigQuery adapter: https://console.cloud.google.com/bigquery?project=portifolio-482811&j=bq:US:f0e94a19-67e9-489b-b682-7cbf9e96ed5d&page=queryresults
[0m01:47:24.628629 [debug] [Thread-8 (]: Database Error in model bronze_shippers (models/bronze/bronze_shippers.sql)
  Not found: Table portifolio-482811:northwind_bronze.bronze_shippers was not found in location US
  compiled code at target/run/northwind_dw/models/bronze/bronze_shippers.sql
[0m01:47:24.629932 [debug] [Thread-8 (]: Sending event: {'category': 'dbt', 'action': 'run_model', 'label': '6fea3318-7168-45d2-b2fc-ccdc91de12e9', 'context': [<snowplow_tracker.self_describing_json.SelfDescribingJson object at 0x7265654f7fd0>]}
[0m01:47:24.631543 [error] [Thread-8 (]: 7 of 15 ERROR creating sql view model northwind_bronze.bronze_shippers ......... [[31mERROR[0m in 1.35s]
[0m01:47:24.633210 [debug] [Thread-8 (]: Finished running node model.northwind_dw.bronze_shippers
[0m01:47:24.634035 [debug] [Thread-13 ]: Marking all children of 'model.northwind_dw.bronze_shippers' to be skipped because of status 'error'.  Reason: Database Error in model bronze_shippers (models/bronze/bronze_shippers.sql)
  Not found: Table portifolio-482811:northwind_bronze.bronze_shippers was not found in location US
  compiled code at target/run/northwind_dw/models/bronze/bronze_shippers.sql.
[0m01:47:24.641765 [debug] [Thread-10 ]: BigQuery adapter: https://console.cloud.google.com/bigquery?project=portifolio-482811&j=bq:US:76eca3ff-4f73-462d-9121-ec6e27bc3a75&page=queryresults
[0m01:47:24.642616 [error] [Thread-10 ]: BigQuery adapter: https://console.cloud.google.com/bigquery?project=portifolio-482811&j=bq:US:76eca3ff-4f73-462d-9121-ec6e27bc3a75&page=queryresults
[0m01:47:24.650501 [debug] [Thread-10 ]: Database Error in model bronze_suppliers (models/bronze/bronze_suppliers.sql)
  Not found: Table portifolio-482811:northwind_bronze.bronze_suppliers was not found in location US
  compiled code at target/run/northwind_dw/models/bronze/bronze_suppliers.sql
[0m01:47:24.651541 [debug] [Thread-10 ]: Sending event: {'category': 'dbt', 'action': 'run_model', 'label': '6fea3318-7168-45d2-b2fc-ccdc91de12e9', 'context': [<snowplow_tracker.self_describing_json.SelfDescribingJson object at 0x7265654f7fd0>]}
[0m01:47:24.652931 [error] [Thread-10 ]: 8 of 15 ERROR creating sql view model northwind_bronze.bronze_suppliers ........ [[31mERROR[0m in 1.36s]
[0m01:47:24.653952 [debug] [Thread-10 ]: Finished running node model.northwind_dw.bronze_suppliers
[0m01:47:24.655197 [debug] [Thread-13 ]: Marking all children of 'model.northwind_dw.bronze_suppliers' to be skipped because of status 'error'.  Reason: Database Error in model bronze_suppliers (models/bronze/bronze_suppliers.sql)
  Not found: Table portifolio-482811:northwind_bronze.bronze_suppliers was not found in location US
  compiled code at target/run/northwind_dw/models/bronze/bronze_suppliers.sql.
[0m01:47:24.917006 [debug] [Thread-9 (]: BigQuery adapter: https://console.cloud.google.com/bigquery?project=portifolio-482811&j=bq:US:7b8a164b-79ff-4e8f-9d71-1abf58291e5d&page=queryresults
[0m01:47:24.917845 [error] [Thread-9 (]: BigQuery adapter: https://console.cloud.google.com/bigquery?project=portifolio-482811&j=bq:US:7b8a164b-79ff-4e8f-9d71-1abf58291e5d&page=queryresults
[0m01:47:24.925055 [debug] [Thread-9 (]: Database Error in model bronze_products (models/bronze/bronze_products.sql)
  Not found: Table portifolio-482811:northwind_bronze.bronze_products was not found in location US
  compiled code at target/run/northwind_dw/models/bronze/bronze_products.sql
[0m01:47:24.925954 [debug] [Thread-9 (]: Sending event: {'category': 'dbt', 'action': 'run_model', 'label': '6fea3318-7168-45d2-b2fc-ccdc91de12e9', 'context': [<snowplow_tracker.self_describing_json.SelfDescribingJson object at 0x72658e12b590>]}
[0m01:47:24.927076 [error] [Thread-9 (]: 6 of 15 ERROR creating sql view model northwind_bronze.bronze_products ......... [[31mERROR[0m in 1.84s]
[0m01:47:24.928069 [debug] [Thread-9 (]: Finished running node model.northwind_dw.bronze_products
[0m01:47:24.928882 [debug] [Thread-13 ]: Marking all children of 'model.northwind_dw.bronze_products' to be skipped because of status 'error'.  Reason: Database Error in model bronze_products (models/bronze/bronze_products.sql)
  Not found: Table portifolio-482811:northwind_bronze.bronze_products was not found in location US
  compiled code at target/run/northwind_dw/models/bronze/bronze_products.sql.
[0m01:47:24.930408 [debug] [Thread-7 (]: Began running node model.northwind_dw.silver_dim_products
[0m01:47:24.932008 [info ] [Thread-7 (]: 14 of 15 SKIP relation northwind_silver.silver_dim_products .................... [[33mSKIP[0m]
[0m01:47:24.933113 [debug] [Thread-7 (]: Finished running node model.northwind_dw.silver_dim_products
[0m01:47:24.934650 [debug] [Thread-10 ]: Began running node model.northwind_dw.gold_sales_by_category
[0m01:47:24.935366 [info ] [Thread-10 ]: 15 of 15 SKIP relation gold.gold_sales_by_category ............................. [[33mSKIP[0m]
[0m01:47:24.936361 [debug] [Thread-10 ]: Finished running node model.northwind_dw.gold_sales_by_category
[0m01:47:24.939737 [debug] [MainThread]: Opening a new connection, currently in state closed
[0m01:47:25.009321 [debug] [MainThread]: Connection 'master' was properly closed.
[0m01:47:25.009882 [debug] [MainThread]: Connection 'model.northwind_dw.bronze_shippers' was properly closed.
[0m01:47:25.010279 [debug] [MainThread]: Connection 'model.northwind_dw.bronze_products' was properly closed.
[0m01:47:25.010722 [debug] [MainThread]: Connection 'model.northwind_dw.bronze_orders' was properly closed.
[0m01:47:25.011139 [debug] [MainThread]: Connection 'model.northwind_dw.bronze_suppliers' was properly closed.
[0m01:47:25.011695 [info ] [MainThread]: 
[0m01:47:25.012288 [info ] [MainThread]: Finished running 7 table models, 8 view models in 0 hours 0 minutes and 5.92 seconds (5.92s).
[0m01:47:25.015865 [debug] [MainThread]: Command end result
[0m01:47:25.100422 [debug] [MainThread]: Wrote artifact WritableManifest to /app/dbt/northwind_dw/target/manifest.json
[0m01:47:25.103948 [debug] [MainThread]: Wrote artifact SemanticManifest to /app/dbt/northwind_dw/target/semantic_manifest.json
[0m01:47:25.107275 [debug] [MainThread]: Wrote artifact OsiDocument to /app/dbt/northwind_dw/target/osi_document.json
[0m01:47:25.117566 [debug] [MainThread]: Wrote artifact RunExecutionResult to /app/dbt/northwind_dw/target/run_results.json
[0m01:47:25.118086 [info ] [MainThread]: 
[0m01:47:25.118623 [info ] [MainThread]: [31mCompleted with 8 errors, 0 partial successes, and 0 warnings:[0m
[0m01:47:25.119276 [info ] [MainThread]: 
[0m01:47:25.119938 [error] [MainThread]: [[31mERROR[0m]: in model bronze_categories (models/bronze/bronze_categories.sql)
[0m01:47:25.120591 [error] [MainThread]:   Database Error in model bronze_categories (models/bronze/bronze_categories.sql)
  Not found: Table portifolio-482811:northwind_bronze.bronze_categories was not found in location US
  compiled code at target/run/northwind_dw/models/bronze/bronze_categories.sql
[0m01:47:25.121194 [info ] [MainThread]: 
[0m01:47:25.121982 [info ] [MainThread]:   compiled code at target/compiled/northwind_dw/models/bronze/bronze_categories.sql
[0m01:47:25.122488 [info ] [MainThread]: 
[0m01:47:25.123359 [error] [MainThread]: [[31mERROR[0m]: in model bronze_employees (models/bronze/bronze_employees.sql)
[0m01:47:25.123949 [error] [MainThread]:   Database Error in model bronze_employees (models/bronze/bronze_employees.sql)
  Not found: Table portifolio-482811:northwind_bronze.bronze_employees was not found in location US
  compiled code at target/run/northwind_dw/models/bronze/bronze_employees.sql
[0m01:47:25.124405 [info ] [MainThread]: 
[0m01:47:25.125206 [info ] [MainThread]:   compiled code at target/compiled/northwind_dw/models/bronze/bronze_employees.sql
[0m01:47:25.125726 [info ] [MainThread]: 
[0m01:47:25.126585 [error] [MainThread]: [[31mERROR[0m]: in model bronze_customers (models/bronze/bronze_customers.sql)
[0m01:47:25.127501 [error] [MainThread]:   Database Error in model bronze_customers (models/bronze/bronze_customers.sql)
  Not found: Table portifolio-482811:northwind_bronze.bronze_customers was not found in location US
  compiled code at target/run/northwind_dw/models/bronze/bronze_customers.sql
[0m01:47:25.128042 [info ] [MainThread]: 
[0m01:47:25.128694 [info ] [MainThread]:   compiled code at target/compiled/northwind_dw/models/bronze/bronze_customers.sql
[0m01:47:25.129267 [info ] [MainThread]: 
[0m01:47:25.130349 [error] [MainThread]: [[31mERROR[0m]: in model bronze_order_details (models/bronze/bronze_order_details.sql)
[0m01:47:25.131403 [error] [MainThread]:   Database Error in model bronze_order_details (models/bronze/bronze_order_details.sql)
  Not found: Table portifolio-482811:northwind_bronze.bronze_order_details was not found in location US
  compiled code at target/run/northwind_dw/models/bronze/bronze_order_details.sql
[0m01:47:25.132166 [info ] [MainThread]: 
[0m01:47:25.133119 [info ] [MainThread]:   compiled code at target/compiled/northwind_dw/models/bronze/bronze_order_details.sql
[0m01:47:25.134033 [info ] [MainThread]: 
[0m01:47:25.135171 [error] [MainThread]: [[31mERROR[0m]: in model bronze_orders (models/bronze/bronze_orders.sql)
[0m01:47:25.135960 [error] [MainThread]:   Database Error in model bronze_orders (models/bronze/bronze_orders.sql)
  Not found: Table portifolio-482811:northwind_bronze.bronze_orders was not found in location US
  compiled code at target/run/northwind_dw/models/bronze/bronze_orders.sql
[0m01:47:25.136534 [info ] [MainThread]: 
[0m01:47:25.137299 [info ] [MainThread]:   compiled code at target/compiled/northwind_dw/models/bronze/bronze_orders.sql
[0m01:47:25.137874 [info ] [MainThread]: 
[0m01:47:25.138814 [error] [MainThread]: [[31mERROR[0m]: in model bronze_shippers (models/bronze/bronze_shippers.sql)
[0m01:47:25.139541 [error] [MainThread]:   Database Error in model bronze_shippers (models/bronze/bronze_shippers.sql)
  Not found: Table portifolio-482811:northwind_bronze.bronze_shippers was not found in location US
  compiled code at target/run/northwind_dw/models/bronze/bronze_shippers.sql
[0m01:47:25.140082 [info ] [MainThread]: 
[0m01:47:25.140767 [info ] [MainThread]:   compiled code at target/compiled/northwind_dw/models/bronze/bronze_shippers.sql
[0m01:47:25.141265 [info ] [MainThread]: 
[0m01:47:25.141907 [error] [MainThread]: [[31mERROR[0m]: in model bronze_suppliers (models/bronze/bronze_suppliers.sql)
[0m01:47:25.142541 [error] [MainThread]:   Database Error in model bronze_suppliers (models/bronze/bronze_suppliers.sql)
  Not found: Table portifolio-482811:northwind_bronze.bronze_suppliers was not found in location US
  compiled code at target/run/northwind_dw/models/bronze/bronze_suppliers.sql
[0m01:47:25.143250 [info ] [MainThread]: 
[0m01:47:25.144076 [info ] [MainThread]:   compiled code at target/compiled/northwind_dw/models/bronze/bronze_suppliers.sql
[0m01:47:25.144646 [info ] [MainThread]: 
[0m01:47:25.145447 [error] [MainThread]: [[31mERROR[0m]: in model bronze_products (models/bronze/bronze_products.sql)
[0m01:47:25.146058 [error] [MainThread]:   Database Error in model bronze_products (models/bronze/bronze_products.sql)
  Not found: Table portifolio-482811:northwind_bronze.bronze_products was not found in location US
  compiled code at target/run/northwind_dw/models/bronze/bronze_products.sql
[0m01:47:25.146949 [info ] [MainThread]: 
[0m01:47:25.148098 [info ] [MainThread]:   compiled code at target/compiled/northwind_dw/models/bronze/bronze_products.sql
[0m01:47:25.149093 [info ] [MainThread]: 
[0m01:47:25.150060 [info ] [MainThread]: Done. PASS=0 WARN=0 ERROR=8 SKIP=7 NO-OP=0 REUSED=0 TOTAL=15
[0m01:47:25.151556 [debug] [MainThread]: Resource report: {"command_name": "run", "command_success": false, "command_wall_clock_time": 8.663246, "process_in_blocks": "0", "process_kernel_time": 1.075491, "process_mem_max_rss": "261336", "process_out_blocks": "3984", "process_user_time": 7.09341}
[0m01:47:25.152217 [debug] [MainThread]: Command `dbt run` failed at 01:47:25.152074 after 8.66 seconds
[0m01:47:25.152740 [debug] [MainThread]: Sending event: {'category': 'dbt', 'action': 'invocation', 'label': 'end', 'context': [<snowplow_tracker.self_describing_json.SelfDescribingJson object at 0x72658ad54650>, <snowplow_tracker.self_describing_json.SelfDescribingJson object at 0x72658af3d110>, <snowplow_tracker.self_describing_json.SelfDescribingJson object at 0x72658af3c1d0>]}
[0m01:47:25.153233 [debug] [MainThread]: Flushing usage events
[0m01:47:25.816248 [debug] [MainThread]: An error was encountered while trying to flush usage events
[0m01:49:51.205296 [debug] [MainThread]: Sending event: {'category': 'dbt', 'action': 'invocation', 'label': 'start', 'context': [<snowplow_tracker.self_describing_json.SelfDescribingJson object at 0x709780ba40d0>, <snowplow_tracker.self_describing_json.SelfDescribingJson object at 0x709780ba4710>, <snowplow_tracker.self_describing_json.SelfDescribingJson object at 0x709780ba51d0>]}


============================== 01:49:51.209643 | d74c98cf-3014-49e3-9ac9-669e28b89586 ==============================
[0m01:49:51.209643 [info ] [MainThread]: Running with dbt=1.12.0
[0m01:49:51.210514 [debug] [MainThread]: running dbt with arguments {'version_check': 'True', 'warn_error_options': 'WarnErrorOptionsV2(error=[], warn=[], silence=[])', 'empty': 'False', 'indirect_selection': 'eager', 'target_path': 'None', 'introspect': 'True', 'log_cache_events': 'False', 'log_path': '/app/dbt/northwind_dw/logs', 'log_format': 'default', 'debug': 'False', 'fail_fast': 'False', 'no_print': 'None', 'send_anonymous_usage_stats': 'True', 'profiles_dir': '..', 'warn_error': 'None', 'hints_enabled': 'True', 'invocation_command': 'dbt run --full-refresh --profiles-dir ..', 'printer_width': '80', 'use_experimental_parser': 'False', 'cache_selected_only': 'False', 'maximum_seed_size_mib': '1', 'write_json': 'True', 'static_parser': 'True', 'use_colors': 'True', 'quiet': 'False', 'partial_parse': 'True'}
[0m01:49:52.520607 [debug] [MainThread]: Sending event: {'category': 'dbt', 'action': 'project_id', 'label': 'd74c98cf-3014-49e3-9ac9-669e28b89586', 'context': [<snowplow_tracker.self_describing_json.SelfDescribingJson object at 0x70975b7d93d0>]}
[0m01:49:52.613349 [debug] [MainThread]: Sending event: {'category': 'dbt', 'action': 'adapter_info', 'label': 'd74c98cf-3014-49e3-9ac9-669e28b89586', 'context': [<snowplow_tracker.self_describing_json.SelfDescribingJson object at 0x7097840c6b50>]}
[0m01:49:52.614559 [info ] [MainThread]: Registered adapter: bigquery=1.12.0
[0m01:49:52.918208 [debug] [MainThread]: checksum: d4f4ef13da6c3aad9ab454ee546b59192bf62b3fd0a217783ca98ed59e21247c, vars: {}, profile: northwind_dw, target: dev, version: 1.12.0
[0m01:49:53.210202 [debug] [MainThread]: Partial parsing enabled: 0 files deleted, 0 files added, 0 files changed.
[0m01:49:53.211102 [debug] [MainThread]: Nothing changed, skipping partial parsing.
[0m01:49:53.212415 [debug] [MainThread]: Partial parsing enabled, no changes found, skipping parsing
[0m01:49:53.229395 [debug] [MainThread]: Sending event: {'category': 'dbt', 'action': 'load_project', 'label': 'd74c98cf-3014-49e3-9ac9-669e28b89586', 'context': [<snowplow_tracker.self_describing_json.SelfDescribingJson object at 0x709762327490>]}
[0m01:49:53.530197 [debug] [MainThread]: Wrote artifact WritableManifest to /app/dbt/northwind_dw/target/manifest.json
[0m01:49:53.533924 [debug] [MainThread]: Wrote artifact SemanticManifest to /app/dbt/northwind_dw/target/semantic_manifest.json
[0m01:49:53.553525 [debug] [MainThread]: Wrote artifact OsiDocument to /app/dbt/northwind_dw/target/osi_document.json
[0m01:49:53.574946 [debug] [MainThread]: Sending event: {'category': 'dbt', 'action': 'resource_counts', 'label': 'd74c98cf-3014-49e3-9ac9-669e28b89586', 'context': [<snowplow_tracker.self_describing_json.SelfDescribingJson object at 0x70975b41bd10>]}
[0m01:49:53.576036 [info ] [MainThread]: Found 15 models, 22 data tests, 8 sources, 676 macros
[0m01:49:53.576838 [debug] [MainThread]: Sending event: {'category': 'dbt', 'action': 'runnable_timing', 'label': 'd74c98cf-3014-49e3-9ac9-669e28b89586', 'context': [<snowplow_tracker.self_describing_json.SelfDescribingJson object at 0x70975b899bd0>]}
[0m01:49:53.581155 [info ] [MainThread]: 
[0m01:49:53.582101 [info ] [MainThread]: Concurrency: 4 threads (target='dev')
[0m01:49:53.582838 [info ] [MainThread]: 
[0m01:49:53.584285 [debug] [MainThread]: Acquiring new bigquery connection 'master'
[0m01:49:53.594587 [debug] [ThreadPool]: Acquiring new bigquery connection 'list_portifolio-482811'
[0m01:49:53.596277 [debug] [ThreadPool]: Acquiring new bigquery connection 'list_portifolio-482811'
[0m01:49:53.596872 [debug] [ThreadPool]: Opening a new connection, currently in state init
[0m01:49:53.598160 [debug] [ThreadPool]: Acquiring new bigquery connection 'list_portifolio-482811'
[0m01:49:53.599027 [debug] [ThreadPool]: Opening a new connection, currently in state init
[0m01:49:53.673305 [debug] [ThreadPool]: Opening a new connection, currently in state init
[0m01:49:54.723990 [debug] [ThreadPool]: Re-using an available connection from the pool (formerly list_portifolio-482811, now list_portifolio-482811_northwind_silver)
[0m01:49:54.726405 [debug] [ThreadPool]: Re-using an available connection from the pool (formerly list_portifolio-482811, now list_portifolio-482811_northwind_bronze)
[0m01:49:54.727300 [debug] [ThreadPool]: Opening a new connection, currently in state closed
[0m01:49:54.729045 [debug] [ThreadPool]: Re-using an available connection from the pool (formerly list_portifolio-482811, now list_portifolio-482811_gold)
[0m01:49:54.729824 [debug] [ThreadPool]: Opening a new connection, currently in state closed
[0m01:49:54.730861 [debug] [ThreadPool]: Opening a new connection, currently in state closed
[0m01:49:56.050794 [debug] [MainThread]: Sending event: {'category': 'dbt', 'action': 'runnable_timing', 'label': 'd74c98cf-3014-49e3-9ac9-669e28b89586', 'context': [<snowplow_tracker.self_describing_json.SelfDescribingJson object at 0x70978349e350>]}
[0m01:49:56.051630 [debug] [MainThread]: Opening a new connection, currently in state init
[0m01:49:56.126245 [debug] [Thread-7 (]: Began running node model.northwind_dw.bronze_categories
[0m01:49:56.128088 [debug] [Thread-8 (]: Began running node model.northwind_dw.bronze_customers
[0m01:49:56.129637 [debug] [Thread-9 (]: Began running node model.northwind_dw.bronze_employees
[0m01:49:56.130431 [debug] [Thread-10 ]: Began running node model.northwind_dw.bronze_order_details
[0m01:49:56.131287 [info ] [Thread-7 (]: 1 of 15 START sql view model northwind_bronze.bronze_categories ................ [RUN]
[0m01:49:56.132625 [info ] [Thread-8 (]: 2 of 15 START sql view model northwind_bronze.bronze_customers ................. [RUN]
[0m01:49:56.133596 [info ] [Thread-9 (]: 3 of 15 START sql view model northwind_bronze.bronze_employees ................. [RUN]
[0m01:49:56.134860 [info ] [Thread-10 ]: 4 of 15 START sql view model northwind_bronze.bronze_order_details ............. [RUN]
[0m01:49:56.135872 [debug] [Thread-7 (]: Re-using an available connection from the pool (formerly list_portifolio-482811_northwind_silver, now model.northwind_dw.bronze_categories)
[0m01:49:56.136521 [debug] [Thread-8 (]: Re-using an available connection from the pool (formerly list_portifolio-482811_northwind_bronze, now model.northwind_dw.bronze_customers)
[0m01:49:56.137163 [debug] [Thread-9 (]: Re-using an available connection from the pool (formerly list_portifolio-482811_gold, now model.northwind_dw.bronze_employees)
[0m01:49:56.137967 [debug] [Thread-10 ]: Acquiring new bigquery connection 'model.northwind_dw.bronze_order_details'
[0m01:49:56.138591 [debug] [Thread-7 (]: Began compiling node model.northwind_dw.bronze_categories
[0m01:49:56.139327 [debug] [Thread-8 (]: Began compiling node model.northwind_dw.bronze_customers
[0m01:49:56.140140 [debug] [Thread-9 (]: Began compiling node model.northwind_dw.bronze_employees
[0m01:49:56.141013 [debug] [Thread-10 ]: Began compiling node model.northwind_dw.bronze_order_details
[0m01:49:56.156554 [debug] [Thread-7 (]: Writing injected SQL for node "model.northwind_dw.bronze_categories"
[0m01:49:56.159233 [debug] [Thread-8 (]: Writing injected SQL for node "model.northwind_dw.bronze_customers"
[0m01:49:56.162169 [debug] [Thread-9 (]: Writing injected SQL for node "model.northwind_dw.bronze_employees"
[0m01:49:56.164470 [debug] [Thread-10 ]: Writing injected SQL for node "model.northwind_dw.bronze_order_details"
[0m01:49:56.166377 [debug] [Thread-7 (]: Began executing node model.northwind_dw.bronze_categories
[0m01:49:56.167307 [debug] [Thread-9 (]: Began executing node model.northwind_dw.bronze_employees
[0m01:49:56.178607 [debug] [Thread-10 ]: Began executing node model.northwind_dw.bronze_order_details
[0m01:49:56.184775 [debug] [Thread-8 (]: Began executing node model.northwind_dw.bronze_customers
[0m01:49:56.200961 [debug] [Thread-7 (]: Opening a new connection, currently in state closed
[0m01:49:56.201936 [debug] [Thread-9 (]: Opening a new connection, currently in state closed
[0m01:49:56.204753 [debug] [Thread-10 ]: Opening a new connection, currently in state init
[0m01:49:56.207767 [debug] [Thread-8 (]: Opening a new connection, currently in state closed
[0m01:49:57.214325 [debug] [Thread-7 (]: Writing runtime sql for node "model.northwind_dw.bronze_categories"
[0m01:49:57.215551 [debug] [Thread-7 (]: On model.northwind_dw.bronze_categories: /* {"app": "dbt", "dbt_version": "1.12.0", "profile_name": "northwind_dw", "target_name": "dev", "node_id": "model.northwind_dw.bronze_categories"} */


  create or replace view `portifolio-482811`.`northwind_bronze`.`bronze_categories`
  OPTIONS()
  as -- Bronze layer: Raw data from PostgreSQL ingestion



SELECT *
FROM `portifolio-482811.northwind_bronze.bronze_categories`;


[0m01:49:57.234274 [debug] [Thread-10 ]: Writing runtime sql for node "model.northwind_dw.bronze_order_details"
[0m01:49:57.236319 [debug] [Thread-8 (]: Writing runtime sql for node "model.northwind_dw.bronze_customers"
[0m01:49:57.237722 [debug] [Thread-10 ]: On model.northwind_dw.bronze_order_details: /* {"app": "dbt", "dbt_version": "1.12.0", "profile_name": "northwind_dw", "target_name": "dev", "node_id": "model.northwind_dw.bronze_order_details"} */


  create or replace view `portifolio-482811`.`northwind_bronze`.`bronze_order_details`
  OPTIONS()
  as -- Bronze layer: Raw data from PostgreSQL ingestion



SELECT *
FROM `portifolio-482811.northwind_bronze.bronze_order_details`;


[0m01:49:57.238402 [debug] [Thread-8 (]: On model.northwind_dw.bronze_customers: /* {"app": "dbt", "dbt_version": "1.12.0", "profile_name": "northwind_dw", "target_name": "dev", "node_id": "model.northwind_dw.bronze_customers"} */


  create or replace view `portifolio-482811`.`northwind_bronze`.`bronze_customers`
  OPTIONS()
  as -- Bronze layer: Raw data from PostgreSQL ingestion



SELECT *
FROM `portifolio-482811.northwind_bronze.bronze_customers`;


[0m01:49:57.337368 [debug] [Thread-9 (]: Writing runtime sql for node "model.northwind_dw.bronze_employees"
[0m01:49:57.339010 [debug] [Thread-9 (]: On model.northwind_dw.bronze_employees: /* {"app": "dbt", "dbt_version": "1.12.0", "profile_name": "northwind_dw", "target_name": "dev", "node_id": "model.northwind_dw.bronze_employees"} */


  create or replace view `portifolio-482811`.`northwind_bronze`.`bronze_employees`
  OPTIONS()
  as -- Bronze layer: Raw data from PostgreSQL ingestion



SELECT *
FROM `portifolio-482811.northwind_bronze.bronze_employees`;


[0m01:49:57.737937 [debug] [Thread-8 (]: BigQuery adapter: https://console.cloud.google.com/bigquery?project=portifolio-482811&j=bq:US:4895b17c-4992-452f-908f-d967bbdb1a51&page=queryresults
[0m01:49:57.739034 [error] [Thread-8 (]: BigQuery adapter: https://console.cloud.google.com/bigquery?project=portifolio-482811&j=bq:US:4895b17c-4992-452f-908f-d967bbdb1a51&page=queryresults
[0m01:49:57.750493 [debug] [Thread-8 (]: Database Error in model bronze_customers (models/bronze/bronze_customers.sql)
  Not found: Table portifolio-482811:northwind_bronze.bronze_customers was not found in location US
  compiled code at target/run/northwind_dw/models/bronze/bronze_customers.sql
[0m01:49:57.753074 [debug] [Thread-8 (]: Sending event: {'category': 'dbt', 'action': 'run_model', 'label': 'd74c98cf-3014-49e3-9ac9-669e28b89586', 'context': [<snowplow_tracker.self_describing_json.SelfDescribingJson object at 0x70975b9a3710>]}
[0m01:49:57.754153 [error] [Thread-8 (]: 2 of 15 ERROR creating sql view model northwind_bronze.bronze_customers ........ [[31mERROR[0m in 1.61s]
[0m01:49:57.755195 [debug] [Thread-8 (]: Finished running node model.northwind_dw.bronze_customers
[0m01:49:57.755865 [debug] [Thread-8 (]: Began running node model.northwind_dw.bronze_orders
[0m01:49:57.756633 [debug] [Thread-13 ]: Marking all children of 'model.northwind_dw.bronze_customers' to be skipped because of status 'error'.  Reason: Database Error in model bronze_customers (models/bronze/bronze_customers.sql)
  Not found: Table portifolio-482811:northwind_bronze.bronze_customers was not found in location US
  compiled code at target/run/northwind_dw/models/bronze/bronze_customers.sql.
[0m01:49:57.757553 [info ] [Thread-8 (]: 5 of 15 START sql view model northwind_bronze.bronze_orders .................... [RUN]
[0m01:49:57.761823 [debug] [Thread-9 (]: BigQuery adapter: https://console.cloud.google.com/bigquery?project=portifolio-482811&j=bq:US:811c1e09-4265-44ee-ab2c-828f58b27284&page=queryresults
[0m01:49:57.763257 [debug] [Thread-8 (]: Re-using an available connection from the pool (formerly model.northwind_dw.bronze_customers, now model.northwind_dw.bronze_orders)
[0m01:49:57.764120 [error] [Thread-9 (]: BigQuery adapter: https://console.cloud.google.com/bigquery?project=portifolio-482811&j=bq:US:811c1e09-4265-44ee-ab2c-828f58b27284&page=queryresults
[0m01:49:57.765112 [debug] [Thread-8 (]: Began compiling node model.northwind_dw.bronze_orders
[0m01:49:57.768782 [debug] [Thread-8 (]: Writing injected SQL for node "model.northwind_dw.bronze_orders"
[0m01:49:57.773320 [debug] [Thread-8 (]: Began executing node model.northwind_dw.bronze_orders
[0m01:49:57.776603 [debug] [Thread-8 (]: Opening a new connection, currently in state closed
[0m01:49:57.780199 [debug] [Thread-9 (]: Database Error in model bronze_employees (models/bronze/bronze_employees.sql)
  Not found: Table portifolio-482811:northwind_bronze.bronze_employees was not found in location US
  compiled code at target/run/northwind_dw/models/bronze/bronze_employees.sql
[0m01:49:57.856553 [debug] [Thread-9 (]: Sending event: {'category': 'dbt', 'action': 'run_model', 'label': 'd74c98cf-3014-49e3-9ac9-669e28b89586', 'context': [<snowplow_tracker.self_describing_json.SelfDescribingJson object at 0x70975b2e5f50>]}
[0m01:49:57.860237 [debug] [Thread-7 (]: BigQuery adapter: https://console.cloud.google.com/bigquery?project=portifolio-482811&j=bq:US:6ef79a30-9119-4fa0-bd8a-ae4e6a92e243&page=queryresults
[0m01:49:57.859206 [error] [Thread-9 (]: 3 of 15 ERROR creating sql view model northwind_bronze.bronze_employees ........ [[31mERROR[0m in 1.72s]
[0m01:49:57.862204 [error] [Thread-7 (]: BigQuery adapter: https://console.cloud.google.com/bigquery?project=portifolio-482811&j=bq:US:6ef79a30-9119-4fa0-bd8a-ae4e6a92e243&page=queryresults
[0m01:49:57.864272 [debug] [Thread-9 (]: Finished running node model.northwind_dw.bronze_employees
[0m01:49:57.867470 [debug] [Thread-9 (]: Began running node model.northwind_dw.bronze_products
[0m01:49:57.871458 [debug] [Thread-13 ]: Marking all children of 'model.northwind_dw.bronze_employees' to be skipped because of status 'error'.  Reason: Database Error in model bronze_employees (models/bronze/bronze_employees.sql)
  Not found: Table portifolio-482811:northwind_bronze.bronze_employees was not found in location US
  compiled code at target/run/northwind_dw/models/bronze/bronze_employees.sql.
[0m01:49:57.872498 [info ] [Thread-9 (]: 6 of 15 START sql view model northwind_bronze.bronze_products .................. [RUN]
[0m01:49:57.874816 [debug] [Thread-9 (]: Re-using an available connection from the pool (formerly model.northwind_dw.bronze_employees, now model.northwind_dw.bronze_products)
[0m01:49:57.877942 [debug] [Thread-7 (]: Database Error in model bronze_categories (models/bronze/bronze_categories.sql)
  Not found: Table portifolio-482811:northwind_bronze.bronze_categories was not found in location US
  compiled code at target/run/northwind_dw/models/bronze/bronze_categories.sql
[0m01:49:57.879046 [debug] [Thread-9 (]: Began compiling node model.northwind_dw.bronze_products
[0m01:49:57.879952 [debug] [Thread-7 (]: Sending event: {'category': 'dbt', 'action': 'run_model', 'label': 'd74c98cf-3014-49e3-9ac9-669e28b89586', 'context': [<snowplow_tracker.self_describing_json.SelfDescribingJson object at 0x70975b3ca5d0>]}
[0m01:49:57.883179 [debug] [Thread-9 (]: Writing injected SQL for node "model.northwind_dw.bronze_products"
[0m01:49:57.884237 [error] [Thread-7 (]: 1 of 15 ERROR creating sql view model northwind_bronze.bronze_categories ....... [[31mERROR[0m in 1.74s]
[0m01:49:57.885601 [debug] [Thread-7 (]: Finished running node model.northwind_dw.bronze_categories
[0m01:49:57.886455 [debug] [Thread-7 (]: Began running node model.northwind_dw.bronze_shippers
[0m01:49:57.887336 [debug] [Thread-13 ]: Marking all children of 'model.northwind_dw.bronze_categories' to be skipped because of status 'error'.  Reason: Database Error in model bronze_categories (models/bronze/bronze_categories.sql)
  Not found: Table portifolio-482811:northwind_bronze.bronze_categories was not found in location US
  compiled code at target/run/northwind_dw/models/bronze/bronze_categories.sql.
[0m01:49:57.888634 [debug] [Thread-9 (]: Began executing node model.northwind_dw.bronze_products
[0m01:49:57.888115 [info ] [Thread-7 (]: 7 of 15 START sql view model northwind_bronze.bronze_shippers .................. [RUN]
[0m01:49:57.891989 [debug] [Thread-9 (]: Opening a new connection, currently in state closed
[0m01:49:57.892706 [debug] [Thread-7 (]: Re-using an available connection from the pool (formerly model.northwind_dw.bronze_categories, now model.northwind_dw.bronze_shippers)
[0m01:49:57.894013 [debug] [Thread-7 (]: Began compiling node model.northwind_dw.bronze_shippers
[0m01:49:57.964323 [debug] [Thread-7 (]: Writing injected SQL for node "model.northwind_dw.bronze_shippers"
[0m01:49:57.967389 [debug] [Thread-10 ]: BigQuery adapter: https://console.cloud.google.com/bigquery?project=portifolio-482811&j=bq:US:e85a3ee6-ca23-413a-bbb6-c2aefa9aab0d&page=queryresults
[0m01:49:57.971460 [error] [Thread-10 ]: BigQuery adapter: https://console.cloud.google.com/bigquery?project=portifolio-482811&j=bq:US:e85a3ee6-ca23-413a-bbb6-c2aefa9aab0d&page=queryresults
[0m01:49:57.982175 [debug] [Thread-7 (]: Began executing node model.northwind_dw.bronze_shippers
[0m01:49:57.989450 [debug] [Thread-7 (]: Opening a new connection, currently in state closed
[0m01:49:58.103063 [debug] [Thread-10 ]: Database Error in model bronze_order_details (models/bronze/bronze_order_details.sql)
  Not found: Table portifolio-482811:northwind_bronze.bronze_order_details was not found in location US
  compiled code at target/run/northwind_dw/models/bronze/bronze_order_details.sql
[0m01:49:58.105512 [debug] [Thread-10 ]: Sending event: {'category': 'dbt', 'action': 'run_model', 'label': 'd74c98cf-3014-49e3-9ac9-669e28b89586', 'context': [<snowplow_tracker.self_describing_json.SelfDescribingJson object at 0x70975b46e450>]}
[0m01:49:58.107167 [error] [Thread-10 ]: 4 of 15 ERROR creating sql view model northwind_bronze.bronze_order_details .... [[31mERROR[0m in 1.97s]
[0m01:49:58.108853 [debug] [Thread-10 ]: Finished running node model.northwind_dw.bronze_order_details
[0m01:49:58.110021 [debug] [Thread-10 ]: Began running node model.northwind_dw.bronze_suppliers
[0m01:49:58.111321 [debug] [Thread-13 ]: Marking all children of 'model.northwind_dw.bronze_order_details' to be skipped because of status 'error'.  Reason: Database Error in model bronze_order_details (models/bronze/bronze_order_details.sql)
  Not found: Table portifolio-482811:northwind_bronze.bronze_order_details was not found in location US
  compiled code at target/run/northwind_dw/models/bronze/bronze_order_details.sql.
[0m01:49:58.112606 [info ] [Thread-10 ]: 8 of 15 START sql view model northwind_bronze.bronze_suppliers ................. [RUN]
[0m01:49:58.115014 [debug] [Thread-10 ]: Re-using an available connection from the pool (formerly model.northwind_dw.bronze_order_details, now model.northwind_dw.bronze_suppliers)
[0m01:49:58.115982 [debug] [Thread-10 ]: Began compiling node model.northwind_dw.bronze_suppliers
[0m01:49:58.118600 [debug] [Thread-10 ]: Writing injected SQL for node "model.northwind_dw.bronze_suppliers"
[0m01:49:58.119679 [debug] [Thread-10 ]: Began executing node model.northwind_dw.bronze_suppliers
[0m01:49:58.123061 [debug] [Thread-10 ]: Opening a new connection, currently in state closed
[0m01:49:58.707003 [debug] [Thread-8 (]: Writing runtime sql for node "model.northwind_dw.bronze_orders"
[0m01:49:58.708031 [debug] [Thread-8 (]: On model.northwind_dw.bronze_orders: /* {"app": "dbt", "dbt_version": "1.12.0", "profile_name": "northwind_dw", "target_name": "dev", "node_id": "model.northwind_dw.bronze_orders"} */


  create or replace view `portifolio-482811`.`northwind_bronze`.`bronze_orders`
  OPTIONS()
  as -- Bronze layer: Raw data from PostgreSQL ingestion



SELECT *
FROM `portifolio-482811.northwind_bronze.bronze_orders`;


[0m01:49:58.713179 [debug] [Thread-9 (]: Writing runtime sql for node "model.northwind_dw.bronze_products"
[0m01:49:58.714259 [debug] [Thread-9 (]: On model.northwind_dw.bronze_products: /* {"app": "dbt", "dbt_version": "1.12.0", "profile_name": "northwind_dw", "target_name": "dev", "node_id": "model.northwind_dw.bronze_products"} */


  create or replace view `portifolio-482811`.`northwind_bronze`.`bronze_products`
  OPTIONS()
  as -- Bronze layer: Raw data from PostgreSQL ingestion



SELECT *
FROM `portifolio-482811.northwind_bronze.bronze_products`;


[0m01:49:58.752384 [debug] [Thread-7 (]: Writing runtime sql for node "model.northwind_dw.bronze_shippers"
[0m01:49:58.753404 [debug] [Thread-7 (]: On model.northwind_dw.bronze_shippers: /* {"app": "dbt", "dbt_version": "1.12.0", "profile_name": "northwind_dw", "target_name": "dev", "node_id": "model.northwind_dw.bronze_shippers"} */


  create or replace view `portifolio-482811`.`northwind_bronze`.`bronze_shippers`
  OPTIONS()
  as -- Bronze layer: Raw data from PostgreSQL ingestion



SELECT *
FROM `portifolio-482811.northwind_bronze.bronze_shippers`;


[0m01:49:58.812393 [debug] [Thread-10 ]: Writing runtime sql for node "model.northwind_dw.bronze_suppliers"
[0m01:49:58.813454 [debug] [Thread-10 ]: On model.northwind_dw.bronze_suppliers: /* {"app": "dbt", "dbt_version": "1.12.0", "profile_name": "northwind_dw", "target_name": "dev", "node_id": "model.northwind_dw.bronze_suppliers"} */


  create or replace view `portifolio-482811`.`northwind_bronze`.`bronze_suppliers`
  OPTIONS()
  as -- Bronze layer: Raw data from PostgreSQL ingestion



SELECT *
FROM `portifolio-482811.northwind_bronze.bronze_suppliers`;


[0m01:49:59.059919 [debug] [Thread-8 (]: BigQuery adapter: https://console.cloud.google.com/bigquery?project=portifolio-482811&j=bq:US:2ba88cec-8ac2-4c08-ae6e-0320bd3c6f81&page=queryresults
[0m01:49:59.061101 [error] [Thread-8 (]: BigQuery adapter: https://console.cloud.google.com/bigquery?project=portifolio-482811&j=bq:US:2ba88cec-8ac2-4c08-ae6e-0320bd3c6f81&page=queryresults
[0m01:49:59.076176 [debug] [Thread-8 (]: Database Error in model bronze_orders (models/bronze/bronze_orders.sql)
  Not found: Table portifolio-482811:northwind_bronze.bronze_orders was not found in location US
  compiled code at target/run/northwind_dw/models/bronze/bronze_orders.sql
[0m01:49:59.081196 [debug] [Thread-8 (]: Sending event: {'category': 'dbt', 'action': 'run_model', 'label': 'd74c98cf-3014-49e3-9ac9-669e28b89586', 'context': [<snowplow_tracker.self_describing_json.SelfDescribingJson object at 0x70975b2c3b50>]}
[0m01:49:59.083404 [error] [Thread-8 (]: 5 of 15 ERROR creating sql view model northwind_bronze.bronze_orders ........... [[31mERROR[0m in 1.32s]
[0m01:49:59.085670 [debug] [Thread-8 (]: Finished running node model.northwind_dw.bronze_orders
[0m01:49:59.087262 [debug] [Thread-8 (]: Began running node model.northwind_dw.silver_dim_customers
[0m01:49:59.088917 [debug] [Thread-13 ]: Marking all children of 'model.northwind_dw.bronze_orders' to be skipped because of status 'error'.  Reason: Database Error in model bronze_orders (models/bronze/bronze_orders.sql)
  Not found: Table portifolio-482811:northwind_bronze.bronze_orders was not found in location US
  compiled code at target/run/northwind_dw/models/bronze/bronze_orders.sql.
[0m01:49:59.090339 [info ] [Thread-8 (]: 9 of 15 SKIP relation northwind_silver.silver_dim_customers .................... [[33mSKIP[0m]
[0m01:49:59.092965 [debug] [Thread-8 (]: Finished running node model.northwind_dw.silver_dim_customers
[0m01:49:59.095858 [debug] [Thread-8 (]: Began running node model.northwind_dw.silver_dim_employees
[0m01:49:59.097048 [info ] [Thread-8 (]: 10 of 15 SKIP relation northwind_silver.silver_dim_employees ................... [[33mSKIP[0m]
[0m01:49:59.098142 [debug] [Thread-8 (]: Finished running node model.northwind_dw.silver_dim_employees
[0m01:49:59.098963 [debug] [Thread-8 (]: Began running node model.northwind_dw.silver_fact_orders
[0m01:49:59.099815 [info ] [Thread-8 (]: 11 of 15 SKIP relation northwind_silver.silver_fact_orders ..................... [[33mSKIP[0m]
[0m01:49:59.100750 [debug] [Thread-8 (]: Finished running node model.northwind_dw.silver_fact_orders
[0m01:49:59.101850 [debug] [Thread-8 (]: Began running node model.northwind_dw.gold_customer_analytics
[0m01:49:59.102483 [info ] [Thread-8 (]: 12 of 15 SKIP relation gold.gold_customer_analytics ............................ [[33mSKIP[0m]
[0m01:49:59.103271 [debug] [Thread-8 (]: Finished running node model.northwind_dw.gold_customer_analytics
[0m01:49:59.103895 [debug] [Thread-8 (]: Began running node model.northwind_dw.gold_sales_by_country
[0m01:49:59.104565 [info ] [Thread-8 (]: 13 of 15 SKIP relation gold.gold_sales_by_country .............................. [[33mSKIP[0m]
[0m01:49:59.105490 [debug] [Thread-8 (]: Finished running node model.northwind_dw.gold_sales_by_country
[0m01:49:59.230154 [debug] [Thread-7 (]: BigQuery adapter: https://console.cloud.google.com/bigquery?project=portifolio-482811&j=bq:US:b0299e5f-00fb-490b-a035-26eaf3e8cd35&page=queryresults
[0m01:49:59.231185 [error] [Thread-7 (]: BigQuery adapter: https://console.cloud.google.com/bigquery?project=portifolio-482811&j=bq:US:b0299e5f-00fb-490b-a035-26eaf3e8cd35&page=queryresults
[0m01:49:59.239729 [debug] [Thread-7 (]: Database Error in model bronze_shippers (models/bronze/bronze_shippers.sql)
  Not found: Table portifolio-482811:northwind_bronze.bronze_shippers was not found in location US
  compiled code at target/run/northwind_dw/models/bronze/bronze_shippers.sql
[0m01:49:59.240733 [debug] [Thread-7 (]: Sending event: {'category': 'dbt', 'action': 'run_model', 'label': 'd74c98cf-3014-49e3-9ac9-669e28b89586', 'context': [<snowplow_tracker.self_describing_json.SelfDescribingJson object at 0x709781731a10>]}
[0m01:49:59.241708 [error] [Thread-7 (]: 7 of 15 ERROR creating sql view model northwind_bronze.bronze_shippers ......... [[31mERROR[0m in 1.35s]
[0m01:49:59.242793 [debug] [Thread-7 (]: Finished running node model.northwind_dw.bronze_shippers
[0m01:49:59.243715 [debug] [Thread-13 ]: Marking all children of 'model.northwind_dw.bronze_shippers' to be skipped because of status 'error'.  Reason: Database Error in model bronze_shippers (models/bronze/bronze_shippers.sql)
  Not found: Table portifolio-482811:northwind_bronze.bronze_shippers was not found in location US
  compiled code at target/run/northwind_dw/models/bronze/bronze_shippers.sql.
[0m01:49:59.376747 [debug] [Thread-10 ]: BigQuery adapter: https://console.cloud.google.com/bigquery?project=portifolio-482811&j=bq:US:e91f3532-f74e-4c28-8d20-4af7e9a9611e&page=queryresults
[0m01:49:59.378323 [error] [Thread-10 ]: BigQuery adapter: https://console.cloud.google.com/bigquery?project=portifolio-482811&j=bq:US:e91f3532-f74e-4c28-8d20-4af7e9a9611e&page=queryresults
[0m01:49:59.385831 [debug] [Thread-10 ]: Database Error in model bronze_suppliers (models/bronze/bronze_suppliers.sql)
  Not found: Table portifolio-482811:northwind_bronze.bronze_suppliers was not found in location US
  compiled code at target/run/northwind_dw/models/bronze/bronze_suppliers.sql
[0m01:49:59.386689 [debug] [Thread-10 ]: Sending event: {'category': 'dbt', 'action': 'run_model', 'label': 'd74c98cf-3014-49e3-9ac9-669e28b89586', 'context': [<snowplow_tracker.self_describing_json.SelfDescribingJson object at 0x70975b1cabd0>]}
[0m01:49:59.387668 [error] [Thread-10 ]: 8 of 15 ERROR creating sql view model northwind_bronze.bronze_suppliers ........ [[31mERROR[0m in 1.27s]
[0m01:49:59.388771 [debug] [Thread-10 ]: Finished running node model.northwind_dw.bronze_suppliers
[0m01:49:59.389651 [debug] [Thread-13 ]: Marking all children of 'model.northwind_dw.bronze_suppliers' to be skipped because of status 'error'.  Reason: Database Error in model bronze_suppliers (models/bronze/bronze_suppliers.sql)
  Not found: Table portifolio-482811:northwind_bronze.bronze_suppliers was not found in location US
  compiled code at target/run/northwind_dw/models/bronze/bronze_suppliers.sql.
[0m01:49:59.558315 [debug] [Thread-9 (]: BigQuery adapter: https://console.cloud.google.com/bigquery?project=portifolio-482811&j=bq:US:67f016c9-62c7-46f2-9e3e-0a8c6f8daf9f&page=queryresults
[0m01:49:59.559309 [error] [Thread-9 (]: BigQuery adapter: https://console.cloud.google.com/bigquery?project=portifolio-482811&j=bq:US:67f016c9-62c7-46f2-9e3e-0a8c6f8daf9f&page=queryresults
[0m01:49:59.567430 [debug] [Thread-9 (]: Database Error in model bronze_products (models/bronze/bronze_products.sql)
  Not found: Table portifolio-482811:northwind_bronze.bronze_products was not found in location US
  compiled code at target/run/northwind_dw/models/bronze/bronze_products.sql
[0m01:49:59.568365 [debug] [Thread-9 (]: Sending event: {'category': 'dbt', 'action': 'run_model', 'label': 'd74c98cf-3014-49e3-9ac9-669e28b89586', 'context': [<snowplow_tracker.self_describing_json.SelfDescribingJson object at 0x70978201de90>]}
[0m01:49:59.569367 [error] [Thread-9 (]: 6 of 15 ERROR creating sql view model northwind_bronze.bronze_products ......... [[31mERROR[0m in 1.69s]
[0m01:49:59.570311 [debug] [Thread-9 (]: Finished running node model.northwind_dw.bronze_products
[0m01:49:59.571183 [debug] [Thread-13 ]: Marking all children of 'model.northwind_dw.bronze_products' to be skipped because of status 'error'.  Reason: Database Error in model bronze_products (models/bronze/bronze_products.sql)
  Not found: Table portifolio-482811:northwind_bronze.bronze_products was not found in location US
  compiled code at target/run/northwind_dw/models/bronze/bronze_products.sql.
[0m01:49:59.572654 [debug] [Thread-8 (]: Began running node model.northwind_dw.silver_dim_products
[0m01:49:59.573679 [info ] [Thread-8 (]: 14 of 15 SKIP relation northwind_silver.silver_dim_products .................... [[33mSKIP[0m]
[0m01:49:59.574535 [debug] [Thread-8 (]: Finished running node model.northwind_dw.silver_dim_products
[0m01:49:59.576229 [debug] [Thread-10 ]: Began running node model.northwind_dw.gold_sales_by_category
[0m01:49:59.576852 [info ] [Thread-10 ]: 15 of 15 SKIP relation gold.gold_sales_by_category ............................. [[33mSKIP[0m]
[0m01:49:59.578009 [debug] [Thread-10 ]: Finished running node model.northwind_dw.gold_sales_by_category
[0m01:49:59.581420 [debug] [MainThread]: Opening a new connection, currently in state closed
[0m01:49:59.654794 [debug] [MainThread]: Connection 'master' was properly closed.
[0m01:49:59.655522 [debug] [MainThread]: Connection 'model.northwind_dw.bronze_orders' was properly closed.
[0m01:49:59.656101 [debug] [MainThread]: Connection 'model.northwind_dw.bronze_products' was properly closed.
[0m01:49:59.656787 [debug] [MainThread]: Connection 'model.northwind_dw.bronze_shippers' was properly closed.
[0m01:49:59.657449 [debug] [MainThread]: Connection 'model.northwind_dw.bronze_suppliers' was properly closed.
[0m01:49:59.658368 [info ] [MainThread]: 
[0m01:49:59.658905 [info ] [MainThread]: Finished running 7 table models, 8 view models in 0 hours 0 minutes and 6.07 seconds (6.07s).
[0m01:49:59.662087 [debug] [MainThread]: Command end result
[0m01:49:59.764160 [debug] [MainThread]: Wrote artifact WritableManifest to /app/dbt/northwind_dw/target/manifest.json
[0m01:49:59.770367 [debug] [MainThread]: Wrote artifact SemanticManifest to /app/dbt/northwind_dw/target/semantic_manifest.json
[0m01:49:59.774763 [debug] [MainThread]: Wrote artifact OsiDocument to /app/dbt/northwind_dw/target/osi_document.json
[0m01:49:59.788625 [debug] [MainThread]: Wrote artifact RunExecutionResult to /app/dbt/northwind_dw/target/run_results.json
[0m01:49:59.789218 [info ] [MainThread]: 
[0m01:49:59.790078 [info ] [MainThread]: [31mCompleted with 8 errors, 0 partial successes, and 0 warnings:[0m
[0m01:49:59.791096 [info ] [MainThread]: 
[0m01:49:59.792131 [error] [MainThread]: [[31mERROR[0m]: in model bronze_customers (models/bronze/bronze_customers.sql)
[0m01:49:59.792838 [error] [MainThread]:   Database Error in model bronze_customers (models/bronze/bronze_customers.sql)
  Not found: Table portifolio-482811:northwind_bronze.bronze_customers was not found in location US
  compiled code at target/run/northwind_dw/models/bronze/bronze_customers.sql
[0m01:49:59.793385 [info ] [MainThread]: 
[0m01:49:59.794348 [info ] [MainThread]:   compiled code at target/compiled/northwind_dw/models/bronze/bronze_customers.sql
[0m01:49:59.795307 [info ] [MainThread]: 
[0m01:49:59.796168 [error] [MainThread]: [[31mERROR[0m]: in model bronze_employees (models/bronze/bronze_employees.sql)
[0m01:49:59.796879 [error] [MainThread]:   Database Error in model bronze_employees (models/bronze/bronze_employees.sql)
  Not found: Table portifolio-482811:northwind_bronze.bronze_employees was not found in location US
  compiled code at target/run/northwind_dw/models/bronze/bronze_employees.sql
[0m01:49:59.797659 [info ] [MainThread]: 
[0m01:49:59.798718 [info ] [MainThread]:   compiled code at target/compiled/northwind_dw/models/bronze/bronze_employees.sql
[0m01:49:59.799610 [info ] [MainThread]: 
[0m01:49:59.800597 [error] [MainThread]: [[31mERROR[0m]: in model bronze_categories (models/bronze/bronze_categories.sql)
[0m01:49:59.801294 [error] [MainThread]:   Database Error in model bronze_categories (models/bronze/bronze_categories.sql)
  Not found: Table portifolio-482811:northwind_bronze.bronze_categories was not found in location US
  compiled code at target/run/northwind_dw/models/bronze/bronze_categories.sql
[0m01:49:59.801837 [info ] [MainThread]: 
[0m01:49:59.802763 [info ] [MainThread]:   compiled code at target/compiled/northwind_dw/models/bronze/bronze_categories.sql
[0m01:49:59.803446 [info ] [MainThread]: 
[0m01:49:59.804326 [error] [MainThread]: [[31mERROR[0m]: in model bronze_order_details (models/bronze/bronze_order_details.sql)
[0m01:49:59.805108 [error] [MainThread]:   Database Error in model bronze_order_details (models/bronze/bronze_order_details.sql)
  Not found: Table portifolio-482811:northwind_bronze.bronze_order_details was not found in location US
  compiled code at target/run/northwind_dw/models/bronze/bronze_order_details.sql
[0m01:49:59.805801 [info ] [MainThread]: 
[0m01:49:59.806571 [info ] [MainThread]:   compiled code at target/compiled/northwind_dw/models/bronze/bronze_order_details.sql
[0m01:49:59.807113 [info ] [MainThread]: 
[0m01:49:59.807730 [error] [MainThread]: [[31mERROR[0m]: in model bronze_orders (models/bronze/bronze_orders.sql)
[0m01:49:59.808616 [error] [MainThread]:   Database Error in model bronze_orders (models/bronze/bronze_orders.sql)
  Not found: Table portifolio-482811:northwind_bronze.bronze_orders was not found in location US
  compiled code at target/run/northwind_dw/models/bronze/bronze_orders.sql
[0m01:49:59.809143 [info ] [MainThread]: 
[0m01:49:59.809803 [info ] [MainThread]:   compiled code at target/compiled/northwind_dw/models/bronze/bronze_orders.sql
[0m01:49:59.810271 [info ] [MainThread]: 
[0m01:49:59.811618 [error] [MainThread]: [[31mERROR[0m]: in model bronze_shippers (models/bronze/bronze_shippers.sql)
[0m01:49:59.812434 [error] [MainThread]:   Database Error in model bronze_shippers (models/bronze/bronze_shippers.sql)
  Not found: Table portifolio-482811:northwind_bronze.bronze_shippers was not found in location US
  compiled code at target/run/northwind_dw/models/bronze/bronze_shippers.sql
[0m01:49:59.812989 [info ] [MainThread]: 
[0m01:49:59.814105 [info ] [MainThread]:   compiled code at target/compiled/northwind_dw/models/bronze/bronze_shippers.sql
[0m01:49:59.814733 [info ] [MainThread]: 
[0m01:49:59.815467 [error] [MainThread]: [[31mERROR[0m]: in model bronze_suppliers (models/bronze/bronze_suppliers.sql)
[0m01:49:59.816190 [error] [MainThread]:   Database Error in model bronze_suppliers (models/bronze/bronze_suppliers.sql)
  Not found: Table portifolio-482811:northwind_bronze.bronze_suppliers was not found in location US
  compiled code at target/run/northwind_dw/models/bronze/bronze_suppliers.sql
[0m01:49:59.816817 [info ] [MainThread]: 
[0m01:49:59.817842 [info ] [MainThread]:   compiled code at target/compiled/northwind_dw/models/bronze/bronze_suppliers.sql
[0m01:49:59.818779 [info ] [MainThread]: 
[0m01:49:59.819910 [error] [MainThread]: [[31mERROR[0m]: in model bronze_products (models/bronze/bronze_products.sql)
[0m01:49:59.820959 [error] [MainThread]:   Database Error in model bronze_products (models/bronze/bronze_products.sql)
  Not found: Table portifolio-482811:northwind_bronze.bronze_products was not found in location US
  compiled code at target/run/northwind_dw/models/bronze/bronze_products.sql
[0m01:49:59.821450 [info ] [MainThread]: 
[0m01:49:59.822216 [info ] [MainThread]:   compiled code at target/compiled/northwind_dw/models/bronze/bronze_products.sql
[0m01:49:59.822743 [info ] [MainThread]: 
[0m01:49:59.823377 [info ] [MainThread]: Done. PASS=0 WARN=0 ERROR=8 SKIP=7 NO-OP=0 REUSED=0 TOTAL=15
[0m01:49:59.824368 [debug] [MainThread]: Resource report: {"command_name": "run", "command_success": false, "command_wall_clock_time": 8.72399, "process_in_blocks": "0", "process_kernel_time": 1.114421, "process_mem_max_rss": "261340", "process_out_blocks": "3992", "process_user_time": 7.338287}
[0m01:49:59.824958 [debug] [MainThread]: Command `dbt run` failed at 01:49:59.824818 after 8.72 seconds
[0m01:49:59.825502 [debug] [MainThread]: Sending event: {'category': 'dbt', 'action': 'invocation', 'label': 'end', 'context': [<snowplow_tracker.self_describing_json.SelfDescribingJson object at 0x709780c2d5d0>, <snowplow_tracker.self_describing_json.SelfDescribingJson object at 0x709780d97c50>, <snowplow_tracker.self_describing_json.SelfDescribingJson object at 0x709780d97d90>]}
[0m01:49:59.825998 [debug] [MainThread]: Flushing usage events
[0m01:50:00.514219 [debug] [MainThread]: An error was encountered while trying to flush usage events
[0m01:52:27.884253 [debug] [MainThread]: Sending event: {'category': 'dbt', 'action': 'invocation', 'label': 'start', 'context': [<snowplow_tracker.self_describing_json.SelfDescribingJson object at 0x776bf2033790>, <snowplow_tracker.self_describing_json.SelfDescribingJson object at 0x776bf2033a10>, <snowplow_tracker.self_describing_json.SelfDescribingJson object at 0x776bf2033890>]}


============================== 01:52:27.888011 | 5007c9cd-b95b-4dc3-a351-4d426f04e232 ==============================
[0m01:52:27.888011 [info ] [MainThread]: Running with dbt=1.12.0
[0m01:52:27.888799 [debug] [MainThread]: running dbt with arguments {'printer_width': '80', 'introspect': 'True', 'profiles_dir': '..', 'debug': 'False', 'cache_selected_only': 'False', 'warn_error_options': 'WarnErrorOptionsV2(error=[], warn=[], silence=[])', 'fail_fast': 'False', 'empty': 'False', 'indirect_selection': 'eager', 'version_check': 'True', 'use_experimental_parser': 'False', 'target_path': 'None', 'write_json': 'True', 'quiet': 'False', 'log_path': '/app/dbt/northwind_dw/logs', 'maximum_seed_size_mib': '1', 'invocation_command': 'dbt run --full-refresh --profiles-dir ..', 'warn_error': 'None', 'use_colors': 'True', 'partial_parse': 'True', 'hints_enabled': 'True', 'log_format': 'default', 'no_print': 'None', 'send_anonymous_usage_stats': 'True', 'static_parser': 'True', 'log_cache_events': 'False'}
[0m01:52:29.164236 [debug] [MainThread]: Sending event: {'category': 'dbt', 'action': 'project_id', 'label': '5007c9cd-b95b-4dc3-a351-4d426f04e232', 'context': [<snowplow_tracker.self_describing_json.SelfDescribingJson object at 0x776bd0d09250>]}
[0m01:52:29.260037 [debug] [MainThread]: Sending event: {'category': 'dbt', 'action': 'adapter_info', 'label': '5007c9cd-b95b-4dc3-a351-4d426f04e232', 'context': [<snowplow_tracker.self_describing_json.SelfDescribingJson object at 0x776bf54512d0>]}
[0m01:52:29.261274 [info ] [MainThread]: Registered adapter: bigquery=1.12.0
[0m01:52:29.593357 [debug] [MainThread]: checksum: d4f4ef13da6c3aad9ab454ee546b59192bf62b3fd0a217783ca98ed59e21247c, vars: {}, profile: northwind_dw, target: dev, version: 1.12.0
[0m01:52:29.922173 [debug] [MainThread]: Partial parsing enabled: 0 files deleted, 0 files added, 1 files changed.
[0m01:52:29.923496 [debug] [MainThread]: Partial parsing: updated file: northwind_dw://models/bronze/sources.yml
[0m01:52:30.352281 [debug] [MainThread]: Sending event: {'category': 'dbt', 'action': 'load_project', 'label': '5007c9cd-b95b-4dc3-a351-4d426f04e232', 'context': [<snowplow_tracker.self_describing_json.SelfDescribingJson object at 0x776bf32b6c10>]}
[0m01:52:30.536174 [debug] [MainThread]: Wrote artifact WritableManifest to /app/dbt/northwind_dw/target/manifest.json
[0m01:52:30.539965 [debug] [MainThread]: Wrote artifact SemanticManifest to /app/dbt/northwind_dw/target/semantic_manifest.json
[0m01:52:30.559011 [debug] [MainThread]: Wrote artifact OsiDocument to /app/dbt/northwind_dw/target/osi_document.json
[0m01:52:30.579709 [debug] [MainThread]: Sending event: {'category': 'dbt', 'action': 'resource_counts', 'label': '5007c9cd-b95b-4dc3-a351-4d426f04e232', 'context': [<snowplow_tracker.self_describing_json.SelfDescribingJson object at 0x776bd09eca90>]}
[0m01:52:30.580486 [info ] [MainThread]: Found 15 models, 22 data tests, 8 sources, 676 macros
[0m01:52:30.580981 [debug] [MainThread]: Sending event: {'category': 'dbt', 'action': 'runnable_timing', 'label': '5007c9cd-b95b-4dc3-a351-4d426f04e232', 'context': [<snowplow_tracker.self_describing_json.SelfDescribingJson object at 0x776bd0cf9810>]}
[0m01:52:30.584248 [info ] [MainThread]: 
[0m01:52:30.584743 [info ] [MainThread]: Concurrency: 4 threads (target='dev')
[0m01:52:30.585278 [info ] [MainThread]: 
[0m01:52:30.586134 [debug] [MainThread]: Acquiring new bigquery connection 'master'
[0m01:52:30.593794 [debug] [ThreadPool]: Acquiring new bigquery connection 'list_portifolio-482811'
[0m01:52:30.594951 [debug] [ThreadPool]: Acquiring new bigquery connection 'list_portifolio-482811'
[0m01:52:30.595419 [debug] [ThreadPool]: Opening a new connection, currently in state init
[0m01:52:30.596312 [debug] [ThreadPool]: Acquiring new bigquery connection 'list_portifolio-482811'
[0m01:52:30.596972 [debug] [ThreadPool]: Opening a new connection, currently in state init
[0m01:52:30.668148 [debug] [ThreadPool]: Opening a new connection, currently in state init
[0m01:52:31.506620 [debug] [ThreadPool]: Re-using an available connection from the pool (formerly list_portifolio-482811, now list_portifolio-482811_gold)
[0m01:52:31.508779 [debug] [ThreadPool]: Re-using an available connection from the pool (formerly list_portifolio-482811, now list_portifolio-482811_northwind_bronze)
[0m01:52:31.509424 [debug] [ThreadPool]: Opening a new connection, currently in state closed
[0m01:52:31.511303 [debug] [ThreadPool]: Re-using an available connection from the pool (formerly list_portifolio-482811, now list_portifolio-482811_northwind_silver)
[0m01:52:31.512114 [debug] [ThreadPool]: Opening a new connection, currently in state closed
[0m01:52:31.581217 [debug] [ThreadPool]: Opening a new connection, currently in state closed
[0m01:52:32.681748 [debug] [MainThread]: Sending event: {'category': 'dbt', 'action': 'runnable_timing', 'label': '5007c9cd-b95b-4dc3-a351-4d426f04e232', 'context': [<snowplow_tracker.self_describing_json.SelfDescribingJson object at 0x776bd0a54c10>]}
[0m01:52:32.682549 [debug] [MainThread]: Opening a new connection, currently in state init
[0m01:52:32.891336 [debug] [Thread-7 (]: Began running node model.northwind_dw.bronze_categories
[0m01:52:32.893271 [debug] [Thread-8 (]: Began running node model.northwind_dw.bronze_customers
[0m01:52:32.895583 [debug] [Thread-9 (]: Began running node model.northwind_dw.bronze_employees
[0m01:52:32.894079 [info ] [Thread-7 (]: 1 of 15 START sql view model northwind_bronze.bronze_categories ................ [RUN]
[0m01:52:32.896473 [debug] [Thread-10 ]: Began running node model.northwind_dw.bronze_order_details
[0m01:52:32.897113 [info ] [Thread-8 (]: 2 of 15 START sql view model northwind_bronze.bronze_customers ................. [RUN]
[0m01:52:32.898101 [info ] [Thread-9 (]: 3 of 15 START sql view model northwind_bronze.bronze_employees ................. [RUN]
[0m01:52:32.899077 [debug] [Thread-7 (]: Re-using an available connection from the pool (formerly list_portifolio-482811_northwind_bronze, now model.northwind_dw.bronze_categories)
[0m01:52:32.899828 [info ] [Thread-10 ]: 4 of 15 START sql view model northwind_bronze.bronze_order_details ............. [RUN]
[0m01:52:32.900717 [debug] [Thread-8 (]: Re-using an available connection from the pool (formerly list_portifolio-482811_gold, now model.northwind_dw.bronze_customers)
[0m01:52:32.901316 [debug] [Thread-9 (]: Re-using an available connection from the pool (formerly list_portifolio-482811_northwind_silver, now model.northwind_dw.bronze_employees)
[0m01:52:32.901945 [debug] [Thread-7 (]: Began compiling node model.northwind_dw.bronze_categories
[0m01:52:32.902987 [debug] [Thread-10 ]: Acquiring new bigquery connection 'model.northwind_dw.bronze_order_details'
[0m01:52:32.903759 [debug] [Thread-8 (]: Began compiling node model.northwind_dw.bronze_customers
[0m01:52:32.904339 [debug] [Thread-9 (]: Began compiling node model.northwind_dw.bronze_employees
[0m01:52:32.914280 [debug] [Thread-7 (]: Writing injected SQL for node "model.northwind_dw.bronze_categories"
[0m01:52:32.915000 [debug] [Thread-10 ]: Began compiling node model.northwind_dw.bronze_order_details
[0m01:52:32.917434 [debug] [Thread-8 (]: Writing injected SQL for node "model.northwind_dw.bronze_customers"
[0m01:52:32.920026 [debug] [Thread-9 (]: Writing injected SQL for node "model.northwind_dw.bronze_employees"
[0m01:52:32.922743 [debug] [Thread-10 ]: Writing injected SQL for node "model.northwind_dw.bronze_order_details"
[0m01:52:32.924010 [debug] [Thread-7 (]: Began executing node model.northwind_dw.bronze_categories
[0m01:52:32.925899 [debug] [Thread-8 (]: Began executing node model.northwind_dw.bronze_customers
[0m01:52:32.943434 [debug] [Thread-9 (]: Began executing node model.northwind_dw.bronze_employees
[0m01:52:32.954486 [debug] [Thread-7 (]: Opening a new connection, currently in state closed
[0m01:52:32.955049 [debug] [Thread-10 ]: Began executing node model.northwind_dw.bronze_order_details
[0m01:52:32.957843 [debug] [Thread-8 (]: Opening a new connection, currently in state closed
[0m01:52:32.961318 [debug] [Thread-9 (]: Opening a new connection, currently in state closed
[0m01:52:32.964406 [debug] [Thread-10 ]: Opening a new connection, currently in state init
[0m01:52:33.908013 [debug] [Thread-10 ]: Writing runtime sql for node "model.northwind_dw.bronze_order_details"
[0m01:52:33.911906 [debug] [Thread-8 (]: Writing runtime sql for node "model.northwind_dw.bronze_customers"
[0m01:52:33.915084 [debug] [Thread-9 (]: Writing runtime sql for node "model.northwind_dw.bronze_employees"
[0m01:52:33.919999 [debug] [Thread-7 (]: Writing runtime sql for node "model.northwind_dw.bronze_categories"
[0m01:52:33.921104 [debug] [Thread-10 ]: On model.northwind_dw.bronze_order_details: /* {"app": "dbt", "dbt_version": "1.12.0", "profile_name": "northwind_dw", "target_name": "dev", "node_id": "model.northwind_dw.bronze_order_details"} */


  create or replace view `portifolio-482811`.`northwind_bronze`.`bronze_order_details`
  OPTIONS()
  as -- Bronze layer: Raw data from PostgreSQL ingestion



SELECT *
FROM `portifolio-482811.northwind_bronze.bronze_order_details`;


[0m01:52:33.925044 [debug] [Thread-9 (]: On model.northwind_dw.bronze_employees: /* {"app": "dbt", "dbt_version": "1.12.0", "profile_name": "northwind_dw", "target_name": "dev", "node_id": "model.northwind_dw.bronze_employees"} */


  create or replace view `portifolio-482811`.`northwind_bronze`.`bronze_employees`
  OPTIONS()
  as -- Bronze layer: Raw data from PostgreSQL ingestion



SELECT *
FROM `portifolio-482811.northwind_bronze.bronze_employees`;


[0m01:52:33.928167 [debug] [Thread-8 (]: On model.northwind_dw.bronze_customers: /* {"app": "dbt", "dbt_version": "1.12.0", "profile_name": "northwind_dw", "target_name": "dev", "node_id": "model.northwind_dw.bronze_customers"} */


  create or replace view `portifolio-482811`.`northwind_bronze`.`bronze_customers`
  OPTIONS()
  as -- Bronze layer: Raw data from PostgreSQL ingestion



SELECT *
FROM `portifolio-482811.northwind_bronze.bronze_customers`;


[0m01:52:33.929340 [debug] [Thread-7 (]: On model.northwind_dw.bronze_categories: /* {"app": "dbt", "dbt_version": "1.12.0", "profile_name": "northwind_dw", "target_name": "dev", "node_id": "model.northwind_dw.bronze_categories"} */


  create or replace view `portifolio-482811`.`northwind_bronze`.`bronze_categories`
  OPTIONS()
  as -- Bronze layer: Raw data from PostgreSQL ingestion



SELECT *
FROM `portifolio-482811.northwind_bronze.bronze_categories`;


[0m01:52:34.353644 [debug] [Thread-8 (]: BigQuery adapter: https://console.cloud.google.com/bigquery?project=portifolio-482811&j=bq:US:c754cd30-2fd2-4d1e-88d6-7bcc443d6b90&page=queryresults
[0m01:52:34.354615 [error] [Thread-8 (]: BigQuery adapter: https://console.cloud.google.com/bigquery?project=portifolio-482811&j=bq:US:c754cd30-2fd2-4d1e-88d6-7bcc443d6b90&page=queryresults
[0m01:52:34.367372 [debug] [Thread-8 (]: Database Error in model bronze_customers (models/bronze/bronze_customers.sql)
  Not found: Table portifolio-482811:northwind_bronze.bronze_customers was not found in location US
  compiled code at target/run/northwind_dw/models/bronze/bronze_customers.sql
[0m01:52:34.370414 [debug] [Thread-8 (]: Sending event: {'category': 'dbt', 'action': 'run_model', 'label': '5007c9cd-b95b-4dc3-a351-4d426f04e232', 'context': [<snowplow_tracker.self_describing_json.SelfDescribingJson object at 0x776bd09cb550>]}
[0m01:52:34.371427 [error] [Thread-8 (]: 2 of 15 ERROR creating sql view model northwind_bronze.bronze_customers ........ [[31mERROR[0m in 1.47s]
[0m01:52:34.372486 [debug] [Thread-8 (]: Finished running node model.northwind_dw.bronze_customers
[0m01:52:34.373183 [debug] [Thread-8 (]: Began running node model.northwind_dw.bronze_orders
[0m01:52:34.373994 [debug] [Thread-13 ]: Marking all children of 'model.northwind_dw.bronze_customers' to be skipped because of status 'error'.  Reason: Database Error in model bronze_customers (models/bronze/bronze_customers.sql)
  Not found: Table portifolio-482811:northwind_bronze.bronze_customers was not found in location US
  compiled code at target/run/northwind_dw/models/bronze/bronze_customers.sql.
[0m01:52:34.374731 [info ] [Thread-8 (]: 5 of 15 START sql view model northwind_bronze.bronze_orders .................... [RUN]
[0m01:52:34.377878 [debug] [Thread-8 (]: Re-using an available connection from the pool (formerly model.northwind_dw.bronze_customers, now model.northwind_dw.bronze_orders)
[0m01:52:34.378661 [debug] [Thread-8 (]: Began compiling node model.northwind_dw.bronze_orders
[0m01:52:34.382023 [debug] [Thread-8 (]: Writing injected SQL for node "model.northwind_dw.bronze_orders"
[0m01:52:34.383320 [debug] [Thread-8 (]: Began executing node model.northwind_dw.bronze_orders
[0m01:52:34.386500 [debug] [Thread-8 (]: Opening a new connection, currently in state closed
[0m01:52:34.467701 [debug] [Thread-7 (]: BigQuery adapter: https://console.cloud.google.com/bigquery?project=portifolio-482811&j=bq:US:1b911592-7919-457f-b858-837e2fe6f759&page=queryresults
[0m01:52:34.469436 [debug] [Thread-9 (]: BigQuery adapter: https://console.cloud.google.com/bigquery?project=portifolio-482811&j=bq:US:42d7ae12-3b89-4086-9aad-4e89a35e9e83&page=queryresults
[0m01:52:34.471081 [error] [Thread-7 (]: BigQuery adapter: https://console.cloud.google.com/bigquery?project=portifolio-482811&j=bq:US:1b911592-7919-457f-b858-837e2fe6f759&page=queryresults
[0m01:52:34.472533 [error] [Thread-9 (]: BigQuery adapter: https://console.cloud.google.com/bigquery?project=portifolio-482811&j=bq:US:42d7ae12-3b89-4086-9aad-4e89a35e9e83&page=queryresults
[0m01:52:34.502371 [debug] [Thread-7 (]: Database Error in model bronze_categories (models/bronze/bronze_categories.sql)
  Not found: Table portifolio-482811:northwind_bronze.bronze_categories was not found in location US
  compiled code at target/run/northwind_dw/models/bronze/bronze_categories.sql
[0m01:52:34.501659 [debug] [Thread-9 (]: Database Error in model bronze_employees (models/bronze/bronze_employees.sql)
  Not found: Table portifolio-482811:northwind_bronze.bronze_employees was not found in location US
  compiled code at target/run/northwind_dw/models/bronze/bronze_employees.sql
[0m01:52:34.504152 [debug] [Thread-7 (]: Sending event: {'category': 'dbt', 'action': 'run_model', 'label': '5007c9cd-b95b-4dc3-a351-4d426f04e232', 'context': [<snowplow_tracker.self_describing_json.SelfDescribingJson object at 0x776bd0ba3ed0>]}
[0m01:52:34.505248 [debug] [Thread-9 (]: Sending event: {'category': 'dbt', 'action': 'run_model', 'label': '5007c9cd-b95b-4dc3-a351-4d426f04e232', 'context': [<snowplow_tracker.self_describing_json.SelfDescribingJson object at 0x776bd0d32dd0>]}
[0m01:52:34.506633 [error] [Thread-7 (]: 1 of 15 ERROR creating sql view model northwind_bronze.bronze_categories ....... [[31mERROR[0m in 1.61s]
[0m01:52:34.508645 [error] [Thread-9 (]: 3 of 15 ERROR creating sql view model northwind_bronze.bronze_employees ........ [[31mERROR[0m in 1.60s]
[0m01:52:34.510634 [debug] [Thread-7 (]: Finished running node model.northwind_dw.bronze_categories
[0m01:52:34.511884 [debug] [Thread-9 (]: Finished running node model.northwind_dw.bronze_employees
[0m01:52:34.512653 [debug] [Thread-7 (]: Began running node model.northwind_dw.bronze_products
[0m01:52:34.513545 [debug] [Thread-13 ]: Marking all children of 'model.northwind_dw.bronze_categories' to be skipped because of status 'error'.  Reason: Database Error in model bronze_categories (models/bronze/bronze_categories.sql)
  Not found: Table portifolio-482811:northwind_bronze.bronze_categories was not found in location US
  compiled code at target/run/northwind_dw/models/bronze/bronze_categories.sql.
[0m01:52:34.514176 [debug] [Thread-9 (]: Began running node model.northwind_dw.bronze_shippers
[0m01:52:34.515213 [info ] [Thread-7 (]: 6 of 15 START sql view model northwind_bronze.bronze_products .................. [RUN]
[0m01:52:34.516807 [debug] [Thread-13 ]: Marking all children of 'model.northwind_dw.bronze_employees' to be skipped because of status 'error'.  Reason: Database Error in model bronze_employees (models/bronze/bronze_employees.sql)
  Not found: Table portifolio-482811:northwind_bronze.bronze_employees was not found in location US
  compiled code at target/run/northwind_dw/models/bronze/bronze_employees.sql.
[0m01:52:34.518127 [info ] [Thread-9 (]: 7 of 15 START sql view model northwind_bronze.bronze_shippers .................. [RUN]
[0m01:52:34.519512 [debug] [Thread-7 (]: Re-using an available connection from the pool (formerly model.northwind_dw.bronze_categories, now model.northwind_dw.bronze_products)
[0m01:52:34.521218 [debug] [Thread-9 (]: Re-using an available connection from the pool (formerly model.northwind_dw.bronze_employees, now model.northwind_dw.bronze_shippers)
[0m01:52:34.522078 [debug] [Thread-7 (]: Began compiling node model.northwind_dw.bronze_products
[0m01:52:34.522935 [debug] [Thread-9 (]: Began compiling node model.northwind_dw.bronze_shippers
[0m01:52:34.527841 [debug] [Thread-7 (]: Writing injected SQL for node "model.northwind_dw.bronze_products"
[0m01:52:34.530855 [debug] [Thread-9 (]: Writing injected SQL for node "model.northwind_dw.bronze_shippers"
[0m01:52:34.532360 [debug] [Thread-9 (]: Began executing node model.northwind_dw.bronze_shippers
[0m01:52:34.533098 [debug] [Thread-7 (]: Began executing node model.northwind_dw.bronze_products
[0m01:52:34.536366 [debug] [Thread-9 (]: Opening a new connection, currently in state closed
[0m01:52:34.539269 [debug] [Thread-7 (]: Opening a new connection, currently in state closed
[0m01:52:34.725162 [debug] [Thread-10 ]: BigQuery adapter: https://console.cloud.google.com/bigquery?project=portifolio-482811&j=bq:US:e010b1da-b92b-4023-a397-59e0bc87c17d&page=queryresults
[0m01:52:34.728860 [error] [Thread-10 ]: BigQuery adapter: https://console.cloud.google.com/bigquery?project=portifolio-482811&j=bq:US:e010b1da-b92b-4023-a397-59e0bc87c17d&page=queryresults
[0m01:52:34.740658 [debug] [Thread-10 ]: Database Error in model bronze_order_details (models/bronze/bronze_order_details.sql)
  Not found: Table portifolio-482811:northwind_bronze.bronze_order_details was not found in location US
  compiled code at target/run/northwind_dw/models/bronze/bronze_order_details.sql
[0m01:52:34.742516 [debug] [Thread-10 ]: Sending event: {'category': 'dbt', 'action': 'run_model', 'label': '5007c9cd-b95b-4dc3-a351-4d426f04e232', 'context': [<snowplow_tracker.self_describing_json.SelfDescribingJson object at 0x776bd0ba19d0>]}
[0m01:52:34.745083 [error] [Thread-10 ]: 4 of 15 ERROR creating sql view model northwind_bronze.bronze_order_details .... [[31mERROR[0m in 1.84s]
[0m01:52:34.746938 [debug] [Thread-10 ]: Finished running node model.northwind_dw.bronze_order_details
[0m01:52:34.747789 [debug] [Thread-10 ]: Began running node model.northwind_dw.bronze_suppliers
[0m01:52:34.748700 [debug] [Thread-13 ]: Marking all children of 'model.northwind_dw.bronze_order_details' to be skipped because of status 'error'.  Reason: Database Error in model bronze_order_details (models/bronze/bronze_order_details.sql)
  Not found: Table portifolio-482811:northwind_bronze.bronze_order_details was not found in location US
  compiled code at target/run/northwind_dw/models/bronze/bronze_order_details.sql.
[0m01:52:34.749535 [info ] [Thread-10 ]: 8 of 15 START sql view model northwind_bronze.bronze_suppliers ................. [RUN]
[0m01:52:34.751113 [debug] [Thread-10 ]: Re-using an available connection from the pool (formerly model.northwind_dw.bronze_order_details, now model.northwind_dw.bronze_suppliers)
[0m01:52:34.751944 [debug] [Thread-10 ]: Began compiling node model.northwind_dw.bronze_suppliers
[0m01:52:34.756122 [debug] [Thread-10 ]: Writing injected SQL for node "model.northwind_dw.bronze_suppliers"
[0m01:52:34.757319 [debug] [Thread-10 ]: Began executing node model.northwind_dw.bronze_suppliers
[0m01:52:34.761263 [debug] [Thread-10 ]: Opening a new connection, currently in state closed
[0m01:52:35.354100 [debug] [Thread-8 (]: Writing runtime sql for node "model.northwind_dw.bronze_orders"
[0m01:52:35.355176 [debug] [Thread-8 (]: On model.northwind_dw.bronze_orders: /* {"app": "dbt", "dbt_version": "1.12.0", "profile_name": "northwind_dw", "target_name": "dev", "node_id": "model.northwind_dw.bronze_orders"} */


  create or replace view `portifolio-482811`.`northwind_bronze`.`bronze_orders`
  OPTIONS()
  as -- Bronze layer: Raw data from PostgreSQL ingestion



SELECT *
FROM `portifolio-482811.northwind_bronze.bronze_orders`;


[0m01:52:35.425359 [debug] [Thread-7 (]: Writing runtime sql for node "model.northwind_dw.bronze_products"
[0m01:52:35.426604 [debug] [Thread-7 (]: On model.northwind_dw.bronze_products: /* {"app": "dbt", "dbt_version": "1.12.0", "profile_name": "northwind_dw", "target_name": "dev", "node_id": "model.northwind_dw.bronze_products"} */


  create or replace view `portifolio-482811`.`northwind_bronze`.`bronze_products`
  OPTIONS()
  as -- Bronze layer: Raw data from PostgreSQL ingestion



SELECT *
FROM `portifolio-482811.northwind_bronze.bronze_products`;


[0m01:52:35.438797 [debug] [Thread-9 (]: Writing runtime sql for node "model.northwind_dw.bronze_shippers"
[0m01:52:35.439958 [debug] [Thread-9 (]: On model.northwind_dw.bronze_shippers: /* {"app": "dbt", "dbt_version": "1.12.0", "profile_name": "northwind_dw", "target_name": "dev", "node_id": "model.northwind_dw.bronze_shippers"} */


  create or replace view `portifolio-482811`.`northwind_bronze`.`bronze_shippers`
  OPTIONS()
  as -- Bronze layer: Raw data from PostgreSQL ingestion



SELECT *
FROM `portifolio-482811.northwind_bronze.bronze_shippers`;


[0m01:52:35.466562 [debug] [Thread-10 ]: Writing runtime sql for node "model.northwind_dw.bronze_suppliers"
[0m01:52:35.467934 [debug] [Thread-10 ]: On model.northwind_dw.bronze_suppliers: /* {"app": "dbt", "dbt_version": "1.12.0", "profile_name": "northwind_dw", "target_name": "dev", "node_id": "model.northwind_dw.bronze_suppliers"} */


  create or replace view `portifolio-482811`.`northwind_bronze`.`bronze_suppliers`
  OPTIONS()
  as -- Bronze layer: Raw data from PostgreSQL ingestion



SELECT *
FROM `portifolio-482811.northwind_bronze.bronze_suppliers`;


[0m01:52:35.840405 [debug] [Thread-8 (]: BigQuery adapter: https://console.cloud.google.com/bigquery?project=portifolio-482811&j=bq:US:103b0090-4a73-4e23-b1f2-3e79ed67cb23&page=queryresults
[0m01:52:35.841404 [error] [Thread-8 (]: BigQuery adapter: https://console.cloud.google.com/bigquery?project=portifolio-482811&j=bq:US:103b0090-4a73-4e23-b1f2-3e79ed67cb23&page=queryresults
[0m01:52:35.850852 [debug] [Thread-8 (]: Database Error in model bronze_orders (models/bronze/bronze_orders.sql)
  Not found: Table portifolio-482811:northwind_bronze.bronze_orders was not found in location US
  compiled code at target/run/northwind_dw/models/bronze/bronze_orders.sql
[0m01:52:35.852513 [debug] [Thread-8 (]: Sending event: {'category': 'dbt', 'action': 'run_model', 'label': '5007c9cd-b95b-4dc3-a351-4d426f04e232', 'context': [<snowplow_tracker.self_describing_json.SelfDescribingJson object at 0x776bd087c6d0>]}
[0m01:52:35.853565 [error] [Thread-8 (]: 5 of 15 ERROR creating sql view model northwind_bronze.bronze_orders ........... [[31mERROR[0m in 1.47s]
[0m01:52:35.854534 [debug] [Thread-8 (]: Finished running node model.northwind_dw.bronze_orders
[0m01:52:35.855215 [debug] [Thread-8 (]: Began running node model.northwind_dw.silver_dim_customers
[0m01:52:35.855991 [debug] [Thread-13 ]: Marking all children of 'model.northwind_dw.bronze_orders' to be skipped because of status 'error'.  Reason: Database Error in model bronze_orders (models/bronze/bronze_orders.sql)
  Not found: Table portifolio-482811:northwind_bronze.bronze_orders was not found in location US
  compiled code at target/run/northwind_dw/models/bronze/bronze_orders.sql.
[0m01:52:35.856730 [info ] [Thread-8 (]: 9 of 15 SKIP relation northwind_silver.silver_dim_customers .................... [[33mSKIP[0m]
[0m01:52:35.858417 [debug] [Thread-8 (]: Finished running node model.northwind_dw.silver_dim_customers
[0m01:52:35.859338 [debug] [Thread-8 (]: Began running node model.northwind_dw.silver_dim_employees
[0m01:52:35.860400 [info ] [Thread-8 (]: 10 of 15 SKIP relation northwind_silver.silver_dim_employees ................... [[33mSKIP[0m]
[0m01:52:35.861678 [debug] [Thread-8 (]: Finished running node model.northwind_dw.silver_dim_employees
[0m01:52:35.862426 [debug] [Thread-8 (]: Began running node model.northwind_dw.silver_fact_orders
[0m01:52:35.863243 [info ] [Thread-8 (]: 11 of 15 SKIP relation northwind_silver.silver_fact_orders ..................... [[33mSKIP[0m]
[0m01:52:35.864093 [debug] [Thread-8 (]: Finished running node model.northwind_dw.silver_fact_orders
[0m01:52:35.865437 [debug] [Thread-8 (]: Began running node model.northwind_dw.gold_customer_analytics
[0m01:52:35.866178 [info ] [Thread-8 (]: 12 of 15 SKIP relation gold.gold_customer_analytics ............................ [[33mSKIP[0m]
[0m01:52:35.867109 [debug] [Thread-8 (]: Finished running node model.northwind_dw.gold_customer_analytics
[0m01:52:35.867858 [debug] [Thread-8 (]: Began running node model.northwind_dw.gold_sales_by_country
[0m01:52:35.868574 [info ] [Thread-8 (]: 13 of 15 SKIP relation gold.gold_sales_by_country .............................. [[33mSKIP[0m]
[0m01:52:35.869279 [debug] [Thread-8 (]: Finished running node model.northwind_dw.gold_sales_by_country
[0m01:52:35.900664 [debug] [Thread-7 (]: BigQuery adapter: https://console.cloud.google.com/bigquery?project=portifolio-482811&j=bq:US:9261263f-ecca-4c17-8d22-36a688917e6a&page=queryresults
[0m01:52:35.901606 [error] [Thread-7 (]: BigQuery adapter: https://console.cloud.google.com/bigquery?project=portifolio-482811&j=bq:US:9261263f-ecca-4c17-8d22-36a688917e6a&page=queryresults
[0m01:52:35.908952 [debug] [Thread-7 (]: Database Error in model bronze_products (models/bronze/bronze_products.sql)
  Not found: Table portifolio-482811:northwind_bronze.bronze_products was not found in location US
  compiled code at target/run/northwind_dw/models/bronze/bronze_products.sql
[0m01:52:35.910363 [debug] [Thread-7 (]: Sending event: {'category': 'dbt', 'action': 'run_model', 'label': '5007c9cd-b95b-4dc3-a351-4d426f04e232', 'context': [<snowplow_tracker.self_describing_json.SelfDescribingJson object at 0x776bd087ccd0>]}
[0m01:52:35.911555 [error] [Thread-7 (]: 6 of 15 ERROR creating sql view model northwind_bronze.bronze_products ......... [[31mERROR[0m in 1.39s]
[0m01:52:35.912976 [debug] [Thread-7 (]: Finished running node model.northwind_dw.bronze_products
[0m01:52:35.913950 [debug] [Thread-13 ]: Marking all children of 'model.northwind_dw.bronze_products' to be skipped because of status 'error'.  Reason: Database Error in model bronze_products (models/bronze/bronze_products.sql)
  Not found: Table portifolio-482811:northwind_bronze.bronze_products was not found in location US
  compiled code at target/run/northwind_dw/models/bronze/bronze_products.sql.
[0m01:52:36.046540 [debug] [Thread-10 ]: BigQuery adapter: https://console.cloud.google.com/bigquery?project=portifolio-482811&j=bq:US:3bb36c24-01db-48db-a16f-4c68c0126d0c&page=queryresults
[0m01:52:36.047670 [error] [Thread-10 ]: BigQuery adapter: https://console.cloud.google.com/bigquery?project=portifolio-482811&j=bq:US:3bb36c24-01db-48db-a16f-4c68c0126d0c&page=queryresults
[0m01:52:36.055251 [debug] [Thread-10 ]: Database Error in model bronze_suppliers (models/bronze/bronze_suppliers.sql)
  Not found: Table portifolio-482811:northwind_bronze.bronze_suppliers was not found in location US
  compiled code at target/run/northwind_dw/models/bronze/bronze_suppliers.sql
[0m01:52:36.056136 [debug] [Thread-10 ]: Sending event: {'category': 'dbt', 'action': 'run_model', 'label': '5007c9cd-b95b-4dc3-a351-4d426f04e232', 'context': [<snowplow_tracker.self_describing_json.SelfDescribingJson object at 0x776bd0d87710>]}
[0m01:52:36.056970 [error] [Thread-10 ]: 8 of 15 ERROR creating sql view model northwind_bronze.bronze_suppliers ........ [[31mERROR[0m in 1.31s]
[0m01:52:36.058218 [debug] [Thread-10 ]: Finished running node model.northwind_dw.bronze_suppliers
[0m01:52:36.059267 [debug] [Thread-13 ]: Marking all children of 'model.northwind_dw.bronze_suppliers' to be skipped because of status 'error'.  Reason: Database Error in model bronze_suppliers (models/bronze/bronze_suppliers.sql)
  Not found: Table portifolio-482811:northwind_bronze.bronze_suppliers was not found in location US
  compiled code at target/run/northwind_dw/models/bronze/bronze_suppliers.sql.
[0m01:52:36.060673 [debug] [Thread-8 (]: Began running node model.northwind_dw.silver_dim_products
[0m01:52:36.061448 [info ] [Thread-8 (]: 14 of 15 SKIP relation northwind_silver.silver_dim_products .................... [[33mSKIP[0m]
[0m01:52:36.062669 [debug] [Thread-8 (]: Finished running node model.northwind_dw.silver_dim_products
[0m01:52:36.064129 [debug] [Thread-10 ]: Began running node model.northwind_dw.gold_sales_by_category
[0m01:52:36.064740 [info ] [Thread-10 ]: 15 of 15 SKIP relation gold.gold_sales_by_category ............................. [[33mSKIP[0m]
[0m01:52:36.065668 [debug] [Thread-10 ]: Finished running node model.northwind_dw.gold_sales_by_category
[0m01:52:36.256128 [debug] [Thread-9 (]: BigQuery adapter: https://console.cloud.google.com/bigquery?project=portifolio-482811&j=bq:US:97bb3f58-ac5a-484b-8766-9562dfc45825&page=queryresults
[0m01:52:36.257055 [error] [Thread-9 (]: BigQuery adapter: https://console.cloud.google.com/bigquery?project=portifolio-482811&j=bq:US:97bb3f58-ac5a-484b-8766-9562dfc45825&page=queryresults
[0m01:52:36.266279 [debug] [Thread-9 (]: Database Error in model bronze_shippers (models/bronze/bronze_shippers.sql)
  Not found: Table portifolio-482811:northwind_bronze.bronze_shippers was not found in location US
  compiled code at target/run/northwind_dw/models/bronze/bronze_shippers.sql
[0m01:52:36.267341 [debug] [Thread-9 (]: Sending event: {'category': 'dbt', 'action': 'run_model', 'label': '5007c9cd-b95b-4dc3-a351-4d426f04e232', 'context': [<snowplow_tracker.self_describing_json.SelfDescribingJson object at 0x776bd09116d0>]}
[0m01:52:36.268296 [error] [Thread-9 (]: 7 of 15 ERROR creating sql view model northwind_bronze.bronze_shippers ......... [[31mERROR[0m in 1.75s]
[0m01:52:36.269275 [debug] [Thread-9 (]: Finished running node model.northwind_dw.bronze_shippers
[0m01:52:36.270086 [debug] [Thread-13 ]: Marking all children of 'model.northwind_dw.bronze_shippers' to be skipped because of status 'error'.  Reason: Database Error in model bronze_shippers (models/bronze/bronze_shippers.sql)
  Not found: Table portifolio-482811:northwind_bronze.bronze_shippers was not found in location US
  compiled code at target/run/northwind_dw/models/bronze/bronze_shippers.sql.
[0m01:52:36.273110 [debug] [MainThread]: Opening a new connection, currently in state closed
[0m01:52:36.347247 [debug] [MainThread]: Connection 'master' was properly closed.
[0m01:52:36.347801 [debug] [MainThread]: Connection 'model.northwind_dw.bronze_orders' was properly closed.
[0m01:52:36.348209 [debug] [MainThread]: Connection 'model.northwind_dw.bronze_products' was properly closed.
[0m01:52:36.348595 [debug] [MainThread]: Connection 'model.northwind_dw.bronze_shippers' was properly closed.
[0m01:52:36.348977 [debug] [MainThread]: Connection 'model.northwind_dw.bronze_suppliers' was properly closed.
[0m01:52:36.349538 [info ] [MainThread]: 
[0m01:52:36.350058 [info ] [MainThread]: Finished running 7 table models, 8 view models in 0 hours 0 minutes and 5.76 seconds (5.76s).
[0m01:52:36.353236 [debug] [MainThread]: Command end result
[0m01:52:36.454503 [debug] [MainThread]: Wrote artifact WritableManifest to /app/dbt/northwind_dw/target/manifest.json
[0m01:52:36.458166 [debug] [MainThread]: Wrote artifact SemanticManifest to /app/dbt/northwind_dw/target/semantic_manifest.json
[0m01:52:36.462050 [debug] [MainThread]: Wrote artifact OsiDocument to /app/dbt/northwind_dw/target/osi_document.json
[0m01:52:36.471944 [debug] [MainThread]: Wrote artifact RunExecutionResult to /app/dbt/northwind_dw/target/run_results.json
[0m01:52:36.472448 [info ] [MainThread]: 
[0m01:52:36.473094 [info ] [MainThread]: [31mCompleted with 8 errors, 0 partial successes, and 0 warnings:[0m
[0m01:52:36.473715 [info ] [MainThread]: 
[0m01:52:36.474315 [error] [MainThread]: [[31mERROR[0m]: in model bronze_customers (models/bronze/bronze_customers.sql)
[0m01:52:36.475265 [error] [MainThread]:   Database Error in model bronze_customers (models/bronze/bronze_customers.sql)
  Not found: Table portifolio-482811:northwind_bronze.bronze_customers was not found in location US
  compiled code at target/run/northwind_dw/models/bronze/bronze_customers.sql
[0m01:52:36.476011 [info ] [MainThread]: 
[0m01:52:36.476946 [info ] [MainThread]:   compiled code at target/compiled/northwind_dw/models/bronze/bronze_customers.sql
[0m01:52:36.477629 [info ] [MainThread]: 
[0m01:52:36.478658 [error] [MainThread]: [[31mERROR[0m]: in model bronze_categories (models/bronze/bronze_categories.sql)
[0m01:52:36.479388 [error] [MainThread]:   Database Error in model bronze_categories (models/bronze/bronze_categories.sql)
  Not found: Table portifolio-482811:northwind_bronze.bronze_categories was not found in location US
  compiled code at target/run/northwind_dw/models/bronze/bronze_categories.sql
[0m01:52:36.480002 [info ] [MainThread]: 
[0m01:52:36.480736 [info ] [MainThread]:   compiled code at target/compiled/northwind_dw/models/bronze/bronze_categories.sql
[0m01:52:36.481365 [info ] [MainThread]: 
[0m01:52:36.482128 [error] [MainThread]: [[31mERROR[0m]: in model bronze_employees (models/bronze/bronze_employees.sql)
[0m01:52:36.482811 [error] [MainThread]:   Database Error in model bronze_employees (models/bronze/bronze_employees.sql)
  Not found: Table portifolio-482811:northwind_bronze.bronze_employees was not found in location US
  compiled code at target/run/northwind_dw/models/bronze/bronze_employees.sql
[0m01:52:36.483670 [info ] [MainThread]: 
[0m01:52:36.484516 [info ] [MainThread]:   compiled code at target/compiled/northwind_dw/models/bronze/bronze_employees.sql
[0m01:52:36.485088 [info ] [MainThread]: 
[0m01:52:36.486049 [error] [MainThread]: [[31mERROR[0m]: in model bronze_order_details (models/bronze/bronze_order_details.sql)
[0m01:52:36.486785 [error] [MainThread]:   Database Error in model bronze_order_details (models/bronze/bronze_order_details.sql)
  Not found: Table portifolio-482811:northwind_bronze.bronze_order_details was not found in location US
  compiled code at target/run/northwind_dw/models/bronze/bronze_order_details.sql
[0m01:52:36.487398 [info ] [MainThread]: 
[0m01:52:36.488198 [info ] [MainThread]:   compiled code at target/compiled/northwind_dw/models/bronze/bronze_order_details.sql
[0m01:52:36.488788 [info ] [MainThread]: 
[0m01:52:36.489456 [error] [MainThread]: [[31mERROR[0m]: in model bronze_orders (models/bronze/bronze_orders.sql)
[0m01:52:36.490218 [error] [MainThread]:   Database Error in model bronze_orders (models/bronze/bronze_orders.sql)
  Not found: Table portifolio-482811:northwind_bronze.bronze_orders was not found in location US
  compiled code at target/run/northwind_dw/models/bronze/bronze_orders.sql
[0m01:52:36.490829 [info ] [MainThread]: 
[0m01:52:36.491705 [info ] [MainThread]:   compiled code at target/compiled/northwind_dw/models/bronze/bronze_orders.sql
[0m01:52:36.492286 [info ] [MainThread]: 
[0m01:52:36.493611 [error] [MainThread]: [[31mERROR[0m]: in model bronze_products (models/bronze/bronze_products.sql)
[0m01:52:36.494646 [error] [MainThread]:   Database Error in model bronze_products (models/bronze/bronze_products.sql)
  Not found: Table portifolio-482811:northwind_bronze.bronze_products was not found in location US
  compiled code at target/run/northwind_dw/models/bronze/bronze_products.sql
[0m01:52:36.495376 [info ] [MainThread]: 
[0m01:52:36.496158 [info ] [MainThread]:   compiled code at target/compiled/northwind_dw/models/bronze/bronze_products.sql
[0m01:52:36.496828 [info ] [MainThread]: 
[0m01:52:36.497639 [error] [MainThread]: [[31mERROR[0m]: in model bronze_suppliers (models/bronze/bronze_suppliers.sql)
[0m01:52:36.498339 [error] [MainThread]:   Database Error in model bronze_suppliers (models/bronze/bronze_suppliers.sql)
  Not found: Table portifolio-482811:northwind_bronze.bronze_suppliers was not found in location US
  compiled code at target/run/northwind_dw/models/bronze/bronze_suppliers.sql
[0m01:52:36.498819 [info ] [MainThread]: 
[0m01:52:36.499617 [info ] [MainThread]:   compiled code at target/compiled/northwind_dw/models/bronze/bronze_suppliers.sql
[0m01:52:36.500187 [info ] [MainThread]: 
[0m01:52:36.500965 [error] [MainThread]: [[31mERROR[0m]: in model bronze_shippers (models/bronze/bronze_shippers.sql)
[0m01:52:36.501753 [error] [MainThread]:   Database Error in model bronze_shippers (models/bronze/bronze_shippers.sql)
  Not found: Table portifolio-482811:northwind_bronze.bronze_shippers was not found in location US
  compiled code at target/run/northwind_dw/models/bronze/bronze_shippers.sql
[0m01:52:36.502367 [info ] [MainThread]: 
[0m01:52:36.503531 [info ] [MainThread]:   compiled code at target/compiled/northwind_dw/models/bronze/bronze_shippers.sql
[0m01:52:36.504358 [info ] [MainThread]: 
[0m01:52:36.505397 [info ] [MainThread]: Done. PASS=0 WARN=0 ERROR=8 SKIP=7 NO-OP=0 REUSED=0 TOTAL=15
[0m01:52:36.506476 [debug] [MainThread]: Resource report: {"command_name": "run", "command_success": false, "command_wall_clock_time": 8.726277, "process_in_blocks": "0", "process_kernel_time": 1.04231, "process_mem_max_rss": "263060", "process_out_blocks": "7320", "process_user_time": 7.49261}
[0m01:52:36.507156 [debug] [MainThread]: Command `dbt run` failed at 01:52:36.507010 after 8.73 seconds
[0m01:52:36.507690 [debug] [MainThread]: Sending event: {'category': 'dbt', 'action': 'invocation', 'label': 'end', 'context': [<snowplow_tracker.self_describing_json.SelfDescribingJson object at 0x776bf20a9d10>, <snowplow_tracker.self_describing_json.SelfDescribingJson object at 0x776bf20aab90>, <snowplow_tracker.self_describing_json.SelfDescribingJson object at 0x776bd0e64b50>]}
[0m01:52:36.508219 [debug] [MainThread]: Flushing usage events
[0m01:52:37.324585 [debug] [MainThread]: An error was encountered while trying to flush usage events
[0m01:55:10.387257 [debug] [MainThread]: Sending event: {'category': 'dbt', 'action': 'invocation', 'label': 'start', 'context': [<snowplow_tracker.self_describing_json.SelfDescribingJson object at 0x775a3570f1d0>, <snowplow_tracker.self_describing_json.SelfDescribingJson object at 0x775a35546490>, <snowplow_tracker.self_describing_json.SelfDescribingJson object at 0x775a357360d0>]}


============================== 01:55:10.391647 | be64966f-8721-486d-a6d7-452ff947a85d ==============================
[0m01:55:10.391647 [info ] [MainThread]: Running with dbt=1.12.0
[0m01:55:10.392446 [debug] [MainThread]: running dbt with arguments {'log_cache_events': 'False', 'log_format': 'default', 'empty': 'False', 'maximum_seed_size_mib': '1', 'partial_parse': 'True', 'introspect': 'True', 'hints_enabled': 'True', 'version_check': 'True', 'warn_error': 'None', 'send_anonymous_usage_stats': 'True', 'cache_selected_only': 'False', 'indirect_selection': 'eager', 'target_path': 'None', 'static_parser': 'True', 'no_print': 'None', 'use_colors': 'True', 'log_path': '/app/dbt/northwind_dw/logs', 'fail_fast': 'False', 'debug': 'False', 'quiet': 'False', 'write_json': 'True', 'warn_error_options': 'WarnErrorOptionsV2(error=[], warn=[], silence=[])', 'invocation_command': 'dbt run --full-refresh --profiles-dir ..', 'profiles_dir': '..', 'use_experimental_parser': 'False', 'printer_width': '80'}
[0m01:55:11.615952 [debug] [MainThread]: Sending event: {'category': 'dbt', 'action': 'project_id', 'label': 'be64966f-8721-486d-a6d7-452ff947a85d', 'context': [<snowplow_tracker.self_describing_json.SelfDescribingJson object at 0x775a141a18d0>]}
[0m01:55:11.706932 [debug] [MainThread]: Sending event: {'category': 'dbt', 'action': 'adapter_info', 'label': 'be64966f-8721-486d-a6d7-452ff947a85d', 'context': [<snowplow_tracker.self_describing_json.SelfDescribingJson object at 0x775a388e5550>]}
[0m01:55:11.708125 [info ] [MainThread]: Registered adapter: bigquery=1.12.0
[0m01:55:12.043915 [debug] [MainThread]: checksum: d4f4ef13da6c3aad9ab454ee546b59192bf62b3fd0a217783ca98ed59e21247c, vars: {}, profile: northwind_dw, target: dev, version: 1.12.0
[0m01:55:12.282448 [debug] [MainThread]: Partial parsing enabled: 0 files deleted, 0 files added, 8 files changed.
[0m01:55:12.284283 [debug] [MainThread]: Partial parsing: updated file: northwind_dw://models/bronze/bronze_shippers.sql
[0m01:55:12.284915 [debug] [MainThread]: Partial parsing: updated file: northwind_dw://models/bronze/bronze_suppliers.sql
[0m01:55:12.285656 [debug] [MainThread]: Partial parsing: updated file: northwind_dw://models/bronze/bronze_products.sql
[0m01:55:12.286262 [debug] [MainThread]: Partial parsing: updated file: northwind_dw://models/bronze/bronze_customers.sql
[0m01:55:12.286831 [debug] [MainThread]: Partial parsing: updated file: northwind_dw://models/bronze/bronze_orders.sql
[0m01:55:12.287364 [debug] [MainThread]: Partial parsing: updated file: northwind_dw://models/bronze/bronze_order_details.sql
[0m01:55:12.287916 [debug] [MainThread]: Partial parsing: updated file: northwind_dw://models/bronze/bronze_employees.sql
[0m01:55:12.288473 [debug] [MainThread]: Partial parsing: updated file: northwind_dw://models/bronze/bronze_categories.sql
[0m01:55:13.410504 [debug] [MainThread]: Sending event: {'category': 'dbt', 'action': 'load_project', 'label': 'be64966f-8721-486d-a6d7-452ff947a85d', 'context': [<snowplow_tracker.self_describing_json.SelfDescribingJson object at 0x775a141a30d0>]}
[0m01:55:13.616365 [debug] [MainThread]: Wrote artifact WritableManifest to /app/dbt/northwind_dw/target/manifest.json
[0m01:55:13.619877 [debug] [MainThread]: Wrote artifact SemanticManifest to /app/dbt/northwind_dw/target/semantic_manifest.json
[0m01:55:13.637081 [debug] [MainThread]: Wrote artifact OsiDocument to /app/dbt/northwind_dw/target/osi_document.json
[0m01:55:13.651054 [debug] [MainThread]: Sending event: {'category': 'dbt', 'action': 'resource_counts', 'label': 'be64966f-8721-486d-a6d7-452ff947a85d', 'context': [<snowplow_tracker.self_describing_json.SelfDescribingJson object at 0x775a0e7461d0>]}
[0m01:55:13.651771 [info ] [MainThread]: Found 15 models, 22 data tests, 8 sources, 676 macros
[0m01:55:13.652270 [debug] [MainThread]: Sending event: {'category': 'dbt', 'action': 'runnable_timing', 'label': 'be64966f-8721-486d-a6d7-452ff947a85d', 'context': [<snowplow_tracker.self_describing_json.SelfDescribingJson object at 0x775a0e4c8050>]}
[0m01:55:13.655813 [info ] [MainThread]: 
[0m01:55:13.656515 [info ] [MainThread]: Concurrency: 4 threads (target='dev')
[0m01:55:13.657250 [info ] [MainThread]: 
[0m01:55:13.658246 [debug] [MainThread]: Acquiring new bigquery connection 'master'
[0m01:55:13.665277 [debug] [ThreadPool]: Acquiring new bigquery connection 'list_portifolio-482811'
[0m01:55:13.666397 [debug] [ThreadPool]: Acquiring new bigquery connection 'list_portifolio-482811'
[0m01:55:13.667299 [debug] [ThreadPool]: Opening a new connection, currently in state init
[0m01:55:13.667937 [debug] [ThreadPool]: Acquiring new bigquery connection 'list_portifolio-482811'
[0m01:55:13.668803 [debug] [ThreadPool]: Opening a new connection, currently in state init
[0m01:55:13.669711 [debug] [ThreadPool]: Opening a new connection, currently in state init
[0m01:55:14.564696 [debug] [ThreadPool]: Re-using an available connection from the pool (formerly list_portifolio-482811, now list_portifolio-482811_gold)
[0m01:55:14.566623 [debug] [ThreadPool]: Re-using an available connection from the pool (formerly list_portifolio-482811, now list_portifolio-482811_northwind_bronze)
[0m01:55:14.567104 [debug] [ThreadPool]: Opening a new connection, currently in state closed
[0m01:55:14.568616 [debug] [ThreadPool]: Re-using an available connection from the pool (formerly list_portifolio-482811, now list_portifolio-482811_northwind_silver)
[0m01:55:14.569294 [debug] [ThreadPool]: Opening a new connection, currently in state closed
[0m01:55:14.570165 [debug] [ThreadPool]: Opening a new connection, currently in state closed
[0m01:55:16.472377 [debug] [MainThread]: Sending event: {'category': 'dbt', 'action': 'runnable_timing', 'label': 'be64966f-8721-486d-a6d7-452ff947a85d', 'context': [<snowplow_tracker.self_describing_json.SelfDescribingJson object at 0x775a0fcf7410>]}
[0m01:55:16.473176 [debug] [MainThread]: Opening a new connection, currently in state init
[0m01:55:16.550824 [debug] [Thread-7 (]: Began running node model.northwind_dw.bronze_categories
[0m01:55:16.552754 [debug] [Thread-8 (]: Began running node model.northwind_dw.bronze_customers
[0m01:55:16.555362 [debug] [Thread-9 (]: Began running node model.northwind_dw.bronze_employees
[0m01:55:16.553728 [info ] [Thread-7 (]: 1 of 15 START sql view model northwind_bronze.bronze_categories ................ [RUN]
[0m01:55:16.556620 [debug] [Thread-10 ]: Began running node model.northwind_dw.bronze_order_details
[0m01:55:16.558089 [info ] [Thread-8 (]: 2 of 15 START sql view model northwind_bronze.bronze_customers ................. [RUN]
[0m01:55:16.559748 [info ] [Thread-9 (]: 3 of 15 START sql view model northwind_bronze.bronze_employees ................. [RUN]
[0m01:55:16.561060 [debug] [Thread-7 (]: Re-using an available connection from the pool (formerly list_portifolio-482811_gold, now model.northwind_dw.bronze_categories)
[0m01:55:16.561982 [info ] [Thread-10 ]: 4 of 15 START sql view model northwind_bronze.bronze_order_details ............. [RUN]
[0m01:55:16.562881 [debug] [Thread-8 (]: Re-using an available connection from the pool (formerly list_portifolio-482811_northwind_silver, now model.northwind_dw.bronze_customers)
[0m01:55:16.563599 [debug] [Thread-9 (]: Re-using an available connection from the pool (formerly list_portifolio-482811_northwind_bronze, now model.northwind_dw.bronze_employees)
[0m01:55:16.564216 [debug] [Thread-7 (]: Began compiling node model.northwind_dw.bronze_categories
[0m01:55:16.564968 [debug] [Thread-10 ]: Acquiring new bigquery connection 'model.northwind_dw.bronze_order_details'
[0m01:55:16.565615 [debug] [Thread-8 (]: Began compiling node model.northwind_dw.bronze_customers
[0m01:55:16.566279 [debug] [Thread-9 (]: Began compiling node model.northwind_dw.bronze_employees
[0m01:55:16.575629 [debug] [Thread-7 (]: Writing injected SQL for node "model.northwind_dw.bronze_categories"
[0m01:55:16.576508 [debug] [Thread-10 ]: Began compiling node model.northwind_dw.bronze_order_details
[0m01:55:16.579322 [debug] [Thread-8 (]: Writing injected SQL for node "model.northwind_dw.bronze_customers"
[0m01:55:16.581991 [debug] [Thread-9 (]: Writing injected SQL for node "model.northwind_dw.bronze_employees"
[0m01:55:16.584622 [debug] [Thread-10 ]: Writing injected SQL for node "model.northwind_dw.bronze_order_details"
[0m01:55:16.585536 [debug] [Thread-7 (]: Began executing node model.northwind_dw.bronze_categories
[0m01:55:16.587341 [debug] [Thread-9 (]: Began executing node model.northwind_dw.bronze_employees
[0m01:55:16.587915 [debug] [Thread-8 (]: Began executing node model.northwind_dw.bronze_customers
[0m01:55:16.588463 [debug] [Thread-10 ]: Began executing node model.northwind_dw.bronze_order_details
[0m01:55:16.660497 [debug] [Thread-9 (]: Writing runtime sql for node "model.northwind_dw.bronze_employees"
[0m01:55:16.669963 [debug] [Thread-8 (]: Writing runtime sql for node "model.northwind_dw.bronze_customers"
[0m01:55:16.673045 [debug] [Thread-10 ]: Writing runtime sql for node "model.northwind_dw.bronze_order_details"
[0m01:55:16.675511 [debug] [Thread-7 (]: Writing runtime sql for node "model.northwind_dw.bronze_categories"
[0m01:55:16.677477 [debug] [Thread-8 (]: On model.northwind_dw.bronze_customers: /* {"app": "dbt", "dbt_version": "1.12.0", "profile_name": "northwind_dw", "target_name": "dev", "node_id": "model.northwind_dw.bronze_customers"} */


  create or replace view `portifolio-482811`.`northwind_bronze`.`bronze_customers`
  OPTIONS()
  as -- Bronze layer: Raw data from PostgreSQL ingestion



SELECT *
FROM `portifolio-482811`.`northwind_bronze`.`customers`;


[0m01:55:16.678184 [debug] [Thread-9 (]: On model.northwind_dw.bronze_employees: /* {"app": "dbt", "dbt_version": "1.12.0", "profile_name": "northwind_dw", "target_name": "dev", "node_id": "model.northwind_dw.bronze_employees"} */


  create or replace view `portifolio-482811`.`northwind_bronze`.`bronze_employees`
  OPTIONS()
  as -- Bronze layer: Raw data from PostgreSQL ingestion



SELECT *
FROM `portifolio-482811`.`northwind_bronze`.`employees`;


[0m01:55:16.679278 [debug] [Thread-8 (]: Opening a new connection, currently in state closed
[0m01:55:16.679816 [debug] [Thread-10 ]: On model.northwind_dw.bronze_order_details: /* {"app": "dbt", "dbt_version": "1.12.0", "profile_name": "northwind_dw", "target_name": "dev", "node_id": "model.northwind_dw.bronze_order_details"} */


  create or replace view `portifolio-482811`.`northwind_bronze`.`bronze_order_details`
  OPTIONS()
  as -- Bronze layer: Raw data from PostgreSQL ingestion



SELECT *
FROM `portifolio-482811`.`northwind_bronze`.`order_details`;


[0m01:55:16.680596 [debug] [Thread-9 (]: Opening a new connection, currently in state closed
[0m01:55:16.681569 [debug] [Thread-7 (]: On model.northwind_dw.bronze_categories: /* {"app": "dbt", "dbt_version": "1.12.0", "profile_name": "northwind_dw", "target_name": "dev", "node_id": "model.northwind_dw.bronze_categories"} */


  create or replace view `portifolio-482811`.`northwind_bronze`.`bronze_categories`
  OPTIONS()
  as -- Bronze layer: Raw data from PostgreSQL ingestion



SELECT *
FROM `portifolio-482811`.`northwind_bronze`.`categories`;


[0m01:55:16.749209 [debug] [Thread-10 ]: Opening a new connection, currently in state init
[0m01:55:16.823692 [debug] [Thread-7 (]: Opening a new connection, currently in state closed
[0m01:55:17.828790 [debug] [Thread-8 (]: BigQuery adapter: https://console.cloud.google.com/bigquery?project=portifolio-482811&j=bq:US:add74ee1-bb57-4a62-b5e2-3666f2403c20&page=queryresults
[0m01:55:17.941452 [debug] [Thread-10 ]: BigQuery adapter: https://console.cloud.google.com/bigquery?project=portifolio-482811&j=bq:US:36276fd7-bb13-4e93-a5c2-7ee5ee18c137&page=queryresults
[0m01:55:17.944897 [debug] [Thread-7 (]: BigQuery adapter: https://console.cloud.google.com/bigquery?project=portifolio-482811&j=bq:US:fdcee260-a30d-4afd-a3d2-547b7a181784&page=queryresults
[0m01:55:18.021769 [debug] [Thread-9 (]: BigQuery adapter: https://console.cloud.google.com/bigquery?project=portifolio-482811&j=bq:US:510ce056-a1d8-456e-b4bb-35945936d977&page=queryresults
[0m01:55:18.361633 [debug] [Thread-8 (]: SQL status: OK in 0.532 seconds
[0m01:55:18.448193 [debug] [Thread-10 ]: SQL status: OK in 0.506 seconds
[0m01:55:18.454928 [debug] [Thread-8 (]: Sending event: {'category': 'dbt', 'action': 'run_model', 'label': 'be64966f-8721-486d-a6d7-452ff947a85d', 'context': [<snowplow_tracker.self_describing_json.SelfDescribingJson object at 0x775a141e0490>]}
[0m01:55:18.460670 [debug] [Thread-10 ]: Sending event: {'category': 'dbt', 'action': 'run_model', 'label': 'be64966f-8721-486d-a6d7-452ff947a85d', 'context': [<snowplow_tracker.self_describing_json.SelfDescribingJson object at 0x775a0e5cb450>]}
[0m01:55:18.457096 [info ] [Thread-8 (]: 2 of 15 OK created sql view model northwind_bronze.bronze_customers ............ [[32mCREATE VIEW (0 processed)[0m in 1.89s]
[0m01:55:18.462212 [info ] [Thread-10 ]: 4 of 15 OK created sql view model northwind_bronze.bronze_order_details ........ [[32mCREATE VIEW (0 processed)[0m in 1.89s]
[0m01:55:18.463793 [debug] [Thread-8 (]: Finished running node model.northwind_dw.bronze_customers
[0m01:55:18.464776 [debug] [Thread-10 ]: Finished running node model.northwind_dw.bronze_order_details
[0m01:55:18.465602 [debug] [Thread-8 (]: Began running node model.northwind_dw.bronze_orders
[0m01:55:18.467215 [debug] [Thread-10 ]: Began running node model.northwind_dw.bronze_products
[0m01:55:18.469381 [debug] [Thread-7 (]: SQL status: OK in 0.524 seconds
[0m01:55:18.471079 [info ] [Thread-8 (]: 5 of 15 START sql view model northwind_bronze.bronze_orders .................... [RUN]
[0m01:55:18.472972 [info ] [Thread-10 ]: 6 of 15 START sql view model northwind_bronze.bronze_products .................. [RUN]
[0m01:55:18.481690 [debug] [Thread-8 (]: Re-using an available connection from the pool (formerly model.northwind_dw.bronze_customers, now model.northwind_dw.bronze_orders)
[0m01:55:18.484752 [debug] [Thread-7 (]: Sending event: {'category': 'dbt', 'action': 'run_model', 'label': 'be64966f-8721-486d-a6d7-452ff947a85d', 'context': [<snowplow_tracker.self_describing_json.SelfDescribingJson object at 0x775a0e693e10>]}
[0m01:55:18.485837 [debug] [Thread-10 ]: Re-using an available connection from the pool (formerly model.northwind_dw.bronze_order_details, now model.northwind_dw.bronze_products)
[0m01:55:18.486600 [debug] [Thread-8 (]: Began compiling node model.northwind_dw.bronze_orders
[0m01:55:18.487711 [info ] [Thread-7 (]: 1 of 15 OK created sql view model northwind_bronze.bronze_categories ........... [[32mCREATE VIEW (0 processed)[0m in 1.92s]
[0m01:55:18.488640 [debug] [Thread-10 ]: Began compiling node model.northwind_dw.bronze_products
[0m01:55:18.493969 [debug] [Thread-8 (]: Writing injected SQL for node "model.northwind_dw.bronze_orders"
[0m01:55:18.495895 [debug] [Thread-7 (]: Finished running node model.northwind_dw.bronze_categories
[0m01:55:18.499494 [debug] [Thread-10 ]: Writing injected SQL for node "model.northwind_dw.bronze_products"
[0m01:55:18.501082 [debug] [Thread-7 (]: Began running node model.northwind_dw.bronze_shippers
[0m01:55:18.502470 [debug] [Thread-8 (]: Began executing node model.northwind_dw.bronze_orders
[0m01:55:18.503750 [info ] [Thread-7 (]: 7 of 15 START sql view model northwind_bronze.bronze_shippers .................. [RUN]
[0m01:55:18.511848 [debug] [Thread-8 (]: Writing runtime sql for node "model.northwind_dw.bronze_orders"
[0m01:55:18.513095 [debug] [Thread-10 ]: Began executing node model.northwind_dw.bronze_products
[0m01:55:18.514365 [debug] [Thread-7 (]: Re-using an available connection from the pool (formerly model.northwind_dw.bronze_categories, now model.northwind_dw.bronze_shippers)
[0m01:55:18.518472 [debug] [Thread-10 ]: Writing runtime sql for node "model.northwind_dw.bronze_products"
[0m01:55:18.519247 [debug] [Thread-7 (]: Began compiling node model.northwind_dw.bronze_shippers
[0m01:55:18.519913 [debug] [Thread-8 (]: On model.northwind_dw.bronze_orders: /* {"app": "dbt", "dbt_version": "1.12.0", "profile_name": "northwind_dw", "target_name": "dev", "node_id": "model.northwind_dw.bronze_orders"} */


  create or replace view `portifolio-482811`.`northwind_bronze`.`bronze_orders`
  OPTIONS()
  as -- Bronze layer: Raw data from PostgreSQL ingestion



SELECT *
FROM `portifolio-482811`.`northwind_bronze`.`orders`;


[0m01:55:18.523174 [debug] [Thread-7 (]: Writing injected SQL for node "model.northwind_dw.bronze_shippers"
[0m01:55:18.524135 [debug] [Thread-8 (]: Opening a new connection, currently in state closed
[0m01:55:18.524922 [debug] [Thread-10 ]: On model.northwind_dw.bronze_products: /* {"app": "dbt", "dbt_version": "1.12.0", "profile_name": "northwind_dw", "target_name": "dev", "node_id": "model.northwind_dw.bronze_products"} */


  create or replace view `portifolio-482811`.`northwind_bronze`.`bronze_products`
  OPTIONS()
  as -- Bronze layer: Raw data from PostgreSQL ingestion



SELECT *
FROM `portifolio-482811`.`northwind_bronze`.`products`;


[0m01:55:18.528683 [debug] [Thread-7 (]: Began executing node model.northwind_dw.bronze_shippers
[0m01:55:18.612555 [debug] [Thread-10 ]: Opening a new connection, currently in state closed
[0m01:55:18.614861 [debug] [Thread-9 (]: SQL status: OK in 0.592 seconds
[0m01:55:18.618438 [debug] [Thread-7 (]: Writing runtime sql for node "model.northwind_dw.bronze_shippers"
[0m01:55:18.698574 [debug] [Thread-9 (]: Sending event: {'category': 'dbt', 'action': 'run_model', 'label': 'be64966f-8721-486d-a6d7-452ff947a85d', 'context': [<snowplow_tracker.self_describing_json.SelfDescribingJson object at 0x775a0e771110>]}
[0m01:55:18.701079 [info ] [Thread-9 (]: 3 of 15 OK created sql view model northwind_bronze.bronze_employees ............ [[32mCREATE VIEW (0 processed)[0m in 2.13s]
[0m01:55:18.702907 [debug] [Thread-9 (]: Finished running node model.northwind_dw.bronze_employees
[0m01:55:18.704044 [debug] [Thread-9 (]: Began running node model.northwind_dw.bronze_suppliers
[0m01:55:18.704811 [debug] [Thread-7 (]: On model.northwind_dw.bronze_shippers: /* {"app": "dbt", "dbt_version": "1.12.0", "profile_name": "northwind_dw", "target_name": "dev", "node_id": "model.northwind_dw.bronze_shippers"} */


  create or replace view `portifolio-482811`.`northwind_bronze`.`bronze_shippers`
  OPTIONS()
  as -- Bronze layer: Raw data from PostgreSQL ingestion



SELECT *
FROM `portifolio-482811`.`northwind_bronze`.`shippers`;


[0m01:55:18.706203 [info ] [Thread-9 (]: 8 of 15 START sql view model northwind_bronze.bronze_suppliers ................. [RUN]
[0m01:55:18.707317 [debug] [Thread-7 (]: Opening a new connection, currently in state closed
[0m01:55:18.708380 [debug] [Thread-9 (]: Re-using an available connection from the pool (formerly model.northwind_dw.bronze_employees, now model.northwind_dw.bronze_suppliers)
[0m01:55:18.778958 [debug] [Thread-9 (]: Began compiling node model.northwind_dw.bronze_suppliers
[0m01:55:18.783900 [debug] [Thread-9 (]: Writing injected SQL for node "model.northwind_dw.bronze_suppliers"
[0m01:55:18.785846 [debug] [Thread-9 (]: Began executing node model.northwind_dw.bronze_suppliers
[0m01:55:18.790777 [debug] [Thread-9 (]: Writing runtime sql for node "model.northwind_dw.bronze_suppliers"
[0m01:55:18.794413 [debug] [Thread-9 (]: On model.northwind_dw.bronze_suppliers: /* {"app": "dbt", "dbt_version": "1.12.0", "profile_name": "northwind_dw", "target_name": "dev", "node_id": "model.northwind_dw.bronze_suppliers"} */


  create or replace view `portifolio-482811`.`northwind_bronze`.`bronze_suppliers`
  OPTIONS()
  as -- Bronze layer: Raw data from PostgreSQL ingestion



SELECT *
FROM `portifolio-482811`.`northwind_bronze`.`suppliers`;


[0m01:55:18.796005 [debug] [Thread-9 (]: Opening a new connection, currently in state closed
[0m01:55:19.600759 [debug] [Thread-8 (]: BigQuery adapter: https://console.cloud.google.com/bigquery?project=portifolio-482811&j=bq:US:6b0cd509-a584-4c67-900e-5c812d62cf81&page=queryresults
[0m01:55:19.624586 [debug] [Thread-10 ]: BigQuery adapter: https://console.cloud.google.com/bigquery?project=portifolio-482811&j=bq:US:cd828aa5-939c-43f7-aec1-dab403e138f6&page=queryresults
[0m01:55:19.780165 [debug] [Thread-9 (]: BigQuery adapter: https://console.cloud.google.com/bigquery?project=portifolio-482811&j=bq:US:f8b2ccf3-5115-405c-8e9f-55beded90189&page=queryresults
[0m01:55:19.862442 [debug] [Thread-7 (]: BigQuery adapter: https://console.cloud.google.com/bigquery?project=portifolio-482811&j=bq:US:27ea06a9-4bc4-4e3c-9872-64b65601db9f&page=queryresults
[0m01:55:20.184374 [debug] [Thread-8 (]: SQL status: OK in 0.583 seconds
[0m01:55:20.190722 [debug] [Thread-8 (]: Sending event: {'category': 'dbt', 'action': 'run_model', 'label': 'be64966f-8721-486d-a6d7-452ff947a85d', 'context': [<snowplow_tracker.self_describing_json.SelfDescribingJson object at 0x775a0fbc5990>]}
[0m01:55:20.191848 [info ] [Thread-8 (]: 5 of 15 OK created sql view model northwind_bronze.bronze_orders ............... [[32mCREATE VIEW (0 processed)[0m in 1.71s]
[0m01:55:20.193232 [debug] [Thread-8 (]: Finished running node model.northwind_dw.bronze_orders
[0m01:55:20.193994 [debug] [Thread-8 (]: Began running node model.northwind_dw.silver_dim_customers
[0m01:55:20.194932 [info ] [Thread-8 (]: 9 of 15 START sql table model northwind_silver.silver_dim_customers ............ [RUN]
[0m01:55:20.196219 [debug] [Thread-8 (]: Re-using an available connection from the pool (formerly model.northwind_dw.bronze_orders, now model.northwind_dw.silver_dim_customers)
[0m01:55:20.196780 [debug] [Thread-8 (]: Began compiling node model.northwind_dw.silver_dim_customers
[0m01:55:20.199849 [debug] [Thread-8 (]: Writing injected SQL for node "model.northwind_dw.silver_dim_customers"
[0m01:55:20.200933 [debug] [Thread-8 (]: Began executing node model.northwind_dw.silver_dim_customers
[0m01:55:20.218897 [debug] [Thread-8 (]: Opening a new connection, currently in state closed
[0m01:55:20.288225 [debug] [Thread-10 ]: SQL status: OK in 0.662 seconds
[0m01:55:20.297750 [debug] [Thread-10 ]: Sending event: {'category': 'dbt', 'action': 'run_model', 'label': 'be64966f-8721-486d-a6d7-452ff947a85d', 'context': [<snowplow_tracker.self_describing_json.SelfDescribingJson object at 0x775a0c1fcd10>]}
[0m01:55:20.299338 [info ] [Thread-10 ]: 6 of 15 OK created sql view model northwind_bronze.bronze_products ............. [[32mCREATE VIEW (0 processed)[0m in 1.81s]
[0m01:55:20.301066 [debug] [Thread-10 ]: Finished running node model.northwind_dw.bronze_products
[0m01:55:20.301917 [debug] [Thread-10 ]: Began running node model.northwind_dw.silver_dim_employees
[0m01:55:20.302853 [info ] [Thread-10 ]: 10 of 15 START sql table model northwind_silver.silver_dim_employees ........... [RUN]
[0m01:55:20.303616 [debug] [Thread-10 ]: Re-using an available connection from the pool (formerly model.northwind_dw.bronze_products, now model.northwind_dw.silver_dim_employees)
[0m01:55:20.304172 [debug] [Thread-10 ]: Began compiling node model.northwind_dw.silver_dim_employees
[0m01:55:20.307336 [debug] [Thread-10 ]: Writing injected SQL for node "model.northwind_dw.silver_dim_employees"
[0m01:55:20.308358 [debug] [Thread-10 ]: Began executing node model.northwind_dw.silver_dim_employees
[0m01:55:20.311310 [debug] [Thread-10 ]: Opening a new connection, currently in state closed
[0m01:55:20.385661 [debug] [Thread-9 (]: SQL status: OK in 0.605 seconds
[0m01:55:20.395429 [debug] [Thread-9 (]: Sending event: {'category': 'dbt', 'action': 'run_model', 'label': 'be64966f-8721-486d-a6d7-452ff947a85d', 'context': [<snowplow_tracker.self_describing_json.SelfDescribingJson object at 0x775a0e5f5a90>]}
[0m01:55:20.396591 [info ] [Thread-9 (]: 8 of 15 OK created sql view model northwind_bronze.bronze_suppliers ............ [[32mCREATE VIEW (0 processed)[0m in 1.69s]
[0m01:55:20.397988 [debug] [Thread-9 (]: Finished running node model.northwind_dw.bronze_suppliers
[0m01:55:20.399097 [debug] [Thread-9 (]: Began running node model.northwind_dw.silver_fact_orders
[0m01:55:20.401203 [info ] [Thread-9 (]: 11 of 15 START sql table model northwind_silver.silver_fact_orders ............. [RUN]
[0m01:55:20.402467 [debug] [Thread-9 (]: Re-using an available connection from the pool (formerly model.northwind_dw.bronze_suppliers, now model.northwind_dw.silver_fact_orders)
[0m01:55:20.403091 [debug] [Thread-9 (]: Began compiling node model.northwind_dw.silver_fact_orders
[0m01:55:20.408777 [debug] [Thread-9 (]: Writing injected SQL for node "model.northwind_dw.silver_fact_orders"
[0m01:55:20.410803 [debug] [Thread-9 (]: Began executing node model.northwind_dw.silver_fact_orders
[0m01:55:20.413409 [debug] [Thread-9 (]: Opening a new connection, currently in state closed
[0m01:55:20.487874 [debug] [Thread-7 (]: SQL status: OK in 0.625 seconds
[0m01:55:20.500097 [debug] [Thread-7 (]: Sending event: {'category': 'dbt', 'action': 'run_model', 'label': 'be64966f-8721-486d-a6d7-452ff947a85d', 'context': [<snowplow_tracker.self_describing_json.SelfDescribingJson object at 0x775a0c0b4490>]}
[0m01:55:20.501458 [info ] [Thread-7 (]: 7 of 15 OK created sql view model northwind_bronze.bronze_shippers ............. [[32mCREATE VIEW (0 processed)[0m in 1.99s]
[0m01:55:20.503070 [debug] [Thread-7 (]: Finished running node model.northwind_dw.bronze_shippers
[0m01:55:20.503997 [debug] [Thread-7 (]: Began running node model.northwind_dw.silver_dim_products
[0m01:55:20.505016 [info ] [Thread-7 (]: 12 of 15 START sql table model northwind_silver.silver_dim_products ............ [RUN]
[0m01:55:20.506207 [debug] [Thread-7 (]: Re-using an available connection from the pool (formerly model.northwind_dw.bronze_shippers, now model.northwind_dw.silver_dim_products)
[0m01:55:20.507307 [debug] [Thread-7 (]: Began compiling node model.northwind_dw.silver_dim_products
[0m01:55:20.512148 [debug] [Thread-7 (]: Writing injected SQL for node "model.northwind_dw.silver_dim_products"
[0m01:55:20.513207 [debug] [Thread-7 (]: Began executing node model.northwind_dw.silver_dim_products
[0m01:55:20.515225 [debug] [Thread-7 (]: Opening a new connection, currently in state closed
[0m01:55:21.064533 [debug] [Thread-8 (]: Writing runtime sql for node "model.northwind_dw.silver_dim_customers"
[0m01:55:21.065756 [debug] [Thread-8 (]: On model.northwind_dw.silver_dim_customers: /* {"app": "dbt", "dbt_version": "1.12.0", "profile_name": "northwind_dw", "target_name": "dev", "node_id": "model.northwind_dw.silver_dim_customers"} */

  
    

    create or replace table `portifolio-482811`.`northwind_silver`.`silver_dim_customers`
      
    
    

    
    OPTIONS()
    as (
      -- Silver layer: Cleaned and transformed customer dimension


WITH cleaned_customers AS (
    SELECT
        customer_id,
        TRIM(company_name) AS company_name,
        TRIM(contact_name) AS contact_name,
        TRIM(contact_title) AS contact_title,
        TRIM(address) AS address,
        TRIM(city) AS city,
        TRIM(region) AS region,
        TRIM(postal_code) AS postal_code,
        TRIM(country) AS country,
        TRIM(phone) AS phone,
        TRIM(fax) AS fax
    FROM `portifolio-482811`.`northwind_bronze`.`bronze_customers`
    WHERE customer_id IS NOT NULL
)

SELECT
    customer_id,
    company_name,
    contact_name,
    COALESCE(contact_title, 'Unknown') AS contact_title,
    COALESCE(address, 'Unknown') AS address,
    COALESCE(city, 'Unknown') AS city,
    COALESCE(region, 'Unknown') AS region,
    COALESCE(postal_code, 'Unknown') AS postal_code,
    COALESCE(country, 'Unknown') AS country,
    phone,
    fax,
    CURRENT_TIMESTAMP() AS dw_created_at
FROM cleaned_customers
    );
  
[0m01:55:21.111494 [debug] [Thread-10 ]: Writing runtime sql for node "model.northwind_dw.silver_dim_employees"
[0m01:55:21.112645 [debug] [Thread-10 ]: On model.northwind_dw.silver_dim_employees: /* {"app": "dbt", "dbt_version": "1.12.0", "profile_name": "northwind_dw", "target_name": "dev", "node_id": "model.northwind_dw.silver_dim_employees"} */

  
    

    create or replace table `portifolio-482811`.`northwind_silver`.`silver_dim_employees`
      
    
    

    
    OPTIONS()
    as (
      -- Silver layer: Cleaned and transformed employee dimension


SELECT
    employee_id,
    TRIM(CONCAT(first_name, ' ', last_name)) AS full_name,
    TRIM(first_name) AS first_name,
    TRIM(last_name) AS last_name,
    TRIM(title) AS title,
    TRIM(title_of_courtesy) AS title_of_courtesy,
    birth_date,
    hire_date,
    TRIM(address) AS address,
    TRIM(city) AS city,
    TRIM(region) AS region,
    TRIM(postal_code) AS postal_code,
    TRIM(country) AS country,
    TRIM(home_phone) AS home_phone,
    TRIM(extension) AS extension,
    reports_to,
    CURRENT_TIMESTAMP() AS dw_created_at
FROM `portifolio-482811`.`northwind_bronze`.`bronze_employees`
WHERE employee_id IS NOT NULL
    );
  
[0m01:55:21.172108 [debug] [Thread-9 (]: Writing runtime sql for node "model.northwind_dw.silver_fact_orders"
[0m01:55:21.173230 [debug] [Thread-9 (]: On model.northwind_dw.silver_fact_orders: /* {"app": "dbt", "dbt_version": "1.12.0", "profile_name": "northwind_dw", "target_name": "dev", "node_id": "model.northwind_dw.silver_fact_orders"} */

  
    

    create or replace table `portifolio-482811`.`northwind_silver`.`silver_fact_orders`
      
    
    

    
    OPTIONS()
    as (
      -- Silver layer: Order facts with denormalized dimensions


SELECT
    o.order_id,
    o.customer_id,
    o.employee_id,
    o.order_date,
    o.required_date,
    o.shipped_date,
    o.ship_via AS shipper_id,
    od.product_id,
    CAST(od.unit_price AS NUMERIC) AS unit_price,
    CAST(od.quantity AS INT64) AS quantity,
    CAST(od.discount AS NUMERIC) AS discount,
    CAST(od.unit_price AS NUMERIC) * CAST(od.quantity AS INT64) * (1 - CAST(od.discount AS NUMERIC)) AS line_total,
    CURRENT_TIMESTAMP() AS dw_created_at
FROM `portifolio-482811`.`northwind_bronze`.`bronze_orders` o
INNER JOIN `portifolio-482811`.`northwind_bronze`.`bronze_order_details` od ON o.order_id = od.order_id
WHERE o.order_id IS NOT NULL
    );
  
[0m01:55:21.285247 [debug] [Thread-7 (]: Writing runtime sql for node "model.northwind_dw.silver_dim_products"
[0m01:55:21.286463 [debug] [Thread-7 (]: On model.northwind_dw.silver_dim_products: /* {"app": "dbt", "dbt_version": "1.12.0", "profile_name": "northwind_dw", "target_name": "dev", "node_id": "model.northwind_dw.silver_dim_products"} */

  
    

    create or replace table `portifolio-482811`.`northwind_silver`.`silver_dim_products`
      
    
    

    
    OPTIONS()
    as (
      -- Silver layer: Cleaned and transformed product dimension


SELECT
    p.product_id,
    TRIM(p.product_name) AS product_name,
    p.supplier_id,
    TRIM(s.company_name) AS supplier_name,
    p.category_id,
    TRIM(c.category_name) AS category_name,
    TRIM(p.quantity_per_unit) AS quantity_per_unit,
    CAST(p.unit_price AS NUMERIC) AS unit_price,
    CAST(p.units_in_stock AS INT64) AS units_in_stock,
    CAST(p.units_on_order AS INT64) AS units_on_order,
    CAST(p.reorder_level AS INT64) AS reorder_level,
    CAST(p.discontinued AS BOOL) AS discontinued,
    CURRENT_TIMESTAMP() AS dw_created_at
FROM `portifolio-482811`.`northwind_bronze`.`bronze_products` p
LEFT JOIN `portifolio-482811`.`northwind_bronze`.`bronze_suppliers` s ON p.supplier_id = s.supplier_id
LEFT JOIN `portifolio-482811`.`northwind_bronze`.`bronze_categories` c ON p.category_id = c.category_id
WHERE p.product_id IS NOT NULL
    );
  
[0m01:55:21.696019 [debug] [Thread-10 ]: BigQuery adapter: https://console.cloud.google.com/bigquery?project=portifolio-482811&j=bq:US:80c74a66-d5fb-42cc-a95e-c53b30ca6873&page=queryresults
[0m01:55:21.730962 [debug] [Thread-8 (]: BigQuery adapter: https://console.cloud.google.com/bigquery?project=portifolio-482811&j=bq:US:147739fe-b372-406a-b574-9440c71ef94f&page=queryresults
[0m01:55:21.992120 [debug] [Thread-7 (]: BigQuery adapter: https://console.cloud.google.com/bigquery?project=portifolio-482811&j=bq:US:98b5f2e9-8391-41c9-b85f-3e01eebc5a6f&page=queryresults
[0m01:55:22.842078 [debug] [Thread-9 (]: BigQuery adapter: https://console.cloud.google.com/bigquery?project=portifolio-482811&j=bq:US:101ccec3-b88a-40f9-a3af-9cc6482f905c&page=queryresults
[0m01:55:22.985231 [debug] [Thread-10 ]: SQL status: OK in 1.288 seconds
[0m01:55:23.118106 [debug] [Thread-8 (]: SQL status: OK in 1.386 seconds
[0m01:55:23.278058 [debug] [Thread-10 ]: Sending event: {'category': 'dbt', 'action': 'run_model', 'label': 'be64966f-8721-486d-a6d7-452ff947a85d', 'context': [<snowplow_tracker.self_describing_json.SelfDescribingJson object at 0x775a0c2a27d0>]}
[0m01:55:23.279230 [info ] [Thread-10 ]: 10 of 15 OK created sql table model northwind_silver.silver_dim_employees ...... [[32mCREATE TABLE (6.0 rows, 774.0 Bytes processed)[0m in 2.97s]
[0m01:55:23.280292 [debug] [Thread-10 ]: Finished running node model.northwind_dw.silver_dim_employees
[0m01:55:23.408006 [debug] [Thread-8 (]: Sending event: {'category': 'dbt', 'action': 'run_model', 'label': 'be64966f-8721-486d-a6d7-452ff947a85d', 'context': [<snowplow_tracker.self_describing_json.SelfDescribingJson object at 0x775a0f9d0e90>]}
[0m01:55:23.409187 [info ] [Thread-8 (]: 9 of 15 OK created sql table model northwind_silver.silver_dim_customers ....... [[32mCREATE TABLE (23.0 rows, 2.7 KiB processed)[0m in 3.21s]
[0m01:55:23.410938 [debug] [Thread-8 (]: Finished running node model.northwind_dw.silver_dim_customers
[0m01:55:23.758466 [debug] [Thread-7 (]: SQL status: OK in 1.765 seconds
[0m01:55:24.150232 [debug] [Thread-7 (]: Sending event: {'category': 'dbt', 'action': 'run_model', 'label': 'be64966f-8721-486d-a6d7-452ff947a85d', 'context': [<snowplow_tracker.self_describing_json.SelfDescribingJson object at 0x775a0fb1ee90>]}
[0m01:55:24.151211 [info ] [Thread-7 (]: 12 of 15 OK created sql table model northwind_silver.silver_dim_products ....... [[32mCREATE TABLE (12.0 rows, 1.5 KiB processed)[0m in 3.64s]
[0m01:55:24.152086 [debug] [Thread-7 (]: Finished running node model.northwind_dw.silver_dim_products
[0m01:55:24.153111 [debug] [Thread-10 ]: Began running node model.northwind_dw.gold_sales_by_category
[0m01:55:24.153918 [info ] [Thread-10 ]: 13 of 15 START sql table model gold.gold_sales_by_category ..................... [RUN]
[0m01:55:24.154679 [debug] [Thread-10 ]: Re-using an available connection from the pool (formerly model.northwind_dw.silver_dim_employees, now model.northwind_dw.gold_sales_by_category)
[0m01:55:24.155237 [debug] [Thread-10 ]: Began compiling node model.northwind_dw.gold_sales_by_category
[0m01:55:24.158718 [debug] [Thread-10 ]: Writing injected SQL for node "model.northwind_dw.gold_sales_by_category"
[0m01:55:24.159689 [debug] [Thread-10 ]: Began executing node model.northwind_dw.gold_sales_by_category
[0m01:55:24.162656 [debug] [Thread-10 ]: Opening a new connection, currently in state closed
[0m01:55:24.633059 [debug] [Thread-9 (]: SQL status: OK in 1.790 seconds
[0m01:55:24.882871 [debug] [Thread-10 ]: Writing runtime sql for node "model.northwind_dw.gold_sales_by_category"
[0m01:55:24.884051 [debug] [Thread-10 ]: On model.northwind_dw.gold_sales_by_category: /* {"app": "dbt", "dbt_version": "1.12.0", "profile_name": "northwind_dw", "target_name": "dev", "node_id": "model.northwind_dw.gold_sales_by_category"} */

  
    

    create or replace table `portifolio-482811`.`gold`.`gold_sales_by_category`
      
    
    

    
    OPTIONS()
    as (
      -- Gold layer: Sales metrics by product category


WITH sales_by_category AS (
    SELECT
        p.category_id,
        p.category_name,
        COUNT(DISTINCT od.order_id) AS total_orders,
        COUNT(DISTINCT od.product_id) AS total_products,
        SUM(od.quantity) AS total_units_sold,
        SUM(od.unit_price * od.quantity * (1 - od.discount)) AS total_revenue,
        AVG(od.unit_price * od.quantity * (1 - od.discount)) AS avg_order_line_value,
        SUM(od.unit_price * od.quantity * od.discount) AS total_discounts
    FROM `portifolio-482811`.`northwind_bronze`.`bronze_order_details` od
    INNER JOIN `portifolio-482811`.`northwind_silver`.`silver_dim_products` p ON od.product_id = p.product_id
    GROUP BY p.category_id, p.category_name
)

SELECT
    category_id,
    category_name,
    total_orders,
    total_products,
    total_units_sold,
    ROUND(total_revenue, 2) AS total_revenue,
    ROUND(avg_order_line_value, 2) AS avg_order_line_value,
    ROUND(total_discounts, 2) AS total_discounts,
    ROUND(total_revenue / total_orders, 2) AS revenue_per_order,
    CURRENT_TIMESTAMP() AS updated_at
FROM sales_by_category
ORDER BY total_revenue DESC
    );
  
[0m01:55:24.975597 [debug] [Thread-9 (]: Sending event: {'category': 'dbt', 'action': 'run_model', 'label': 'be64966f-8721-486d-a6d7-452ff947a85d', 'context': [<snowplow_tracker.self_describing_json.SelfDescribingJson object at 0x775a0e5dd910>]}
[0m01:55:24.976632 [info ] [Thread-9 (]: 11 of 15 OK created sql table model northwind_silver.silver_fact_orders ........ [[32mCREATE TABLE (22.0 rows, 1.6 KiB processed)[0m in 4.57s]
[0m01:55:24.978054 [debug] [Thread-9 (]: Finished running node model.northwind_dw.silver_fact_orders
[0m01:55:24.979252 [debug] [Thread-7 (]: Began running node model.northwind_dw.gold_customer_analytics
[0m01:55:24.979925 [debug] [Thread-8 (]: Began running node model.northwind_dw.gold_sales_by_country
[0m01:55:24.980851 [info ] [Thread-7 (]: 14 of 15 START sql table model gold.gold_customer_analytics .................... [RUN]
[0m01:55:24.981725 [info ] [Thread-8 (]: 15 of 15 START sql table model gold.gold_sales_by_country ...................... [RUN]
[0m01:55:24.982698 [debug] [Thread-7 (]: Re-using an available connection from the pool (formerly model.northwind_dw.silver_dim_products, now model.northwind_dw.gold_customer_analytics)
[0m01:55:24.983366 [debug] [Thread-8 (]: Re-using an available connection from the pool (formerly model.northwind_dw.silver_dim_customers, now model.northwind_dw.gold_sales_by_country)
[0m01:55:24.984022 [debug] [Thread-7 (]: Began compiling node model.northwind_dw.gold_customer_analytics
[0m01:55:24.984741 [debug] [Thread-8 (]: Began compiling node model.northwind_dw.gold_sales_by_country
[0m01:55:24.989045 [debug] [Thread-7 (]: Writing injected SQL for node "model.northwind_dw.gold_customer_analytics"
[0m01:55:24.992395 [debug] [Thread-8 (]: Writing injected SQL for node "model.northwind_dw.gold_sales_by_country"
[0m01:55:24.993861 [debug] [Thread-7 (]: Began executing node model.northwind_dw.gold_customer_analytics
[0m01:55:24.996990 [debug] [Thread-7 (]: Opening a new connection, currently in state closed
[0m01:55:24.997684 [debug] [Thread-8 (]: Began executing node model.northwind_dw.gold_sales_by_country
[0m01:55:25.068501 [debug] [Thread-8 (]: Opening a new connection, currently in state closed
[0m01:55:25.513890 [debug] [Thread-10 ]: BigQuery adapter: https://console.cloud.google.com/bigquery?project=portifolio-482811&j=bq:US:4e5d1e90-70b3-413f-9ed7-a82067bfbf12&page=queryresults
[0m01:55:25.788965 [debug] [Thread-8 (]: Writing runtime sql for node "model.northwind_dw.gold_sales_by_country"
[0m01:55:25.790170 [debug] [Thread-8 (]: On model.northwind_dw.gold_sales_by_country: /* {"app": "dbt", "dbt_version": "1.12.0", "profile_name": "northwind_dw", "target_name": "dev", "node_id": "model.northwind_dw.gold_sales_by_country"} */

  
    

    create or replace table `portifolio-482811`.`gold`.`gold_sales_by_country`
      
    
    

    
    OPTIONS()
    as (
      -- Gold layer: Sales metrics by country


WITH sales_by_country AS (
    SELECT
        c.country,
        COUNT(DISTINCT o.order_id) AS total_orders,
        COUNT(DISTINCT c.customer_id) AS total_customers,
        SUM(o.line_total) AS total_revenue,
        AVG(o.line_total) AS avg_order_value,
        SUM(o.quantity) AS total_units_sold,
        SUM(o.unit_price * o.quantity * o.discount) AS total_discounts,
        MIN(o.order_date) AS first_order_date,
        MAX(o.order_date) AS last_order_date
    FROM `portifolio-482811`.`northwind_silver`.`silver_fact_orders` o
    INNER JOIN `portifolio-482811`.`northwind_silver`.`silver_dim_customers` c ON o.customer_id = c.customer_id
    WHERE o.order_date IS NOT NULL
    GROUP BY c.country
)

SELECT
    country,
    total_orders,
    total_customers,
    ROUND(total_revenue, 2) AS total_revenue,
    ROUND(avg_order_value, 2) AS avg_order_value,
    total_units_sold,
    ROUND(total_discounts, 2) AS total_discounts,
    ROUND(total_revenue / total_customers, 2) AS revenue_per_customer,
    first_order_date,
    last_order_date,
    CURRENT_TIMESTAMP() AS updated_at
FROM sales_by_country
ORDER BY total_revenue DESC
    );
  
[0m01:55:25.813842 [debug] [Thread-7 (]: Writing runtime sql for node "model.northwind_dw.gold_customer_analytics"
[0m01:55:25.815001 [debug] [Thread-7 (]: On model.northwind_dw.gold_customer_analytics: /* {"app": "dbt", "dbt_version": "1.12.0", "profile_name": "northwind_dw", "target_name": "dev", "node_id": "model.northwind_dw.gold_customer_analytics"} */

  
    

    create or replace table `portifolio-482811`.`gold`.`gold_customer_analytics`
      
    
    

    
    OPTIONS()
    as (
      -- Gold layer: Customer analytics and segmentation


WITH customer_metrics AS (
    SELECT
        c.customer_id,
        c.company_name,
        c.contact_name,
        c.city,
        c.country,
        COUNT(DISTINCT o.order_id) AS total_orders,
        SUM(o.line_total) AS total_spent,
        AVG(o.line_total) AS avg_order_value,
        SUM(o.quantity) AS total_items_purchased,
        SUM(o.unit_price * o.quantity * o.discount) AS total_discounts_received,
        MIN(o.order_date) AS first_order_date,
        MAX(o.order_date) AS last_order_date,
        DATE_DIFF(CURRENT_DATE(), MAX(o.order_date), DAY) AS days_since_last_order
    FROM `portifolio-482811`.`northwind_silver`.`silver_dim_customers` c
    LEFT JOIN `portifolio-482811`.`northwind_silver`.`silver_fact_orders` o ON c.customer_id = o.customer_id
    GROUP BY 
        c.customer_id,
        c.company_name,
        c.contact_name,
        c.city,
        c.country
)

SELECT
    customer_id,
    company_name,
    contact_name,
    city,
    country,
    total_orders,
    ROUND(total_spent, 2) AS total_spent,
    ROUND(avg_order_value, 2) AS avg_order_value,
    total_items_purchased,
    ROUND(total_discounts_received, 2) AS total_discounts_received,
    first_order_date,
    last_order_date,
    days_since_last_order,
    -- Customer segmentation
    CASE 
        WHEN total_orders >= 10 THEN 'VIP'
        WHEN total_orders >= 5 THEN 'Frequent'
        WHEN total_orders >= 2 THEN 'Regular'
        ELSE 'New'
    END AS customer_segment,
    CASE 
        WHEN days_since_last_order <= 30 THEN 'Active'
        WHEN days_since_last_order <= 90 THEN 'At Risk'
        ELSE 'Inactive'
    END AS activity_status,
    CURRENT_TIMESTAMP() AS updated_at
FROM customer_metrics
ORDER BY total_spent DESC
    );
  
[0m01:55:26.325256 [debug] [Thread-7 (]: BigQuery adapter: https://console.cloud.google.com/bigquery?project=portifolio-482811&j=bq:US:560617e0-378d-464f-825a-d4467f694e92&page=queryresults
[0m01:55:26.355564 [debug] [Thread-8 (]: BigQuery adapter: https://console.cloud.google.com/bigquery?project=portifolio-482811&j=bq:US:9783b0ae-3799-4419-b175-cb2f1ec2ac08&page=queryresults
[0m01:55:27.116974 [debug] [Thread-10 ]: SQL status: OK in 1.602 seconds
[0m01:55:27.383064 [debug] [Thread-10 ]: Sending event: {'category': 'dbt', 'action': 'run_model', 'label': 'be64966f-8721-486d-a6d7-452ff947a85d', 'context': [<snowplow_tracker.self_describing_json.SelfDescribingJson object at 0x775a0e60a5d0>]}
[0m01:55:27.384111 [info ] [Thread-10 ]: 13 of 15 OK created sql table model gold.gold_sales_by_category ................ [[32mCREATE TABLE (6.0 rows, 1.2 KiB processed)[0m in 3.23s]
[0m01:55:27.385126 [debug] [Thread-10 ]: Finished running node model.northwind_dw.gold_sales_by_category
[0m01:55:27.858693 [debug] [Thread-8 (]: SQL status: OK in 1.502 seconds
[0m01:55:28.027325 [debug] [Thread-7 (]: SQL status: OK in 1.701 seconds
[0m01:55:28.155195 [debug] [Thread-8 (]: Sending event: {'category': 'dbt', 'action': 'run_model', 'label': 'be64966f-8721-486d-a6d7-452ff947a85d', 'context': [<snowplow_tracker.self_describing_json.SelfDescribingJson object at 0x7759dc728950>]}
[0m01:55:28.159437 [info ] [Thread-8 (]: 15 of 15 OK created sql table model gold.gold_sales_by_country ................. [[32mCREATE TABLE (8.0 rows, 2.0 KiB processed)[0m in 3.17s]
[0m01:55:28.161032 [debug] [Thread-8 (]: Finished running node model.northwind_dw.gold_sales_by_country
[0m01:55:28.333554 [debug] [Thread-7 (]: Sending event: {'category': 'dbt', 'action': 'run_model', 'label': 'be64966f-8721-486d-a6d7-452ff947a85d', 'context': [<snowplow_tracker.self_describing_json.SelfDescribingJson object at 0x775a0c1aa6d0>]}
[0m01:55:28.334527 [info ] [Thread-7 (]: 14 of 15 OK created sql table model gold.gold_customer_analytics ............... [[32mCREATE TABLE (23.0 rows, 3.1 KiB processed)[0m in 3.35s]
[0m01:55:28.335415 [debug] [Thread-7 (]: Finished running node model.northwind_dw.gold_customer_analytics
[0m01:55:28.338637 [debug] [MainThread]: Opening a new connection, currently in state closed
[0m01:55:28.407796 [debug] [MainThread]: Connection 'master' was properly closed.
[0m01:55:28.408370 [debug] [MainThread]: Connection 'model.northwind_dw.gold_sales_by_country' was properly closed.
[0m01:55:28.408793 [debug] [MainThread]: Connection 'model.northwind_dw.silver_fact_orders' was properly closed.
[0m01:55:28.409215 [debug] [MainThread]: Connection 'model.northwind_dw.gold_customer_analytics' was properly closed.
[0m01:55:28.409622 [debug] [MainThread]: Connection 'model.northwind_dw.gold_sales_by_category' was properly closed.
[0m01:55:28.410277 [info ] [MainThread]: 
[0m01:55:28.410757 [info ] [MainThread]: Finished running 7 table models, 8 view models in 0 hours 0 minutes and 14.75 seconds (14.75s).
[0m01:55:28.416058 [debug] [MainThread]: Command end result
[0m01:55:28.493712 [debug] [MainThread]: Wrote artifact WritableManifest to /app/dbt/northwind_dw/target/manifest.json
[0m01:55:28.497522 [debug] [MainThread]: Wrote artifact SemanticManifest to /app/dbt/northwind_dw/target/semantic_manifest.json
[0m01:55:28.500686 [debug] [MainThread]: Wrote artifact OsiDocument to /app/dbt/northwind_dw/target/osi_document.json
[0m01:55:28.510492 [debug] [MainThread]: Wrote artifact RunExecutionResult to /app/dbt/northwind_dw/target/run_results.json
[0m01:55:28.510988 [info ] [MainThread]: 
[0m01:55:28.511787 [info ] [MainThread]: [32mCompleted successfully[0m
[0m01:55:28.512693 [info ] [MainThread]: 
[0m01:55:28.513811 [info ] [MainThread]: Done. PASS=15 WARN=0 ERROR=0 SKIP=0 NO-OP=0 REUSED=0 TOTAL=15
[0m01:55:28.515115 [debug] [MainThread]: Resource report: {"command_name": "run", "command_success": true, "command_wall_clock_time": 18.231445, "process_in_blocks": "0", "process_kernel_time": 1.265544, "process_mem_max_rss": "276680", "process_out_blocks": "5872", "process_user_time": 8.958935}
[0m01:55:28.515748 [debug] [MainThread]: Command `dbt run` succeeded at 01:55:28.515607 after 18.23 seconds
[0m01:55:28.516243 [debug] [MainThread]: Sending event: {'category': 'dbt', 'action': 'invocation', 'label': 'end', 'context': [<snowplow_tracker.self_describing_json.SelfDescribingJson object at 0x775a354d4690>, <snowplow_tracker.self_describing_json.SelfDescribingJson object at 0x775a3a1d09d0>, <snowplow_tracker.self_describing_json.SelfDescribingJson object at 0x775a355ebe10>]}
[0m01:55:28.516729 [debug] [MainThread]: Flushing usage events
[0m01:55:29.220858 [debug] [MainThread]: An error was encountered while trying to flush usage events
[0m01:55:42.541451 [debug] [MainThread]: Sending event: {'category': 'dbt', 'action': 'invocation', 'label': 'start', 'context': [<snowplow_tracker.self_describing_json.SelfDescribingJson object at 0x74234f60a510>, <snowplow_tracker.self_describing_json.SelfDescribingJson object at 0x74234f60a590>, <snowplow_tracker.self_describing_json.SelfDescribingJson object at 0x74234f608410>]}


============================== 01:55:42.545129 | b0ebdcf2-2bd0-442a-8c65-5de144d88aee ==============================
[0m01:55:42.545129 [info ] [MainThread]: Running with dbt=1.12.0
[0m01:55:42.545903 [debug] [MainThread]: running dbt with arguments {'printer_width': '80', 'target_path': 'None', 'profiles_dir': '..', 'fail_fast': 'False', 'use_colors': 'True', 'log_format': 'default', 'log_path': '/app/dbt/northwind_dw/logs', 'maximum_seed_size_mib': '1', 'no_print': 'None', 'send_anonymous_usage_stats': 'True', 'write_json': 'True', 'warn_error_options': 'WarnErrorOptionsV2(error=[], warn=[], silence=[])', 'use_experimental_parser': 'False', 'invocation_command': 'dbt test --profiles-dir ..', 'debug': 'False', 'cache_selected_only': 'False', 'partial_parse': 'True', 'warn_error': 'None', 'static_parser': 'True', 'log_cache_events': 'False', 'version_check': 'True', 'indirect_selection': 'eager', 'hints_enabled': 'True', 'empty': 'None', 'quiet': 'False', 'introspect': 'True'}
[0m01:55:43.791915 [debug] [MainThread]: Sending event: {'category': 'dbt', 'action': 'project_id', 'label': 'b0ebdcf2-2bd0-442a-8c65-5de144d88aee', 'context': [<snowplow_tracker.self_describing_json.SelfDescribingJson object at 0x742350008710>]}
[0m01:55:43.907647 [debug] [MainThread]: Sending event: {'category': 'dbt', 'action': 'adapter_info', 'label': 'b0ebdcf2-2bd0-442a-8c65-5de144d88aee', 'context': [<snowplow_tracker.self_describing_json.SelfDescribingJson object at 0x7423528aee10>]}
[0m01:55:43.909465 [info ] [MainThread]: Registered adapter: bigquery=1.12.0
[0m01:55:44.283365 [debug] [MainThread]: checksum: d4f4ef13da6c3aad9ab454ee546b59192bf62b3fd0a217783ca98ed59e21247c, vars: {}, profile: northwind_dw, target: dev, version: 1.12.0
[0m01:55:44.551670 [debug] [MainThread]: Partial parsing enabled: 0 files deleted, 0 files added, 0 files changed.
[0m01:55:44.552731 [debug] [MainThread]: Nothing changed, skipping partial parsing.
[0m01:55:44.553389 [debug] [MainThread]: Partial parsing enabled, no changes found, skipping parsing
[0m01:55:44.593254 [debug] [MainThread]: Sending event: {'category': 'dbt', 'action': 'load_project', 'label': 'b0ebdcf2-2bd0-442a-8c65-5de144d88aee', 'context': [<snowplow_tracker.self_describing_json.SelfDescribingJson object at 0x742329f64250>]}
[0m01:55:44.863245 [debug] [MainThread]: Wrote artifact WritableManifest to /app/dbt/northwind_dw/target/manifest.json
[0m01:55:44.867133 [debug] [MainThread]: Wrote artifact SemanticManifest to /app/dbt/northwind_dw/target/semantic_manifest.json
[0m01:55:44.886045 [debug] [MainThread]: Wrote artifact OsiDocument to /app/dbt/northwind_dw/target/osi_document.json
[0m01:55:45.012939 [debug] [MainThread]: Sending event: {'category': 'dbt', 'action': 'resource_counts', 'label': 'b0ebdcf2-2bd0-442a-8c65-5de144d88aee', 'context': [<snowplow_tracker.self_describing_json.SelfDescribingJson object at 0x742329f40350>]}
[0m01:55:45.013731 [info ] [MainThread]: Found 15 models, 22 data tests, 8 sources, 676 macros
[0m01:55:45.014233 [debug] [MainThread]: Sending event: {'category': 'dbt', 'action': 'runnable_timing', 'label': 'b0ebdcf2-2bd0-442a-8c65-5de144d88aee', 'context': [<snowplow_tracker.self_describing_json.SelfDescribingJson object at 0x742329f43f10>]}
[0m01:55:45.018811 [info ] [MainThread]: 
[0m01:55:45.019501 [info ] [MainThread]: Concurrency: 4 threads (target='dev')
[0m01:55:45.020235 [info ] [MainThread]: 
[0m01:55:45.021511 [debug] [MainThread]: Acquiring new bigquery connection 'master'
[0m01:55:45.030002 [debug] [ThreadPool]: Acquiring new bigquery connection 'list_portifolio-482811_northwind_bronze'
[0m01:55:45.031131 [debug] [ThreadPool]: Acquiring new bigquery connection 'list_portifolio-482811_gold'
[0m01:55:45.031555 [debug] [ThreadPool]: Opening a new connection, currently in state init
[0m01:55:45.032439 [debug] [ThreadPool]: Acquiring new bigquery connection 'list_portifolio-482811_northwind_silver'
[0m01:55:45.033584 [debug] [ThreadPool]: Opening a new connection, currently in state init
[0m01:55:45.102505 [debug] [ThreadPool]: Opening a new connection, currently in state init
[0m01:55:46.264390 [debug] [MainThread]: Sending event: {'category': 'dbt', 'action': 'runnable_timing', 'label': 'b0ebdcf2-2bd0-442a-8c65-5de144d88aee', 'context': [<snowplow_tracker.self_describing_json.SelfDescribingJson object at 0x74232bd19ed0>]}
[0m01:55:46.265168 [debug] [MainThread]: Opening a new connection, currently in state init
[0m01:55:46.340609 [debug] [Thread-4 (]: Began running node test.northwind_dw.not_null_bronze_categories_category_id.a831d0caf8
[0m01:55:46.341915 [debug] [Thread-5 (]: Began running node test.northwind_dw.not_null_bronze_customers_customer_id.254c74eb6e
[0m01:55:46.343310 [debug] [Thread-6 (]: Began running node test.northwind_dw.not_null_bronze_employees_employee_id.9a322d5ce7
[0m01:55:46.344527 [debug] [Thread-7 (]: Began running node test.northwind_dw.not_null_bronze_orders_order_id.24f68d0dd3
[0m01:55:46.343899 [info ] [Thread-4 (]: 1 of 22 START test not_null_bronze_categories_category_id ...................... [RUN]
[0m01:55:46.345547 [info ] [Thread-5 (]: 2 of 22 START test not_null_bronze_customers_customer_id ....................... [RUN]
[0m01:55:46.346314 [info ] [Thread-6 (]: 3 of 22 START test not_null_bronze_employees_employee_id ....................... [RUN]
[0m01:55:46.347141 [info ] [Thread-7 (]: 4 of 22 START test not_null_bronze_orders_order_id ............................. [RUN]
[0m01:55:46.348607 [debug] [Thread-4 (]: Re-using an available connection from the pool (formerly list_portifolio-482811_gold, now test.northwind_dw.not_null_bronze_categories_category_id.a831d0caf8)
[0m01:55:46.349286 [debug] [Thread-5 (]: Re-using an available connection from the pool (formerly list_portifolio-482811_northwind_silver, now test.northwind_dw.not_null_bronze_customers_customer_id.254c74eb6e)
[0m01:55:46.349923 [debug] [Thread-6 (]: Re-using an available connection from the pool (formerly list_portifolio-482811_northwind_bronze, now test.northwind_dw.not_null_bronze_employees_employee_id.9a322d5ce7)
[0m01:55:46.350994 [debug] [Thread-7 (]: Acquiring new bigquery connection 'test.northwind_dw.not_null_bronze_orders_order_id.24f68d0dd3'
[0m01:55:46.351632 [debug] [Thread-4 (]: Began compiling node test.northwind_dw.not_null_bronze_categories_category_id.a831d0caf8
[0m01:55:46.352350 [debug] [Thread-5 (]: Began compiling node test.northwind_dw.not_null_bronze_customers_customer_id.254c74eb6e
[0m01:55:46.352979 [debug] [Thread-6 (]: Began compiling node test.northwind_dw.not_null_bronze_employees_employee_id.9a322d5ce7
[0m01:55:46.353545 [debug] [Thread-7 (]: Began compiling node test.northwind_dw.not_null_bronze_orders_order_id.24f68d0dd3
[0m01:55:46.391351 [debug] [Thread-4 (]: Writing injected SQL for node "test.northwind_dw.not_null_bronze_categories_category_id.a831d0caf8"
[0m01:55:46.392930 [debug] [Thread-5 (]: Writing injected SQL for node "test.northwind_dw.not_null_bronze_customers_customer_id.254c74eb6e"
[0m01:55:46.411204 [debug] [Thread-7 (]: Writing injected SQL for node "test.northwind_dw.not_null_bronze_orders_order_id.24f68d0dd3"
[0m01:55:46.416246 [debug] [Thread-6 (]: Writing injected SQL for node "test.northwind_dw.not_null_bronze_employees_employee_id.9a322d5ce7"
[0m01:55:46.419339 [debug] [Thread-4 (]: Began executing node test.northwind_dw.not_null_bronze_categories_category_id.a831d0caf8
[0m01:55:46.421120 [debug] [Thread-5 (]: Began executing node test.northwind_dw.not_null_bronze_customers_customer_id.254c74eb6e
[0m01:55:46.422065 [debug] [Thread-7 (]: Began executing node test.northwind_dw.not_null_bronze_orders_order_id.24f68d0dd3
[0m01:55:46.433571 [debug] [Thread-6 (]: Began executing node test.northwind_dw.not_null_bronze_employees_employee_id.9a322d5ce7
[0m01:55:46.471156 [debug] [Thread-4 (]: Writing runtime sql for node "test.northwind_dw.not_null_bronze_categories_category_id.a831d0caf8"
[0m01:55:46.473829 [debug] [Thread-5 (]: Writing runtime sql for node "test.northwind_dw.not_null_bronze_customers_customer_id.254c74eb6e"
[0m01:55:46.476581 [debug] [Thread-7 (]: Writing runtime sql for node "test.northwind_dw.not_null_bronze_orders_order_id.24f68d0dd3"
[0m01:55:46.478748 [debug] [Thread-6 (]: Writing runtime sql for node "test.northwind_dw.not_null_bronze_employees_employee_id.9a322d5ce7"
[0m01:55:46.480646 [debug] [Thread-5 (]: On test.northwind_dw.not_null_bronze_customers_customer_id.254c74eb6e: /* {"app": "dbt", "dbt_version": "1.12.0", "profile_name": "northwind_dw", "target_name": "dev", "node_id": "test.northwind_dw.not_null_bronze_customers_customer_id.254c74eb6e"} */

    
    select
      count(*) as failures,
      count(*) != 0 as should_warn,
      count(*) != 0 as should_error
    from (
      
    
  
    
    



select customer_id
from `portifolio-482811`.`northwind_bronze`.`bronze_customers`
where customer_id is null



  
  
      
    ) dbt_internal_test
[0m01:55:46.481420 [debug] [Thread-4 (]: On test.northwind_dw.not_null_bronze_categories_category_id.a831d0caf8: /* {"app": "dbt", "dbt_version": "1.12.0", "profile_name": "northwind_dw", "target_name": "dev", "node_id": "test.northwind_dw.not_null_bronze_categories_category_id.a831d0caf8"} */

    
    select
      count(*) as failures,
      count(*) != 0 as should_warn,
      count(*) != 0 as should_error
    from (
      
    
  
    
    



select category_id
from `portifolio-482811`.`northwind_bronze`.`bronze_categories`
where category_id is null



  
  
      
    ) dbt_internal_test
[0m01:55:46.482507 [debug] [Thread-5 (]: Opening a new connection, currently in state closed
[0m01:55:46.483149 [debug] [Thread-7 (]: On test.northwind_dw.not_null_bronze_orders_order_id.24f68d0dd3: /* {"app": "dbt", "dbt_version": "1.12.0", "profile_name": "northwind_dw", "target_name": "dev", "node_id": "test.northwind_dw.not_null_bronze_orders_order_id.24f68d0dd3"} */

    
    select
      count(*) as failures,
      count(*) != 0 as should_warn,
      count(*) != 0 as should_error
    from (
      
    
  
    
    



select order_id
from `portifolio-482811`.`northwind_bronze`.`bronze_orders`
where order_id is null



  
  
      
    ) dbt_internal_test
[0m01:55:46.484389 [debug] [Thread-4 (]: Opening a new connection, currently in state closed
[0m01:55:46.484958 [debug] [Thread-6 (]: On test.northwind_dw.not_null_bronze_employees_employee_id.9a322d5ce7: /* {"app": "dbt", "dbt_version": "1.12.0", "profile_name": "northwind_dw", "target_name": "dev", "node_id": "test.northwind_dw.not_null_bronze_employees_employee_id.9a322d5ce7"} */

    
    select
      count(*) as failures,
      count(*) != 0 as should_warn,
      count(*) != 0 as should_error
    from (
      
    
  
    
    



select employee_id
from `portifolio-482811`.`northwind_bronze`.`bronze_employees`
where employee_id is null



  
  
      
    ) dbt_internal_test
[0m01:55:46.485967 [debug] [Thread-7 (]: Opening a new connection, currently in state init
[0m01:55:46.627382 [debug] [Thread-6 (]: Opening a new connection, currently in state closed
[0m01:55:47.845793 [debug] [Thread-4 (]: BigQuery adapter: https://console.cloud.google.com/bigquery?project=portifolio-482811&j=bq:US:36db05d6-3650-41c3-8e7b-ecb164b45045&page=queryresults
[0m01:55:47.863555 [debug] [Thread-6 (]: BigQuery adapter: https://console.cloud.google.com/bigquery?project=portifolio-482811&j=bq:US:11c40557-3a78-452f-aa13-eb13ed0e2931&page=queryresults
[0m01:55:47.994152 [debug] [Thread-5 (]: BigQuery adapter: https://console.cloud.google.com/bigquery?project=portifolio-482811&j=bq:US:39141162-98af-445d-a4a7-957f90f125cf&page=queryresults
[0m01:55:48.122542 [debug] [Thread-4 (]: SQL status: OK in 0.276 seconds
[0m01:55:48.188843 [debug] [Thread-6 (]: SQL status: OK in 0.324 seconds
[0m01:55:48.266716 [debug] [Thread-5 (]: SQL status: OK in 0.272 seconds
[0m01:55:48.334596 [debug] [Thread-7 (]: BigQuery adapter: https://console.cloud.google.com/bigquery?project=portifolio-482811&j=bq:US:c7d86e03-91e5-4dea-8718-3432c6a2963d&page=queryresults
[0m01:55:48.627724 [debug] [Thread-7 (]: SQL status: OK in 0.292 seconds
[0m01:55:48.714654 [info ] [Thread-4 (]: 1 of 22 PASS not_null_bronze_categories_category_id ............................ [[32mPASS[0m in 2.37s]
[0m01:55:48.716944 [debug] [Thread-4 (]: Finished running node test.northwind_dw.not_null_bronze_categories_category_id.a831d0caf8
[0m01:55:48.718776 [debug] [Thread-4 (]: Began running node test.northwind_dw.not_null_bronze_products_product_id.0e447b9d33
[0m01:55:48.720368 [info ] [Thread-4 (]: 5 of 22 START test not_null_bronze_products_product_id ......................... [RUN]
[0m01:55:48.721884 [debug] [Thread-4 (]: Re-using an available connection from the pool (formerly test.northwind_dw.not_null_bronze_categories_category_id.a831d0caf8, now test.northwind_dw.not_null_bronze_products_product_id.0e447b9d33)
[0m01:55:48.723050 [debug] [Thread-4 (]: Began compiling node test.northwind_dw.not_null_bronze_products_product_id.0e447b9d33
[0m01:55:48.741301 [debug] [Thread-4 (]: Writing injected SQL for node "test.northwind_dw.not_null_bronze_products_product_id.0e447b9d33"
[0m01:55:48.742409 [debug] [Thread-4 (]: Began executing node test.northwind_dw.not_null_bronze_products_product_id.0e447b9d33
[0m01:55:48.744743 [debug] [Thread-4 (]: Writing runtime sql for node "test.northwind_dw.not_null_bronze_products_product_id.0e447b9d33"
[0m01:55:48.745739 [debug] [Thread-4 (]: On test.northwind_dw.not_null_bronze_products_product_id.0e447b9d33: /* {"app": "dbt", "dbt_version": "1.12.0", "profile_name": "northwind_dw", "target_name": "dev", "node_id": "test.northwind_dw.not_null_bronze_products_product_id.0e447b9d33"} */

    
    select
      count(*) as failures,
      count(*) != 0 as should_warn,
      count(*) != 0 as should_error
    from (
      
    
  
    
    



select product_id
from `portifolio-482811`.`northwind_bronze`.`bronze_products`
where product_id is null



  
  
      
    ) dbt_internal_test
[0m01:55:48.746398 [debug] [Thread-4 (]: Opening a new connection, currently in state closed
[0m01:55:48.872716 [info ] [Thread-5 (]: 2 of 22 PASS not_null_bronze_customers_customer_id ............................. [[32mPASS[0m in 2.52s]
[0m01:55:48.879899 [debug] [Thread-5 (]: Finished running node test.northwind_dw.not_null_bronze_customers_customer_id.254c74eb6e
[0m01:55:48.876573 [info ] [Thread-6 (]: 3 of 22 PASS not_null_bronze_employees_employee_id ............................. [[32mPASS[0m in 2.53s]
[0m01:55:48.881819 [debug] [Thread-5 (]: Began running node test.northwind_dw.not_null_bronze_shippers_shipper_id.12dd4ad53a
[0m01:55:48.884463 [debug] [Thread-6 (]: Finished running node test.northwind_dw.not_null_bronze_employees_employee_id.9a322d5ce7
[0m01:55:48.886380 [info ] [Thread-5 (]: 6 of 22 START test not_null_bronze_shippers_shipper_id ......................... [RUN]
[0m01:55:48.888514 [debug] [Thread-6 (]: Began running node test.northwind_dw.not_null_bronze_suppliers_supplier_id.af94a66b50
[0m01:55:48.890101 [debug] [Thread-5 (]: Re-using an available connection from the pool (formerly test.northwind_dw.not_null_bronze_customers_customer_id.254c74eb6e, now test.northwind_dw.not_null_bronze_shippers_shipper_id.12dd4ad53a)
[0m01:55:48.891143 [info ] [Thread-6 (]: 7 of 22 START test not_null_bronze_suppliers_supplier_id ....................... [RUN]
[0m01:55:48.892532 [debug] [Thread-5 (]: Began compiling node test.northwind_dw.not_null_bronze_shippers_shipper_id.12dd4ad53a
[0m01:55:48.893600 [debug] [Thread-6 (]: Re-using an available connection from the pool (formerly test.northwind_dw.not_null_bronze_employees_employee_id.9a322d5ce7, now test.northwind_dw.not_null_bronze_suppliers_supplier_id.af94a66b50)
[0m01:55:48.907982 [debug] [Thread-5 (]: Writing injected SQL for node "test.northwind_dw.not_null_bronze_shippers_shipper_id.12dd4ad53a"
[0m01:55:48.909418 [debug] [Thread-6 (]: Began compiling node test.northwind_dw.not_null_bronze_suppliers_supplier_id.af94a66b50
[0m01:55:48.928451 [debug] [Thread-6 (]: Writing injected SQL for node "test.northwind_dw.not_null_bronze_suppliers_supplier_id.af94a66b50"
[0m01:55:48.929103 [debug] [Thread-5 (]: Began executing node test.northwind_dw.not_null_bronze_shippers_shipper_id.12dd4ad53a
[0m01:55:48.932576 [debug] [Thread-5 (]: Writing runtime sql for node "test.northwind_dw.not_null_bronze_shippers_shipper_id.12dd4ad53a"
[0m01:55:48.934133 [debug] [Thread-6 (]: Began executing node test.northwind_dw.not_null_bronze_suppliers_supplier_id.af94a66b50
[0m01:55:48.938801 [debug] [Thread-6 (]: Writing runtime sql for node "test.northwind_dw.not_null_bronze_suppliers_supplier_id.af94a66b50"
[0m01:55:48.939942 [debug] [Thread-5 (]: On test.northwind_dw.not_null_bronze_shippers_shipper_id.12dd4ad53a: /* {"app": "dbt", "dbt_version": "1.12.0", "profile_name": "northwind_dw", "target_name": "dev", "node_id": "test.northwind_dw.not_null_bronze_shippers_shipper_id.12dd4ad53a"} */

    
    select
      count(*) as failures,
      count(*) != 0 as should_warn,
      count(*) != 0 as should_error
    from (
      
    
  
    
    



select shipper_id
from `portifolio-482811`.`northwind_bronze`.`bronze_shippers`
where shipper_id is null



  
  
      
    ) dbt_internal_test
[0m01:55:48.941599 [debug] [Thread-5 (]: Opening a new connection, currently in state closed
[0m01:55:48.942735 [debug] [Thread-6 (]: On test.northwind_dw.not_null_bronze_suppliers_supplier_id.af94a66b50: /* {"app": "dbt", "dbt_version": "1.12.0", "profile_name": "northwind_dw", "target_name": "dev", "node_id": "test.northwind_dw.not_null_bronze_suppliers_supplier_id.af94a66b50"} */

    
    select
      count(*) as failures,
      count(*) != 0 as should_warn,
      count(*) != 0 as should_error
    from (
      
    
  
    
    



select supplier_id
from `portifolio-482811`.`northwind_bronze`.`bronze_suppliers`
where supplier_id is null



  
  
      
    ) dbt_internal_test
[0m01:55:49.042708 [debug] [Thread-6 (]: Opening a new connection, currently in state closed
[0m01:55:49.154256 [info ] [Thread-7 (]: 4 of 22 PASS not_null_bronze_orders_order_id ................................... [[32mPASS[0m in 2.80s]
[0m01:55:49.155975 [debug] [Thread-7 (]: Finished running node test.northwind_dw.not_null_bronze_orders_order_id.24f68d0dd3
[0m01:55:49.156903 [debug] [Thread-7 (]: Began running node test.northwind_dw.not_null_silver_dim_customers_customer_id.2c5ab665ef
[0m01:55:49.157706 [info ] [Thread-7 (]: 8 of 22 START test not_null_silver_dim_customers_customer_id ................... [RUN]
[0m01:55:49.158806 [debug] [Thread-7 (]: Re-using an available connection from the pool (formerly test.northwind_dw.not_null_bronze_orders_order_id.24f68d0dd3, now test.northwind_dw.not_null_silver_dim_customers_customer_id.2c5ab665ef)
[0m01:55:49.159634 [debug] [Thread-7 (]: Began compiling node test.northwind_dw.not_null_silver_dim_customers_customer_id.2c5ab665ef
[0m01:55:49.180246 [debug] [Thread-7 (]: Writing injected SQL for node "test.northwind_dw.not_null_silver_dim_customers_customer_id.2c5ab665ef"
[0m01:55:49.181978 [debug] [Thread-7 (]: Began executing node test.northwind_dw.not_null_silver_dim_customers_customer_id.2c5ab665ef
[0m01:55:49.187766 [debug] [Thread-7 (]: Writing runtime sql for node "test.northwind_dw.not_null_silver_dim_customers_customer_id.2c5ab665ef"
[0m01:55:49.189304 [debug] [Thread-7 (]: On test.northwind_dw.not_null_silver_dim_customers_customer_id.2c5ab665ef: /* {"app": "dbt", "dbt_version": "1.12.0", "profile_name": "northwind_dw", "target_name": "dev", "node_id": "test.northwind_dw.not_null_silver_dim_customers_customer_id.2c5ab665ef"} */

    
    select
      count(*) as failures,
      count(*) != 0 as should_warn,
      count(*) != 0 as should_error
    from (
      
    
  
    
    



select customer_id
from `portifolio-482811`.`northwind_silver`.`silver_dim_customers`
where customer_id is null



  
  
      
    ) dbt_internal_test
[0m01:55:49.190200 [debug] [Thread-7 (]: Opening a new connection, currently in state closed
[0m01:55:50.128956 [debug] [Thread-4 (]: BigQuery adapter: https://console.cloud.google.com/bigquery?project=portifolio-482811&j=bq:US:dfef5a69-5e61-4d2f-8057-294971618003&page=queryresults
[0m01:55:50.258819 [debug] [Thread-6 (]: BigQuery adapter: https://console.cloud.google.com/bigquery?project=portifolio-482811&j=bq:US:f11d7343-5fea-4b00-bae0-095b80b4252f&page=queryresults
[0m01:55:50.427588 [debug] [Thread-4 (]: SQL status: OK in 0.298 seconds
[0m01:55:50.496371 [debug] [Thread-5 (]: BigQuery adapter: https://console.cloud.google.com/bigquery?project=portifolio-482811&j=bq:US:2ccd8382-be25-4e38-b8d0-1bedf6879d4b&page=queryresults
[0m01:55:50.519507 [debug] [Thread-6 (]: SQL status: OK in 0.260 seconds
[0m01:55:50.603198 [debug] [Thread-7 (]: BigQuery adapter: https://console.cloud.google.com/bigquery?project=portifolio-482811&j=bq:US:7b7ca619-6bd1-43f8-a5d8-1fccfb0b3a99&page=queryresults
[0m01:55:50.773382 [debug] [Thread-5 (]: SQL status: OK in 0.276 seconds
[0m01:55:50.973426 [info ] [Thread-4 (]: 5 of 22 PASS not_null_bronze_products_product_id ............................... [[32mPASS[0m in 2.25s]
[0m01:55:50.974528 [debug] [Thread-4 (]: Finished running node test.northwind_dw.not_null_bronze_products_product_id.0e447b9d33
[0m01:55:50.975137 [debug] [Thread-4 (]: Began running node test.northwind_dw.not_null_silver_dim_employees_employee_id.1f3014084d
[0m01:55:50.975926 [info ] [Thread-4 (]: 9 of 22 START test not_null_silver_dim_employees_employee_id ................... [RUN]
[0m01:55:50.976843 [debug] [Thread-4 (]: Re-using an available connection from the pool (formerly test.northwind_dw.not_null_bronze_products_product_id.0e447b9d33, now test.northwind_dw.not_null_silver_dim_employees_employee_id.1f3014084d)
[0m01:55:50.977359 [debug] [Thread-4 (]: Began compiling node test.northwind_dw.not_null_silver_dim_employees_employee_id.1f3014084d
[0m01:55:50.987819 [debug] [Thread-4 (]: Writing injected SQL for node "test.northwind_dw.not_null_silver_dim_employees_employee_id.1f3014084d"
[0m01:55:50.988915 [debug] [Thread-4 (]: Began executing node test.northwind_dw.not_null_silver_dim_employees_employee_id.1f3014084d
[0m01:55:50.991113 [debug] [Thread-4 (]: Writing runtime sql for node "test.northwind_dw.not_null_silver_dim_employees_employee_id.1f3014084d"
[0m01:55:50.991986 [debug] [Thread-4 (]: On test.northwind_dw.not_null_silver_dim_employees_employee_id.1f3014084d: /* {"app": "dbt", "dbt_version": "1.12.0", "profile_name": "northwind_dw", "target_name": "dev", "node_id": "test.northwind_dw.not_null_silver_dim_employees_employee_id.1f3014084d"} */

    
    select
      count(*) as failures,
      count(*) != 0 as should_warn,
      count(*) != 0 as should_error
    from (
      
    
  
    
    



select employee_id
from `portifolio-482811`.`northwind_silver`.`silver_dim_employees`
where employee_id is null



  
  
      
    ) dbt_internal_test
[0m01:55:50.992630 [debug] [Thread-4 (]: Opening a new connection, currently in state closed
[0m01:55:51.073346 [info ] [Thread-6 (]: 7 of 22 PASS not_null_bronze_suppliers_supplier_id ............................. [[32mPASS[0m in 2.18s]
[0m01:55:51.077551 [debug] [Thread-6 (]: Finished running node test.northwind_dw.not_null_bronze_suppliers_supplier_id.af94a66b50
[0m01:55:51.081883 [debug] [Thread-6 (]: Began running node test.northwind_dw.not_null_silver_dim_products_product_id.223ad1b122
[0m01:55:51.083848 [info ] [Thread-6 (]: 10 of 22 START test not_null_silver_dim_products_product_id .................... [RUN]
[0m01:55:51.085686 [debug] [Thread-6 (]: Re-using an available connection from the pool (formerly test.northwind_dw.not_null_bronze_suppliers_supplier_id.af94a66b50, now test.northwind_dw.not_null_silver_dim_products_product_id.223ad1b122)
[0m01:55:51.086494 [debug] [Thread-6 (]: Began compiling node test.northwind_dw.not_null_silver_dim_products_product_id.223ad1b122
[0m01:55:51.096171 [debug] [Thread-6 (]: Writing injected SQL for node "test.northwind_dw.not_null_silver_dim_products_product_id.223ad1b122"
[0m01:55:51.097143 [debug] [Thread-6 (]: Began executing node test.northwind_dw.not_null_silver_dim_products_product_id.223ad1b122
[0m01:55:51.099104 [debug] [Thread-6 (]: Writing runtime sql for node "test.northwind_dw.not_null_silver_dim_products_product_id.223ad1b122"
[0m01:55:51.099912 [debug] [Thread-6 (]: On test.northwind_dw.not_null_silver_dim_products_product_id.223ad1b122: /* {"app": "dbt", "dbt_version": "1.12.0", "profile_name": "northwind_dw", "target_name": "dev", "node_id": "test.northwind_dw.not_null_silver_dim_products_product_id.223ad1b122"} */

    
    select
      count(*) as failures,
      count(*) != 0 as should_warn,
      count(*) != 0 as should_error
    from (
      
    
  
    
    



select product_id
from `portifolio-482811`.`northwind_silver`.`silver_dim_products`
where product_id is null



  
  
      
    ) dbt_internal_test
[0m01:55:51.100547 [debug] [Thread-6 (]: Opening a new connection, currently in state closed
[0m01:55:51.366786 [debug] [Thread-7 (]: SQL status: OK in 0.763 seconds
[0m01:55:51.371070 [info ] [Thread-5 (]: 6 of 22 PASS not_null_bronze_shippers_shipper_id ............................... [[32mPASS[0m in 2.48s]
[0m01:55:51.374501 [debug] [Thread-5 (]: Finished running node test.northwind_dw.not_null_bronze_shippers_shipper_id.12dd4ad53a
[0m01:55:51.375241 [debug] [Thread-5 (]: Began running node test.northwind_dw.not_null_silver_fact_orders_order_id.e48bb6feed
[0m01:55:51.375912 [info ] [Thread-5 (]: 11 of 22 START test not_null_silver_fact_orders_order_id ....................... [RUN]
[0m01:55:51.376798 [debug] [Thread-5 (]: Re-using an available connection from the pool (formerly test.northwind_dw.not_null_bronze_shippers_shipper_id.12dd4ad53a, now test.northwind_dw.not_null_silver_fact_orders_order_id.e48bb6feed)
[0m01:55:51.377327 [debug] [Thread-5 (]: Began compiling node test.northwind_dw.not_null_silver_fact_orders_order_id.e48bb6feed
[0m01:55:51.387079 [debug] [Thread-5 (]: Writing injected SQL for node "test.northwind_dw.not_null_silver_fact_orders_order_id.e48bb6feed"
[0m01:55:51.388229 [debug] [Thread-5 (]: Began executing node test.northwind_dw.not_null_silver_fact_orders_order_id.e48bb6feed
[0m01:55:51.390491 [debug] [Thread-5 (]: Writing runtime sql for node "test.northwind_dw.not_null_silver_fact_orders_order_id.e48bb6feed"
[0m01:55:51.391341 [debug] [Thread-5 (]: On test.northwind_dw.not_null_silver_fact_orders_order_id.e48bb6feed: /* {"app": "dbt", "dbt_version": "1.12.0", "profile_name": "northwind_dw", "target_name": "dev", "node_id": "test.northwind_dw.not_null_silver_fact_orders_order_id.e48bb6feed"} */

    
    select
      count(*) as failures,
      count(*) != 0 as should_warn,
      count(*) != 0 as should_error
    from (
      
    
  
    
    



select order_id
from `portifolio-482811`.`northwind_silver`.`silver_fact_orders`
where order_id is null



  
  
      
    ) dbt_internal_test
[0m01:55:51.391919 [debug] [Thread-5 (]: Opening a new connection, currently in state closed
[0m01:55:51.901849 [info ] [Thread-7 (]: 8 of 22 PASS not_null_silver_dim_customers_customer_id ......................... [[32mPASS[0m in 2.74s]
[0m01:55:51.903434 [debug] [Thread-7 (]: Finished running node test.northwind_dw.not_null_silver_dim_customers_customer_id.2c5ab665ef
[0m01:55:51.904249 [debug] [Thread-7 (]: Began running node test.northwind_dw.not_null_silver_fact_orders_product_id.c60b4af2ac
[0m01:55:51.905043 [info ] [Thread-7 (]: 12 of 22 START test not_null_silver_fact_orders_product_id ..................... [RUN]
[0m01:55:51.905798 [debug] [Thread-7 (]: Re-using an available connection from the pool (formerly test.northwind_dw.not_null_silver_dim_customers_customer_id.2c5ab665ef, now test.northwind_dw.not_null_silver_fact_orders_product_id.c60b4af2ac)
[0m01:55:51.906409 [debug] [Thread-7 (]: Began compiling node test.northwind_dw.not_null_silver_fact_orders_product_id.c60b4af2ac
[0m01:55:51.916671 [debug] [Thread-7 (]: Writing injected SQL for node "test.northwind_dw.not_null_silver_fact_orders_product_id.c60b4af2ac"
[0m01:55:51.917716 [debug] [Thread-7 (]: Began executing node test.northwind_dw.not_null_silver_fact_orders_product_id.c60b4af2ac
[0m01:55:51.920360 [debug] [Thread-7 (]: Writing runtime sql for node "test.northwind_dw.not_null_silver_fact_orders_product_id.c60b4af2ac"
[0m01:55:51.921500 [debug] [Thread-7 (]: On test.northwind_dw.not_null_silver_fact_orders_product_id.c60b4af2ac: /* {"app": "dbt", "dbt_version": "1.12.0", "profile_name": "northwind_dw", "target_name": "dev", "node_id": "test.northwind_dw.not_null_silver_fact_orders_product_id.c60b4af2ac"} */

    
    select
      count(*) as failures,
      count(*) != 0 as should_warn,
      count(*) != 0 as should_error
    from (
      
    
  
    
    



select product_id
from `portifolio-482811`.`northwind_silver`.`silver_fact_orders`
where product_id is null



  
  
      
    ) dbt_internal_test
[0m01:55:51.922133 [debug] [Thread-7 (]: Opening a new connection, currently in state closed
[0m01:55:52.078124 [debug] [Thread-4 (]: BigQuery adapter: https://console.cloud.google.com/bigquery?project=portifolio-482811&j=bq:US:28ba9fd3-df36-4e7d-87f5-692a4d19c7ef&page=queryresults
[0m01:55:52.130509 [debug] [Thread-6 (]: BigQuery adapter: https://console.cloud.google.com/bigquery?project=portifolio-482811&j=bq:US:e4e9e790-eacd-47a3-b963-2b94b818c1d5&page=queryresults
[0m01:55:52.329473 [debug] [Thread-5 (]: BigQuery adapter: https://console.cloud.google.com/bigquery?project=portifolio-482811&j=bq:US:63afc44f-8e31-44cd-bffc-1e7b09643199&page=queryresults
[0m01:55:52.330820 [debug] [Thread-4 (]: SQL status: OK in 0.252 seconds
[0m01:55:52.369666 [debug] [Thread-6 (]: SQL status: OK in 0.238 seconds
[0m01:55:52.593959 [debug] [Thread-5 (]: SQL status: OK in 0.263 seconds
[0m01:55:52.849962 [debug] [Thread-7 (]: BigQuery adapter: https://console.cloud.google.com/bigquery?project=portifolio-482811&j=bq:US:2aa32ba0-f85d-46d1-b4c9-068f86c2aad9&page=queryresults
[0m01:55:52.876142 [info ] [Thread-4 (]: 9 of 22 PASS not_null_silver_dim_employees_employee_id ......................... [[32mPASS[0m in 1.90s]
[0m01:55:52.878534 [debug] [Thread-4 (]: Finished running node test.northwind_dw.not_null_silver_dim_employees_employee_id.1f3014084d
[0m01:55:52.879257 [debug] [Thread-4 (]: Began running node test.northwind_dw.unique_bronze_categories_category_id.73fe8c9fc1
[0m01:55:52.880048 [info ] [Thread-4 (]: 13 of 22 START test unique_bronze_categories_category_id ....................... [RUN]
[0m01:55:52.880828 [debug] [Thread-4 (]: Re-using an available connection from the pool (formerly test.northwind_dw.not_null_silver_dim_employees_employee_id.1f3014084d, now test.northwind_dw.unique_bronze_categories_category_id.73fe8c9fc1)
[0m01:55:52.881395 [debug] [Thread-4 (]: Began compiling node test.northwind_dw.unique_bronze_categories_category_id.73fe8c9fc1
[0m01:55:52.894059 [debug] [Thread-4 (]: Writing injected SQL for node "test.northwind_dw.unique_bronze_categories_category_id.73fe8c9fc1"
[0m01:55:52.895091 [debug] [Thread-4 (]: Began executing node test.northwind_dw.unique_bronze_categories_category_id.73fe8c9fc1
[0m01:55:52.897194 [debug] [Thread-4 (]: Writing runtime sql for node "test.northwind_dw.unique_bronze_categories_category_id.73fe8c9fc1"
[0m01:55:52.898031 [debug] [Thread-4 (]: On test.northwind_dw.unique_bronze_categories_category_id.73fe8c9fc1: /* {"app": "dbt", "dbt_version": "1.12.0", "profile_name": "northwind_dw", "target_name": "dev", "node_id": "test.northwind_dw.unique_bronze_categories_category_id.73fe8c9fc1"} */

    
    select
      count(*) as failures,
      count(*) != 0 as should_warn,
      count(*) != 0 as should_error
    from (
      
    
  
    
    

with dbt_test__target as (

  select category_id as unique_field
  from `portifolio-482811`.`northwind_bronze`.`bronze_categories`
  where category_id is not null

)

select
    unique_field,
    count(*) as n_records

from dbt_test__target
group by unique_field
having count(*) > 1



  
  
      
    ) dbt_internal_test
[0m01:55:52.898598 [debug] [Thread-4 (]: Opening a new connection, currently in state closed
[0m01:55:52.997764 [info ] [Thread-6 (]: 10 of 22 PASS not_null_silver_dim_products_product_id .......................... [[32mPASS[0m in 1.91s]
[0m01:55:52.999141 [debug] [Thread-6 (]: Finished running node test.northwind_dw.not_null_silver_dim_products_product_id.223ad1b122
[0m01:55:52.999771 [debug] [Thread-6 (]: Began running node test.northwind_dw.unique_bronze_customers_customer_id.f8660c11fe
[0m01:55:53.000562 [info ] [Thread-6 (]: 14 of 22 START test unique_bronze_customers_customer_id ........................ [RUN]
[0m01:55:53.001416 [debug] [Thread-6 (]: Re-using an available connection from the pool (formerly test.northwind_dw.not_null_silver_dim_products_product_id.223ad1b122, now test.northwind_dw.unique_bronze_customers_customer_id.f8660c11fe)
[0m01:55:53.001976 [debug] [Thread-6 (]: Began compiling node test.northwind_dw.unique_bronze_customers_customer_id.f8660c11fe
[0m01:55:53.012966 [debug] [Thread-6 (]: Writing injected SQL for node "test.northwind_dw.unique_bronze_customers_customer_id.f8660c11fe"
[0m01:55:53.014019 [debug] [Thread-6 (]: Began executing node test.northwind_dw.unique_bronze_customers_customer_id.f8660c11fe
[0m01:55:53.016342 [debug] [Thread-6 (]: Writing runtime sql for node "test.northwind_dw.unique_bronze_customers_customer_id.f8660c11fe"
[0m01:55:53.017225 [debug] [Thread-6 (]: On test.northwind_dw.unique_bronze_customers_customer_id.f8660c11fe: /* {"app": "dbt", "dbt_version": "1.12.0", "profile_name": "northwind_dw", "target_name": "dev", "node_id": "test.northwind_dw.unique_bronze_customers_customer_id.f8660c11fe"} */

    
    select
      count(*) as failures,
      count(*) != 0 as should_warn,
      count(*) != 0 as should_error
    from (
      
    
  
    
    

with dbt_test__target as (

  select customer_id as unique_field
  from `portifolio-482811`.`northwind_bronze`.`bronze_customers`
  where customer_id is not null

)

select
    unique_field,
    count(*) as n_records

from dbt_test__target
group by unique_field
having count(*) > 1



  
  
      
    ) dbt_internal_test
[0m01:55:53.017858 [debug] [Thread-6 (]: Opening a new connection, currently in state closed
[0m01:55:53.157138 [debug] [Thread-7 (]: SQL status: OK in 0.306 seconds
[0m01:55:53.163083 [info ] [Thread-5 (]: 11 of 22 PASS not_null_silver_fact_orders_order_id ............................. [[32mPASS[0m in 1.79s]
[0m01:55:53.164380 [debug] [Thread-5 (]: Finished running node test.northwind_dw.not_null_silver_fact_orders_order_id.e48bb6feed
[0m01:55:53.165041 [debug] [Thread-5 (]: Began running node test.northwind_dw.unique_bronze_employees_employee_id.7c9377f0ec
[0m01:55:53.165860 [info ] [Thread-5 (]: 15 of 22 START test unique_bronze_employees_employee_id ........................ [RUN]
[0m01:55:53.167015 [debug] [Thread-5 (]: Re-using an available connection from the pool (formerly test.northwind_dw.not_null_silver_fact_orders_order_id.e48bb6feed, now test.northwind_dw.unique_bronze_employees_employee_id.7c9377f0ec)
[0m01:55:53.167574 [debug] [Thread-5 (]: Began compiling node test.northwind_dw.unique_bronze_employees_employee_id.7c9377f0ec
[0m01:55:53.182259 [debug] [Thread-5 (]: Writing injected SQL for node "test.northwind_dw.unique_bronze_employees_employee_id.7c9377f0ec"
[0m01:55:53.184467 [debug] [Thread-5 (]: Began executing node test.northwind_dw.unique_bronze_employees_employee_id.7c9377f0ec
[0m01:55:53.186967 [debug] [Thread-5 (]: Writing runtime sql for node "test.northwind_dw.unique_bronze_employees_employee_id.7c9377f0ec"
[0m01:55:53.188241 [debug] [Thread-5 (]: On test.northwind_dw.unique_bronze_employees_employee_id.7c9377f0ec: /* {"app": "dbt", "dbt_version": "1.12.0", "profile_name": "northwind_dw", "target_name": "dev", "node_id": "test.northwind_dw.unique_bronze_employees_employee_id.7c9377f0ec"} */

    
    select
      count(*) as failures,
      count(*) != 0 as should_warn,
      count(*) != 0 as should_error
    from (
      
    
  
    
    

with dbt_test__target as (

  select employee_id as unique_field
  from `portifolio-482811`.`northwind_bronze`.`bronze_employees`
  where employee_id is not null

)

select
    unique_field,
    count(*) as n_records

from dbt_test__target
group by unique_field
having count(*) > 1



  
  
      
    ) dbt_internal_test
[0m01:55:53.189037 [debug] [Thread-5 (]: Opening a new connection, currently in state closed
[0m01:55:53.650963 [info ] [Thread-7 (]: 12 of 22 PASS not_null_silver_fact_orders_product_id ........................... [[32mPASS[0m in 1.74s]
[0m01:55:53.652281 [debug] [Thread-7 (]: Finished running node test.northwind_dw.not_null_silver_fact_orders_product_id.c60b4af2ac
[0m01:55:53.653397 [debug] [Thread-7 (]: Began running node test.northwind_dw.unique_bronze_orders_order_id.eec6e86d13
[0m01:55:53.654279 [info ] [Thread-7 (]: 16 of 22 START test unique_bronze_orders_order_id .............................. [RUN]
[0m01:55:53.655134 [debug] [Thread-7 (]: Re-using an available connection from the pool (formerly test.northwind_dw.not_null_silver_fact_orders_product_id.c60b4af2ac, now test.northwind_dw.unique_bronze_orders_order_id.eec6e86d13)
[0m01:55:53.655733 [debug] [Thread-7 (]: Began compiling node test.northwind_dw.unique_bronze_orders_order_id.eec6e86d13
[0m01:55:53.665158 [debug] [Thread-7 (]: Writing injected SQL for node "test.northwind_dw.unique_bronze_orders_order_id.eec6e86d13"
[0m01:55:53.666260 [debug] [Thread-7 (]: Began executing node test.northwind_dw.unique_bronze_orders_order_id.eec6e86d13
[0m01:55:53.668723 [debug] [Thread-7 (]: Writing runtime sql for node "test.northwind_dw.unique_bronze_orders_order_id.eec6e86d13"
[0m01:55:53.670292 [debug] [Thread-7 (]: On test.northwind_dw.unique_bronze_orders_order_id.eec6e86d13: /* {"app": "dbt", "dbt_version": "1.12.0", "profile_name": "northwind_dw", "target_name": "dev", "node_id": "test.northwind_dw.unique_bronze_orders_order_id.eec6e86d13"} */

    
    select
      count(*) as failures,
      count(*) != 0 as should_warn,
      count(*) != 0 as should_error
    from (
      
    
  
    
    

with dbt_test__target as (

  select order_id as unique_field
  from `portifolio-482811`.`northwind_bronze`.`bronze_orders`
  where order_id is not null

)

select
    unique_field,
    count(*) as n_records

from dbt_test__target
group by unique_field
having count(*) > 1



  
  
      
    ) dbt_internal_test
[0m01:55:53.672202 [debug] [Thread-7 (]: Opening a new connection, currently in state closed
[0m01:55:54.008617 [debug] [Thread-6 (]: BigQuery adapter: https://console.cloud.google.com/bigquery?project=portifolio-482811&j=bq:US:ae1a810f-2666-438d-9955-8dda85ed87d9&page=queryresults
[0m01:55:54.073559 [debug] [Thread-4 (]: BigQuery adapter: https://console.cloud.google.com/bigquery?project=portifolio-482811&j=bq:US:b53ee662-3441-49e9-ae01-d372146f4213&page=queryresults
[0m01:55:54.234374 [debug] [Thread-6 (]: SQL status: OK in 0.225 seconds
[0m01:55:54.340786 [debug] [Thread-5 (]: BigQuery adapter: https://console.cloud.google.com/bigquery?project=portifolio-482811&j=bq:US:a22889fe-f3f7-43ff-8dba-2ac96bbfac50&page=queryresults
[0m01:55:54.383548 [debug] [Thread-4 (]: SQL status: OK in 0.309 seconds
[0m01:55:54.571177 [debug] [Thread-5 (]: SQL status: OK in 0.229 seconds
[0m01:55:54.722068 [debug] [Thread-7 (]: BigQuery adapter: https://console.cloud.google.com/bigquery?project=portifolio-482811&j=bq:US:1acdee1b-dd41-43a2-8f6e-006cdb6f4e3e&page=queryresults
[0m01:55:54.740857 [info ] [Thread-6 (]: 14 of 22 PASS unique_bronze_customers_customer_id .............................. [[32mPASS[0m in 1.74s]
[0m01:55:54.742017 [debug] [Thread-6 (]: Finished running node test.northwind_dw.unique_bronze_customers_customer_id.f8660c11fe
[0m01:55:54.742650 [debug] [Thread-6 (]: Began running node test.northwind_dw.unique_bronze_products_product_id.c17035ba1c
[0m01:55:54.743386 [info ] [Thread-6 (]: 17 of 22 START test unique_bronze_products_product_id .......................... [RUN]
[0m01:55:54.744190 [debug] [Thread-6 (]: Re-using an available connection from the pool (formerly test.northwind_dw.unique_bronze_customers_customer_id.f8660c11fe, now test.northwind_dw.unique_bronze_products_product_id.c17035ba1c)
[0m01:55:54.744758 [debug] [Thread-6 (]: Began compiling node test.northwind_dw.unique_bronze_products_product_id.c17035ba1c
[0m01:55:54.755102 [debug] [Thread-6 (]: Writing injected SQL for node "test.northwind_dw.unique_bronze_products_product_id.c17035ba1c"
[0m01:55:54.756298 [debug] [Thread-6 (]: Began executing node test.northwind_dw.unique_bronze_products_product_id.c17035ba1c
[0m01:55:54.758534 [debug] [Thread-6 (]: Writing runtime sql for node "test.northwind_dw.unique_bronze_products_product_id.c17035ba1c"
[0m01:55:54.759353 [debug] [Thread-6 (]: On test.northwind_dw.unique_bronze_products_product_id.c17035ba1c: /* {"app": "dbt", "dbt_version": "1.12.0", "profile_name": "northwind_dw", "target_name": "dev", "node_id": "test.northwind_dw.unique_bronze_products_product_id.c17035ba1c"} */

    
    select
      count(*) as failures,
      count(*) != 0 as should_warn,
      count(*) != 0 as should_error
    from (
      
    
  
    
    

with dbt_test__target as (

  select product_id as unique_field
  from `portifolio-482811`.`northwind_bronze`.`bronze_products`
  where product_id is not null

)

select
    unique_field,
    count(*) as n_records

from dbt_test__target
group by unique_field
having count(*) > 1



  
  
      
    ) dbt_internal_test
[0m01:55:54.760076 [debug] [Thread-6 (]: Opening a new connection, currently in state closed
[0m01:55:54.951980 [info ] [Thread-4 (]: 13 of 22 PASS unique_bronze_categories_category_id ............................. [[32mPASS[0m in 2.07s]
[0m01:55:54.953671 [debug] [Thread-4 (]: Finished running node test.northwind_dw.unique_bronze_categories_category_id.73fe8c9fc1
[0m01:55:54.954486 [debug] [Thread-4 (]: Began running node test.northwind_dw.unique_bronze_shippers_shipper_id.16aac97069
[0m01:55:54.955161 [info ] [Thread-4 (]: 18 of 22 START test unique_bronze_shippers_shipper_id .......................... [RUN]
[0m01:55:54.955910 [debug] [Thread-4 (]: Re-using an available connection from the pool (formerly test.northwind_dw.unique_bronze_categories_category_id.73fe8c9fc1, now test.northwind_dw.unique_bronze_shippers_shipper_id.16aac97069)
[0m01:55:54.956620 [debug] [Thread-4 (]: Began compiling node test.northwind_dw.unique_bronze_shippers_shipper_id.16aac97069
[0m01:55:54.966262 [debug] [Thread-4 (]: Writing injected SQL for node "test.northwind_dw.unique_bronze_shippers_shipper_id.16aac97069"
[0m01:55:54.967284 [debug] [Thread-4 (]: Began executing node test.northwind_dw.unique_bronze_shippers_shipper_id.16aac97069
[0m01:55:54.969365 [debug] [Thread-4 (]: Writing runtime sql for node "test.northwind_dw.unique_bronze_shippers_shipper_id.16aac97069"
[0m01:55:54.970626 [debug] [Thread-4 (]: On test.northwind_dw.unique_bronze_shippers_shipper_id.16aac97069: /* {"app": "dbt", "dbt_version": "1.12.0", "profile_name": "northwind_dw", "target_name": "dev", "node_id": "test.northwind_dw.unique_bronze_shippers_shipper_id.16aac97069"} */

    
    select
      count(*) as failures,
      count(*) != 0 as should_warn,
      count(*) != 0 as should_error
    from (
      
    
  
    
    

with dbt_test__target as (

  select shipper_id as unique_field
  from `portifolio-482811`.`northwind_bronze`.`bronze_shippers`
  where shipper_id is not null

)

select
    unique_field,
    count(*) as n_records

from dbt_test__target
group by unique_field
having count(*) > 1



  
  
      
    ) dbt_internal_test
[0m01:55:54.971579 [debug] [Thread-4 (]: Opening a new connection, currently in state closed
[0m01:55:55.054084 [debug] [Thread-7 (]: SQL status: OK in 0.331 seconds
[0m01:55:55.062697 [info ] [Thread-5 (]: 15 of 22 PASS unique_bronze_employees_employee_id .............................. [[32mPASS[0m in 1.90s]
[0m01:55:55.064250 [debug] [Thread-5 (]: Finished running node test.northwind_dw.unique_bronze_employees_employee_id.7c9377f0ec
[0m01:55:55.064890 [debug] [Thread-5 (]: Began running node test.northwind_dw.unique_bronze_suppliers_supplier_id.5dde350bab
[0m01:55:55.065593 [info ] [Thread-5 (]: 19 of 22 START test unique_bronze_suppliers_supplier_id ........................ [RUN]
[0m01:55:55.066401 [debug] [Thread-5 (]: Re-using an available connection from the pool (formerly test.northwind_dw.unique_bronze_employees_employee_id.7c9377f0ec, now test.northwind_dw.unique_bronze_suppliers_supplier_id.5dde350bab)
[0m01:55:55.066973 [debug] [Thread-5 (]: Began compiling node test.northwind_dw.unique_bronze_suppliers_supplier_id.5dde350bab
[0m01:55:55.079860 [debug] [Thread-5 (]: Writing injected SQL for node "test.northwind_dw.unique_bronze_suppliers_supplier_id.5dde350bab"
[0m01:55:55.081142 [debug] [Thread-5 (]: Began executing node test.northwind_dw.unique_bronze_suppliers_supplier_id.5dde350bab
[0m01:55:55.083372 [debug] [Thread-5 (]: Writing runtime sql for node "test.northwind_dw.unique_bronze_suppliers_supplier_id.5dde350bab"
[0m01:55:55.084313 [debug] [Thread-5 (]: On test.northwind_dw.unique_bronze_suppliers_supplier_id.5dde350bab: /* {"app": "dbt", "dbt_version": "1.12.0", "profile_name": "northwind_dw", "target_name": "dev", "node_id": "test.northwind_dw.unique_bronze_suppliers_supplier_id.5dde350bab"} */

    
    select
      count(*) as failures,
      count(*) != 0 as should_warn,
      count(*) != 0 as should_error
    from (
      
    
  
    
    

with dbt_test__target as (

  select supplier_id as unique_field
  from `portifolio-482811`.`northwind_bronze`.`bronze_suppliers`
  where supplier_id is not null

)

select
    unique_field,
    count(*) as n_records

from dbt_test__target
group by unique_field
having count(*) > 1



  
  
      
    ) dbt_internal_test
[0m01:55:55.084906 [debug] [Thread-5 (]: Opening a new connection, currently in state closed
[0m01:55:55.526451 [info ] [Thread-7 (]: 16 of 22 PASS unique_bronze_orders_order_id .................................... [[32mPASS[0m in 1.87s]
[0m01:55:55.527493 [debug] [Thread-7 (]: Finished running node test.northwind_dw.unique_bronze_orders_order_id.eec6e86d13
[0m01:55:55.528248 [debug] [Thread-7 (]: Began running node test.northwind_dw.unique_silver_dim_customers_customer_id.1db70683c6
[0m01:55:55.528930 [info ] [Thread-7 (]: 20 of 22 START test unique_silver_dim_customers_customer_id .................... [RUN]
[0m01:55:55.529633 [debug] [Thread-7 (]: Re-using an available connection from the pool (formerly test.northwind_dw.unique_bronze_orders_order_id.eec6e86d13, now test.northwind_dw.unique_silver_dim_customers_customer_id.1db70683c6)
[0m01:55:55.530208 [debug] [Thread-7 (]: Began compiling node test.northwind_dw.unique_silver_dim_customers_customer_id.1db70683c6
[0m01:55:55.544129 [debug] [Thread-7 (]: Writing injected SQL for node "test.northwind_dw.unique_silver_dim_customers_customer_id.1db70683c6"
[0m01:55:55.545250 [debug] [Thread-7 (]: Began executing node test.northwind_dw.unique_silver_dim_customers_customer_id.1db70683c6
[0m01:55:55.547368 [debug] [Thread-7 (]: Writing runtime sql for node "test.northwind_dw.unique_silver_dim_customers_customer_id.1db70683c6"
[0m01:55:55.548250 [debug] [Thread-7 (]: On test.northwind_dw.unique_silver_dim_customers_customer_id.1db70683c6: /* {"app": "dbt", "dbt_version": "1.12.0", "profile_name": "northwind_dw", "target_name": "dev", "node_id": "test.northwind_dw.unique_silver_dim_customers_customer_id.1db70683c6"} */

    
    select
      count(*) as failures,
      count(*) != 0 as should_warn,
      count(*) != 0 as should_error
    from (
      
    
  
    
    

with dbt_test__target as (

  select customer_id as unique_field
  from `portifolio-482811`.`northwind_silver`.`silver_dim_customers`
  where customer_id is not null

)

select
    unique_field,
    count(*) as n_records

from dbt_test__target
group by unique_field
having count(*) > 1



  
  
      
    ) dbt_internal_test
[0m01:55:55.548863 [debug] [Thread-7 (]: Opening a new connection, currently in state closed
[0m01:55:56.017323 [debug] [Thread-4 (]: BigQuery adapter: https://console.cloud.google.com/bigquery?project=portifolio-482811&j=bq:US:069a436d-a45a-4a6e-9422-c6abdfa9c532&page=queryresults
[0m01:55:56.063057 [debug] [Thread-6 (]: BigQuery adapter: https://console.cloud.google.com/bigquery?project=portifolio-482811&j=bq:US:72dd9871-e4b8-4b0b-b430-2ef4bcf307c5&page=queryresults
[0m01:55:56.113772 [debug] [Thread-5 (]: BigQuery adapter: https://console.cloud.google.com/bigquery?project=portifolio-482811&j=bq:US:e934037f-530c-4f6f-bb28-1d22250e2044&page=queryresults
[0m01:55:56.248743 [debug] [Thread-4 (]: SQL status: OK in 0.230 seconds
[0m01:55:56.368901 [debug] [Thread-6 (]: SQL status: OK in 0.305 seconds
[0m01:55:56.461214 [debug] [Thread-5 (]: SQL status: OK in 0.347 seconds
[0m01:55:56.560837 [debug] [Thread-7 (]: BigQuery adapter: https://console.cloud.google.com/bigquery?project=portifolio-482811&j=bq:US:873adc4b-255b-4960-ad52-5bc072104c12&page=queryresults
[0m01:55:56.736395 [info ] [Thread-4 (]: 18 of 22 PASS unique_bronze_shippers_shipper_id ................................ [[32mPASS[0m in 1.78s]
[0m01:55:56.738049 [debug] [Thread-4 (]: Finished running node test.northwind_dw.unique_bronze_shippers_shipper_id.16aac97069
[0m01:55:56.738789 [debug] [Thread-4 (]: Began running node test.northwind_dw.unique_silver_dim_employees_employee_id.dc831d0e51
[0m01:55:56.739549 [info ] [Thread-4 (]: 21 of 22 START test unique_silver_dim_employees_employee_id .................... [RUN]
[0m01:55:56.740364 [debug] [Thread-4 (]: Re-using an available connection from the pool (formerly test.northwind_dw.unique_bronze_shippers_shipper_id.16aac97069, now test.northwind_dw.unique_silver_dim_employees_employee_id.dc831d0e51)
[0m01:55:56.740909 [debug] [Thread-4 (]: Began compiling node test.northwind_dw.unique_silver_dim_employees_employee_id.dc831d0e51
[0m01:55:56.750521 [debug] [Thread-4 (]: Writing injected SQL for node "test.northwind_dw.unique_silver_dim_employees_employee_id.dc831d0e51"
[0m01:55:56.751564 [debug] [Thread-4 (]: Began executing node test.northwind_dw.unique_silver_dim_employees_employee_id.dc831d0e51
[0m01:55:56.753875 [debug] [Thread-4 (]: Writing runtime sql for node "test.northwind_dw.unique_silver_dim_employees_employee_id.dc831d0e51"
[0m01:55:56.755012 [debug] [Thread-4 (]: On test.northwind_dw.unique_silver_dim_employees_employee_id.dc831d0e51: /* {"app": "dbt", "dbt_version": "1.12.0", "profile_name": "northwind_dw", "target_name": "dev", "node_id": "test.northwind_dw.unique_silver_dim_employees_employee_id.dc831d0e51"} */

    
    select
      count(*) as failures,
      count(*) != 0 as should_warn,
      count(*) != 0 as should_error
    from (
      
    
  
    
    

with dbt_test__target as (

  select employee_id as unique_field
  from `portifolio-482811`.`northwind_silver`.`silver_dim_employees`
  where employee_id is not null

)

select
    unique_field,
    count(*) as n_records

from dbt_test__target
group by unique_field
having count(*) > 1



  
  
      
    ) dbt_internal_test
[0m01:55:56.755710 [debug] [Thread-4 (]: Opening a new connection, currently in state closed
[0m01:55:56.830848 [debug] [Thread-7 (]: SQL status: OK in 0.269 seconds
[0m01:55:56.960354 [info ] [Thread-6 (]: 17 of 22 PASS unique_bronze_products_product_id ................................ [[32mPASS[0m in 2.22s]
[0m01:55:56.961873 [debug] [Thread-6 (]: Finished running node test.northwind_dw.unique_bronze_products_product_id.c17035ba1c
[0m01:55:56.962611 [debug] [Thread-6 (]: Began running node test.northwind_dw.unique_silver_dim_products_product_id.1cca5c8850
[0m01:55:56.963376 [info ] [Thread-6 (]: 22 of 22 START test unique_silver_dim_products_product_id ...................... [RUN]
[0m01:55:56.964404 [debug] [Thread-6 (]: Re-using an available connection from the pool (formerly test.northwind_dw.unique_bronze_products_product_id.c17035ba1c, now test.northwind_dw.unique_silver_dim_products_product_id.1cca5c8850)
[0m01:55:56.965279 [debug] [Thread-6 (]: Began compiling node test.northwind_dw.unique_silver_dim_products_product_id.1cca5c8850
[0m01:55:56.975720 [debug] [Thread-6 (]: Writing injected SQL for node "test.northwind_dw.unique_silver_dim_products_product_id.1cca5c8850"
[0m01:55:56.976773 [debug] [Thread-6 (]: Began executing node test.northwind_dw.unique_silver_dim_products_product_id.1cca5c8850
[0m01:55:56.978888 [debug] [Thread-6 (]: Writing runtime sql for node "test.northwind_dw.unique_silver_dim_products_product_id.1cca5c8850"
[0m01:55:56.979751 [debug] [Thread-6 (]: On test.northwind_dw.unique_silver_dim_products_product_id.1cca5c8850: /* {"app": "dbt", "dbt_version": "1.12.0", "profile_name": "northwind_dw", "target_name": "dev", "node_id": "test.northwind_dw.unique_silver_dim_products_product_id.1cca5c8850"} */

    
    select
      count(*) as failures,
      count(*) != 0 as should_warn,
      count(*) != 0 as should_error
    from (
      
    
  
    
    

with dbt_test__target as (

  select product_id as unique_field
  from `portifolio-482811`.`northwind_silver`.`silver_dim_products`
  where product_id is not null

)

select
    unique_field,
    count(*) as n_records

from dbt_test__target
group by unique_field
having count(*) > 1



  
  
      
    ) dbt_internal_test
[0m01:55:56.980430 [debug] [Thread-6 (]: Opening a new connection, currently in state closed
[0m01:55:57.161520 [info ] [Thread-5 (]: 19 of 22 PASS unique_bronze_suppliers_supplier_id .............................. [[32mPASS[0m in 2.09s]
[0m01:55:57.169708 [debug] [Thread-5 (]: Finished running node test.northwind_dw.unique_bronze_suppliers_supplier_id.5dde350bab
[0m01:55:57.364921 [info ] [Thread-7 (]: 20 of 22 PASS unique_silver_dim_customers_customer_id .......................... [[32mPASS[0m in 1.83s]
[0m01:55:57.366143 [debug] [Thread-7 (]: Finished running node test.northwind_dw.unique_silver_dim_customers_customer_id.1db70683c6
[0m01:55:57.927228 [debug] [Thread-4 (]: BigQuery adapter: https://console.cloud.google.com/bigquery?project=portifolio-482811&j=bq:US:1d25a079-f8c5-4897-ade1-b24422606e9c&page=queryresults
[0m01:55:57.968782 [debug] [Thread-6 (]: BigQuery adapter: https://console.cloud.google.com/bigquery?project=portifolio-482811&j=bq:US:53f2af26-23eb-4d35-9679-e433314bc93f&page=queryresults
[0m01:55:58.223246 [debug] [Thread-4 (]: SQL status: OK in 0.295 seconds
[0m01:55:58.281156 [debug] [Thread-6 (]: SQL status: OK in 0.311 seconds
[0m01:55:58.741681 [info ] [Thread-4 (]: 21 of 22 PASS unique_silver_dim_employees_employee_id .......................... [[32mPASS[0m in 2.00s]
[0m01:55:58.742786 [debug] [Thread-4 (]: Finished running node test.northwind_dw.unique_silver_dim_employees_employee_id.dc831d0e51
[0m01:55:58.814127 [info ] [Thread-6 (]: 22 of 22 PASS unique_silver_dim_products_product_id ............................ [[32mPASS[0m in 1.85s]
[0m01:55:58.815397 [debug] [Thread-6 (]: Finished running node test.northwind_dw.unique_silver_dim_products_product_id.1cca5c8850
[0m01:55:58.818567 [debug] [MainThread]: Opening a new connection, currently in state closed
[0m01:55:58.889320 [debug] [MainThread]: Connection 'master' was properly closed.
[0m01:55:58.889871 [debug] [MainThread]: Connection 'test.northwind_dw.unique_silver_dim_products_product_id.1cca5c8850' was properly closed.
[0m01:55:58.890269 [debug] [MainThread]: Connection 'test.northwind_dw.unique_silver_dim_employees_employee_id.dc831d0e51' was properly closed.
[0m01:55:58.890661 [debug] [MainThread]: Connection 'test.northwind_dw.unique_bronze_suppliers_supplier_id.5dde350bab' was properly closed.
[0m01:55:58.891048 [debug] [MainThread]: Connection 'test.northwind_dw.unique_silver_dim_customers_customer_id.1db70683c6' was properly closed.
[0m01:55:58.891551 [info ] [MainThread]: 
[0m01:55:58.892073 [info ] [MainThread]: Finished running 22 data tests in 0 hours 0 minutes and 13.87 seconds (13.87s).
[0m01:55:58.898014 [debug] [MainThread]: Command end result
[0m01:55:58.993070 [debug] [MainThread]: Wrote artifact WritableManifest to /app/dbt/northwind_dw/target/manifest.json
[0m01:55:58.996525 [debug] [MainThread]: Wrote artifact SemanticManifest to /app/dbt/northwind_dw/target/semantic_manifest.json
[0m01:55:58.999500 [debug] [MainThread]: Wrote artifact OsiDocument to /app/dbt/northwind_dw/target/osi_document.json
[0m01:55:59.011798 [debug] [MainThread]: Wrote artifact RunExecutionResult to /app/dbt/northwind_dw/target/run_results.json
[0m01:55:59.012359 [info ] [MainThread]: 
[0m01:55:59.013134 [info ] [MainThread]: [32mCompleted successfully[0m
[0m01:55:59.013828 [info ] [MainThread]: 
[0m01:55:59.014415 [info ] [MainThread]: Done. PASS=22 WARN=0 ERROR=0 SKIP=0 NO-OP=0 REUSED=0 TOTAL=22
[0m01:55:59.015468 [debug] [MainThread]: Resource report: {"command_name": "test", "command_success": true, "command_wall_clock_time": 16.58035, "process_in_blocks": "16", "process_kernel_time": 1.182158, "process_mem_max_rss": "270648", "process_out_blocks": "4296", "process_user_time": 9.22729}
[0m01:55:59.016119 [debug] [MainThread]: Command `dbt test` succeeded at 01:55:59.015962 after 16.58 seconds
[0m01:55:59.016658 [debug] [MainThread]: Sending event: {'category': 'dbt', 'action': 'invocation', 'label': 'end', 'context': [<snowplow_tracker.self_describing_json.SelfDescribingJson object at 0x74234f4edbd0>, <snowplow_tracker.self_describing_json.SelfDescribingJson object at 0x74234f55a550>, <snowplow_tracker.self_describing_json.SelfDescribingJson object at 0x742350ca2d50>]}
[0m01:55:59.017291 [debug] [MainThread]: Flushing usage events
[0m01:55:59.594839 [debug] [MainThread]: An error was encountered while trying to flush usage events
